state,dist,lat,lon,a_true,a_lcc,a_laea,err_lcc,err_laea,k,err_density,bande
24,Kachchh,23.7348961,69.8357630882983,42865912954.9069,41121119000.9654,42766200499.1034,-0.0407035295335237,-0.00232614795603381,0.979436812901412,0.0209949093476207,"(20,24]"
24,Banas Kantha,24.27075035,72.1491226585353,10680897050.214,10246774204.4023,10657271538.3243,-0.0406447926396794,-0.00221194079285569,0.97946679747724,0.0209636534649733,"(24,28]"
24,Patan,23.7725474,71.793839922948,5678872235.58562,5447482742.2266,5665803293.96916,-0.040745676916107,-0.00230132693152851,0.979415296533545,0.021017339160732,"(20,24]"
24,Mahesana,23.5716086,72.4565619765027,4436998147.25034,4256260921.03124,4426664469.68735,-0.0407341225353242,-0.00232897946315125,0.979421195127344,0.0210111900528964,"(20,24]"
24,Sabar Kantha,23.7794246,73.1251569394963,7731002787.15559,7416171008.65581,7713086376.8147,-0.0407232783595478,-0.00231747560234419,0.979426731124106,0.0210054190090172,"(20,24]"
24,Gandhinagar,23.28133075,72.6558454075064,2102193877.72561,2016662091.42011,2097168990.62916,-0.0406869162791225,-0.00239030621756609,0.979445293888779,0.0209860685833818,"(20,24]"
24,Ahmadabad,22.7511159,72.2979782419727,8142909970.47968,7813779785.24091,8122715135.60074,-0.0404192342088956,-0.00248005135168461,0.979581934189838,0.020843652886523,"(20,24]"
24,Surendranagar,22.8272112,71.4852624496038,10625679720.3271,10195519379.9625,10599475158.6492,-0.0404830892410285,-0.00246615391839455,0.979549340645468,0.0208776204586651,"(20,24]"
24,Rajkot,22.3554248,70.7626065234872,11159675592.0058,10712249712.3447,11131172248.4884,-0.0400930901595029,-0.00255413728493681,0.979748391088496,0.0206702140015809,"(20,24]"
24,Jamnagar,22.3385616,70.0555265439958,10892234600.4196,10455292450.0767,10864392522.0003,-0.0401150146294128,-0.00255614017147565,0.979737202197909,0.0206818703593512,"(20,24]"
24,Porbandar,21.60452625,69.8512872394912,2338520253.74183,2246113083.7045,2332315635.54328,-0.0395152318606055,-0.00265322405851509,0.980043248096427,0.020363133915096,"(20,24]"
24,Junagadh,21.1844757,70.4433290606276,8808489671.85786,8465859887.22057,8784482021.49486,-0.0388976768323802,-0.00272551268802601,0.980358262660962,0.020035264746711,"(20,24]"
24,Amreli,21.4198766,71.2760333129598,7393583682.49634,7103718599.55459,7373695166.17178,-0.0392049505881676,-0.00268996973303293,0.980201535099712,0.020198361450509,"(20,24]"
24,Bhavnagar,21.66925735,71.945701093026,8898921484.18535,8547263376.50952,8875340364.62155,-0.0395169356534689,-0.00264988511312347,0.980042378852329,0.0203640389215032,"(20,24]"
24,Anand,22.4486421,72.7342774913589,3134621479.10721,3008390720.85578,3126698721.46293,-0.0402698568528215,-0.00252750059204376,0.979658176685714,0.0207642051058095,"(20,24]"
24,Kheda,22.8935083,73.0385635942471,4001121760.16054,3838911460.25018,3991305197.19747,-0.040541205600266,-0.00245345269439634,0.979519675351003,0.0209085383013448,"(20,24]"
24,Panch Mahals,22.8729994,73.6277355464282,5289562111.15761,5075133605.27386,5276610708.23228,-0.0405380448093134,-0.00244848300353862,0.97952128878891,0.0209068566916095,"(20,24]"
24,Dohad,22.9191868,74.1356073858037,3601711938.75313,3455727560.27291,3592866061.73415,-0.0405319417440008,-0.00245602012859536,0.979524404114568,0.0209036097512454,"(20,24]"
24,Vadodara,22.3180411,73.3559609251901,7579323217.72322,7275336381.94634,7559925901.40434,-0.0401073851905477,-0.00255924120949547,0.979741095805138,0.0206778140486326,"(20,24]"
24,Narmada,21.7388173,73.6293101390221,2866677496.00006,2753130883.26529,2859108944.66183,-0.0396091338817153,-0.00264018235353791,0.979995339845188,0.0204130155945155,"(20,24]"
24,Bharuch,21.84170475,72.8683168045187,5433000421.97397,5217424780.32933,5418713180.75001,-0.0396789296707463,-0.0026297147274601,0.979959728932395,0.0204500965457399,"(20,24]"
24,The Dangs,20.78575525,73.7129386932259,1764519302.7471,1696955889.00453,1759601039.09078,-0.038289982794399,-0.00278731076993999,0.980668148358863,0.0197129392582889,"(20,24]"
24,Navsari,20.827421,73.033172240582,2219931041.47893,2134893264.07933,2213746872.66066,-0.038306495026508,-0.00278574816186727,0.980659729454357,0.0197216934322411,"(20,24]"
24,Valsad,20.4446357,73.1657354539329,3050293101.44779,2935622990.83205,3041610297.96365,-0.0375931449214874,-0.00284654726459632,0.981023371321251,0.0193437070242184,"(20,24]"
24,Surat,21.19310065,72.9462796240217,4318355313.82204,4149910736.9335,4306631406.02224,-0.0390066505989889,-0.00271490114819217,0.980302682543005,0.0200930975786973,"(20,24]"
24,Tapi,21.1896506,73.5594062083892,3219482667.11804,3094258765.01186,3210704143.11348,-0.0388956596614549,-0.00272668776701668,0.980359291453162,0.0200341943184172,"(20,24]"
21,Bargarh,21.2365492,83.5694780174478,5894309624.55393,5664818839.34716,5878265606.33902,-0.0389342942302832,-0.00272195036176448,0.980339586964495,0.0200546966550448,"(20,24]"
21,Jharsuguda,21.7988566,84.0067211801675,2170046635.5248,2083906216.62105,2164342360.48514,-0.0396951924873802,-0.00262864168275567,0.979951431200863,0.0204587371994232,"(20,24]"
21,Sambalpur,21.5562522,84.1563100811746,6606239544.89701,6347005252.0816,6588498230.12399,-0.0392408254429183,-0.0026855391259204,0.98018323519487,0.0202174084330164,"(20,24]"
21,Debagarh,21.4471541,84.7075552135343,3019706549.01507,2901103069.27899,3011602158.28019,-0.0392764918746046,-0.00268383387701254,0.980165041268763,0.0202363458153558,"(20,24]"
21,Sundargarh,22.0572327,83.9047809920893,9716624479.79415,9328302183.1082,9691509081.1115,-0.0399647323505672,-0.00258478638696713,0.979813894394968,0.020601979335573,"(20,24]"
21,Kendujhar,21.5858201,85.6642855853873,8398504505.61097,8068012167.41853,8376061386.71607,-0.0393513318914871,-0.00267227562715577,0.980126863272563,0.0202760861599922,"(20,24]"
21,Mayurbhanj,21.91633875,86.3945570274494,10478122466.0844,10061412300.5962,10450724856.0318,-0.0397695452440969,-0.00261474421025931,0.979913493506393,0.0204982446172186,"(20,24]"
21,Baleshwar,21.52281005,86.8824414626785,3685716183.89583,3540799366.21476,3675846030.01262,-0.0393184961756587,-0.00267794734883253,0.980143613877243,0.0202586496933952,"(20,24]"
21,Bhadrak,20.98327245,86.597561780043,2537851625.35645,2439909992.01096,2530850627.83051,-0.0385923402167899,-0.0027586315354251,0.980513977352292,0.0198732737092919,"(20,24]"
21,Kendrapara,20.5478468,86.5272055238343,2573723827.1484,2476297758.08877,2566452065.15107,-0.0378541271724484,-0.00282538550586697,0.980890346994786,0.0194819462376825,"(20,24]"
21,Jagatsinghapur,20.1796298,86.3406535444402,1744132334.37138,1679243095.63459,1739114724.52193,-0.0372043092476534,-0.00287685157288087,0.98122152990665,0.0191378496302834,"(20,24]"
21,Cuttack,20.36726435,85.4667285416028,3833448524.40967,3689082575.84135,3822556096.1014,-0.0376595505715192,-0.00284141765277646,0.980989525646671,0.0193788759781071,"(20,24]"
21,Jajapur,20.87414415,86.122497400682,2890389061.57689,2779476855.87509,2882355465.10719,-0.0383727599776107,-0.00277941699146855,0.98062594296826,0.0197568269233184,"(20,24]"
21,Dhenkanal,20.8297259,85.6177069617622,4424889565.65335,4255362933.01516,4412567159.49094,-0.0383120595718535,-0.00278479405634313,0.980656892306451,0.0197246435988991,"(20,24]"
21,Anugul,21.1025406,84.9608257084136,6337670656.53983,6093237510.92935,6320181724.0519,-0.038568294071615,-0.00275952056137263,0.98052623928602,0.0198605197227157,"(20,24]"
21,Nayagarh,20.24275475,85.0524651219059,3888074191.73488,3743460966.9996,3876887535.14748,-0.0371940497027293,-0.00287717158566136,0.981226757837999,0.0191324197103691,"(20,24]"
21,Khordha,20.0523342,85.5065251467181,2821063246.37019,2716836188.67209,2812895806.80709,-0.0369460194953847,-0.00289516357834474,0.981353137511984,0.0190011747812731,"(20,24]"
21,Puri,19.83132525,85.6581111675612,3539245737.14229,3410148689.80024,3528882987.61118,-0.0364758643309936,-0.00292795423113967,0.981592652615639,0.0187525317506312,"(16,20]"
21,Ganjam,19.6124125,84.705594909051,8509268208.46055,8204037609.72632,8484032838.51946,-0.0358703699609263,-0.00296563339206957,0.981901028637344,0.0184325821389286,"(16,20]"
21,Gajapati,19.1986278,84.1754922234273,4247786571.19176,4100080339.56574,4234914668.69749,-0.0347725172040781,-0.00303026112035953,0.982459914091115,0.0178532331521242,"(16,20]"
21,Kandhamal,20.13531685,84.0831172709336,7966092759.61708,7671275590.47154,7943072388.42563,-0.0370090052980638,-0.00288979451860583,0.981321045683795,0.0190344988506688,"(20,24]"
21,Baudh,20.6419205,83.9995491949008,3074614042.51149,2957733533.90259,3065968872.46993,-0.0380146928989599,-0.00281179033271284,0.980808496650106,0.0195670239556873,"(20,24]"
21,Subarnapur,20.8485776,83.8483067007458,2354114198.35879,2263493601.42743,2347598138.0117,-0.0384945628357947,-0.00276794573161809,0.980563836353455,0.0198214159302721,"(20,24]"
21,Balangir,20.6109914,83.1774888218671,6417109599.86926,6173834052.32086,6399013691.25371,-0.0379104554413956,-0.00281994694557108,0.980861633747902,0.0195117900360413,"(20,24]"
21,Nuapada,20.5481327,82.5440072033806,3939308759.02599,3790878816.00941,3928128398.47231,-0.0376791848764037,-0.00283815289371736,0.980979518197804,0.0193892751574865,"(20,24]"
21,Kalahandi,19.8196635,83.0388221902387,7923284426.8105,7634567377.53833,7900074661.53351,-0.0364390615961256,-0.0029293111324461,0.981611398876294,0.0187330761895763,"(16,20]"
21,Rayagada,19.44231265,83.5836458859786,7405803107.08374,7144721737.00029,7383560079.5438,-0.035253620209498,-0.00300345920872103,0.982215037448777,0.0181069947752155,"(16,20]"
21,Nabarangapur,19.6125904,82.2991277819047,5420816362.52956,5226918373.16205,5404703776.3139,-0.0357691492203643,-0.00297235418765252,0.981952570534665,0.0183791254352628,"(16,20]"
21,Koraput,18.72041925,82.603542085871,8683234453.94502,8390148786.96367,8656455936.46142,-0.0337530523373342,-0.00308393348419067,0.982978609972092,0.017316134710593,"(16,20]"
21,Malkangiri,18.2696939,81.9358603230655,5849766503.76875,5662100753.6768,5831269320.70352,-0.0320808958735445,-0.00316203784429836,0.983828798179061,0.0164370079945513,"(16,20]"
22,Koriya,23.4375473,82.306497784766,6563685039.31784,6296413095.63567,6548246526.46508,-0.0407198002465318,-0.0023521105537937,0.979428506708615,0.0210035680506333,"(20,24]"
22,Surguja,23.36317155,83.3554038104796,15802837574.5015,15159942666.0483,15765357084.9923,-0.0406822449083793,-0.00237175692862346,0.979447678588101,0.0209835827489278,"(20,24]"
22,Jashpur,22.7731453,83.9696035843312,5881145425.85244,5642979716.71947,5866643666.13182,-0.0404964835737668,-0.00246580532711771,0.979542503634341,0.0208847459806558,"(20,24]"
22,Raigarh,22.0727809,83.3120899291371,7055253821.241,6773374645.32479,7037035949.28408,-0.0399530878772311,-0.00258217102013747,0.979819836563217,0.0205957898419025,"(20,24]"
22,Korba,22.52317985,82.6349982859662,6630160736.72833,6362709073.77134,6613521094.08283,-0.0403386393749734,-0.00250968917741679,0.979623070688429,0.0208007854462342,"(20,24]"
22,Janjgir - Champa,21.9753796,82.6607129347869,3870813686.36492,3716663061.47241,3860714685.22508,-0.039823829660289,-0.00260901246046041,0.979885794539196,0.0205270915987339,"(20,24]"
22,Bilaspur,22.4155823,81.8365291284885,8411157387.08974,8073186243.98594,8389788061.60983,-0.0401812886800287,-0.00254059275037599,0.979703379253114,0.0207171080315749,"(20,24]"
22,Kabeerdham,22.1163133,81.250387409534,4177000883.44904,4009998314.16148,4166215976.91155,-0.0399814541455547,-0.00258197372670599,0.979805361209279,0.0206108678215404,"(20,24]"
22,Rajnandgaon,20.9764006,80.6929936783288,8193720377.26208,7877317971.23748,8171180960.81352,-0.0386152311107215,-0.0027508159188725,0.980502304377342,0.0198854153994461,"(20,24]"
22,Durg,21.20377655,81.3970338954493,8454000673.04662,8125462034.46191,8430964246.92251,-0.0388619129913457,-0.00272491415780851,0.980376502680809,0.020016286870943,"(20,24]"
22,Raipur,20.83443145,82.1319480804232,12580476998.4928,12094484509.0079,12545944853.4478,-0.0386306886092754,-0.00274489950175372,0.980494421906991,0.0198936145450699,"(20,24]"
22,Mahasamund,21.19519815,82.4889367538191,4713798350.68716,4530310525.74737,4700958488.29107,-0.0389256839790439,-0.00272388877097785,0.980343978418267,0.020050127316992,"(20,24]"
22,Dhamtari,20.53923095,81.7128922060516,4170966729.96794,4013083907.91951,4159186616.10595,-0.0378528126139343,-0.00282431259337446,0.980891017078893,0.0194812497906378,"(20,24]"
22,Uttar Bastar Kanker,20.1287963,80.9800244172949,7166101568.96137,6900682462.53638,7145403809.54212,-0.0370381446412374,-0.0028882871977276,0.981306198573494,0.0190499167881344,"(20,24]"
22,Bastar,19.44737225,81.792882833639,10593890107.2177,10219337027.958,10562158659.6237,-0.0353555752862257,-0.00299525927424726,0.982163135489097,0.0181607961716266,"(16,20]"
22,Narayanpur,19.5288501,81.1429707845107,4925718497.76306,4750342465.58808,4911025720.15548,-0.0356041524205308,-0.0029828699334431,0.982036581589234,0.0182920053565574,"(16,20]"
22,Dakshin Bastar Dantewada,18.48923125,81.4201628470962,8629688968.19244,8347377082.76912,8602655653.30619,-0.0327140278709775,-0.00313259434794111,0.983506976146597,0.0167696053545277,"(16,20]"
22,Bijapur,18.7669669,80.7237155765909,8217401354.69566,7939719760.84927,8192080101.0201,-0.0337918986624288,-0.00308141863620748,0.982958850276842,0.0173365850649378,"(16,20]"
23,Sheopur,25.7447512,76.9162875735018,6676505066.60693,6412699057.10054,6663486789.7755,-0.0395125903260128,-0.00194986399344388,0.980044595757758,0.0203617308116604,"(24,28]"
23,Morena,26.3791937,77.8771665715156,5138582183.77359,4940253935.87487,5129182729.32067,-0.0385959085221972,-0.00182919220064215,0.980512157740944,0.0198751663660699,"(24,28]"
23,Bhind,26.3537789,78.6891649539985,4544303022.8577,4369030346.61352,4536005989.22966,-0.0385697598427234,-0.00182580993967751,0.980525491844693,0.0198612971486027,"(24,28]"
23,Gwalior,26.02021295,78.173821083831,4484437367.04807,4308837641.23881,4475924249.83544,-0.0391575824203895,-0.00189836907416563,0.980225697265487,0.0201732139747783,"(24,28]"
23,Datia,25.86576315,78.6335140917613,2893764285.35884,2779532548.69253,2888137811.69841,-0.0394751352915189,-0.00194434415024392,0.980063704413382,0.0203418364508772,"(24,28]"
23,Shivpuri,25.370108,77.8312710218705,10026888816.9738,9626459138.61256,10006621256.0282,-0.0399355857704736,-0.00202132100151375,0.979828767810747,0.0205864869984602,"(24,28]"
23,Tikamgarh,25.0062556,78.9854056368253,5035673040.9358,4832965635.46756,5025162937.46799,-0.0402542825597293,-0.00208712983991899,0.979666125493921,0.0207559228362901,"(24,28]"
23,Chhatarpur,24.7615275,79.6809134215564,8793681660.66933,8438642641.98619,8775033232.67234,-0.0403743315238592,-0.00212066216592754,0.979604853232231,0.020819769012449,"(24,28]"
23,Panna,24.45287575,80.141698406993,6944345455.99317,6662576672.38445,6929155929.94762,-0.0405752832134158,-0.00218732292939761,0.979502280133428,0.0209266688626595,"(24,28]"
23,Sagar,23.80684165,78.7539225463678,10490360279.9845,10063216318.1475,10466363323.5902,-0.040717759012716,-0.00228752452287462,0.979429548761566,0.0210024817654773,"(20,24]"
23,Damoh,23.7976885,79.5433047805906,7415794378.80176,7113812020.72242,7398781379.49662,-0.040721511769873,-0.00229415736684468,0.979427632972507,0.021004478876155,"(20,24]"
23,Satna,24.5814306,80.8106028915401,7689366419.88176,7377710981.60439,7672693422.91756,-0.0405307045157252,-0.00216831869542411,0.979525035659771,0.0209029515273576,"(24,28]"
23,Rewa,24.7531928,81.659586371071,6353061849.31767,6096244334.30302,6339531046.51711,-0.0404242113654588,-0.00212980813369734,0.979579393737201,0.0208463003543722,"(24,28]"
23,Umaria,23.6419427,80.9341723897784,4710574536.51958,4518695602.4374,4699563966.59123,-0.0407336584093093,-0.00233741549846855,0.979421432066243,0.0210109430527194,"(20,24]"
23,Neemuch,24.6423932,75.1969461723954,4460785208.62504,4280043948.35118,4451152835.29247,-0.0405178128559955,-0.00215934479739976,0.9795316162044,0.0208960930479334,"(24,28]"
23,Mandsaur,24.26102855,75.3666579600349,5348382927.27943,5130869174.20394,5336467970.94544,-0.0406690687695638,-0.00222776799941204,0.979454404875712,0.0209765712645853,"(24,28]"
23,Ratlam,23.49105615,74.9237195456713,4832368585.8362,4635559369.55707,4821024128.02133,-0.0407272774796151,-0.002347597790475,0.979424689560348,0.0210075472458098,"(20,24]"
23,Ujjain,23.28607955,75.6088300561472,6158934866.87406,5908268417.8065,6144292203.66751,-0.04069964279307,-0.00237746680603801,0.979438797070511,0.0209928409932167,"(20,24]"
23,Shajapur,23.7205155,76.1273423697405,6233847263.44954,5979957910.42058,6219299079.41424,-0.0407275543174718,-0.00233374085383864,0.979424548233568,0.0210076945728397,"(20,24]"
23,Dewas,22.8027669,76.3074991391485,7201374288.01244,6909973810.41739,7183550849.63399,-0.0404645649484037,-0.00247500514007748,0.97955879611772,0.0208677661446099,"(20,24]"
23,Dhar,22.57153145,75.2414022258877,8167294549.02156,7838144308.32981,8146739210.14168,-0.0403010126200463,-0.00251678677149592,0.979642275210678,0.0207807740687223,"(20,24]"
23,Indore,22.70437425,75.8078778896552,3801905667.85282,3648105816.03381,3792475056.75586,-0.0404533581986198,-0.00248049581469123,0.979564516405826,0.02086180466107,"(20,24]"
23,Khargone (West Nimar),21.9723723,75.7491105160902,8265442497.60067,7936612969.95774,8243850372.02269,-0.0397836568022074,-0.0026123375226732,0.979906293069798,0.0205057433270008,"(20,24]"
23,Barwani,21.76035115,74.8925756360884,5189063009.03298,4983166455.2302,5175415785.90639,-0.0396789465543901,-0.00262999757428939,0.979959720317937,0.0204501055161337,"(20,24]"
23,Rajgarh,23.87190045,76.7772821394542,6266976996.32575,6011692686.24772,6252651135.93095,-0.0407348407737421,-0.00228592835161179,0.979420828462545,0.0210115722878381,"(20,24]"
23,Vidisha,23.8430503,77.8311485121197,7241248982.41019,6946324089.66623,7224729594.88486,-0.0407284563008902,-0.00228128981139286,0.979424087767454,0.0210081745890562,"(20,24]"
23,Bhopal,23.4866048,77.4034226265465,2721430702.44215,2610608367.48713,2715028756.11432,-0.0407220859438289,-0.0023524193807648,0.979427339855372,0.0210047844362458,"(20,24]"
23,Sehore,23.1242241,77.0833710308423,6560322648.1906,6294056262.99336,6544358494.22252,-0.0405873917299909,-0.002433440369352,0.97949609916018,0.0209331112777273,"(20,24]"
23,Raisen,23.26772375,78.1839790059658,8433719907.75174,8090709702.52189,8413514846.68032,-0.0406712825398171,-0.00239574722571179,0.979453274771279,0.020977749279075,"(20,24]"
23,Betul,21.88261235,77.8699688164588,10175952501.821,9771344660.21414,10149327301.1405,-0.0397611763158768,-0.00261648240552848,0.979917763735367,0.0204937975489707,"(20,24]"
23,Harda,22.2463274,77.103965479334,3325247311.07561,3191873527.93453,3316735808.20067,-0.0401094326719237,-0.00255966010305186,0.979740050895173,0.0206789026194405,"(20,24]"
23,Hoshangabad,22.60281385,77.9259579742018,6692987951.93292,6422719057.78497,6676251733.60831,-0.0403809025339563,-0.00250056005550936,0.979601499317985,0.020823264047898,"(20,24]"
23,Katni,23.72289295,80.2555155386792,5138411027.41996,4929052993.62912,5126573029.23648,-0.0407437304399447,-0.00230382468827595,0.979416290225997,0.0210163032608464,"(20,24]"
23,Jabalpur,23.2280482,79.9780580771262,4934877223.15205,4734131750.5089,4923067085.62642,-0.0406789193662895,-0.00239319784294079,0.979449376248569,0.0209818130980317,"(20,24]"
23,Narsimhapur,22.924409,79.0893907952284,5147168201.73761,4938344933.32576,5134588946.00894,-0.040570515714127,-0.00244391774965125,0.979504713763989,0.0209241323170903,"(20,24]"
23,Dindori,22.90781735,80.8865884426088,5680229375.33829,5449943879.39222,5666305691.78393,-0.0405415839272086,-0.00245125374950728,0.979519482232381,0.0209087395800878,"(20,24]"
23,Mandla,22.6902839,80.5783635547951,7625112789.95426,7317028435.34332,7606107686.87924,-0.0404039078630853,-0.00249243566600865,0.979589757060023,0.0208355005683532,"(20,24]"
23,Chhindwara,22.13420455,78.8188903029264,11775047829.5761,11304220053.9766,11744692730.9249,-0.0399852113056303,-0.0025779172272169,0.9798034439082,0.02061286497549,"(20,24]"
23,Seoni,22.28057165,79.692332789617,8796805801.78021,8443551009.20072,8774413461.16409,-0.0401571661963933,-0.00254550812200272,0.979715690291631,0.0207042817721244,"(20,24]"
23,Balaghat,21.86088195,80.3149750320769,9277778972.82362,8908924135.49751,9253495433.08754,-0.0397568036926244,-0.0026173871793248,0.979919994850281,0.0204914740542532,"(20,24]"
23,Guna,24.5026194,77.2580555429046,6448802731.23786,6187512359.6883,6434843746.13539,-0.0405176561354363,-0.00216458553381615,0.9795316962021,0.0208960096720308,"(24,28]"
23,Ashoknagar,24.61885755,77.8845592139784,4836201642.65329,4640304980.61964,4825778872.9208,-0.0405063056730141,-0.00215515615406936,0.979537490005863,0.0208899712394006,"(24,28]"
23,Shahdol,23.6533861,81.4306066810632,5705773291.58522,5473418107.02985,5692504853.98021,-0.04072282102376,-0.00232544072940644,0.979426964595237,0.0210051756266123,"(20,24]"
23,Anuppur,23.0377577,81.7565529671235,3857038825.97408,3700361496.11844,3847693347.02522,-0.0406211440757458,-0.00242296729966129,0.979478869564961,0.0209510700768392,"(20,24]"
23,Sidhi,24.2145362,81.7109574504241,4685544561.59713,4495016196.11496,4675126458.691,-0.0406630142937361,-0.00222345615737241,0.979457495609822,0.0209733495146598,"(24,28]"
23,Singrauli,24.2442725,82.3908813190598,5777233536.12411,5542309351.22195,5764382834.66399,-0.0406637854317672,-0.00222436939406445,0.979457101954053,0.0209737598563151,"(24,28]"
23,Jhabua,22.8869013,74.726729875087,3517585582.98544,3374953260.3879,3508964044.61802,-0.0405483588764553,-0.0024509818351337,0.979516023923828,0.020912344031,"(20,24]"
23,Alirajpur,22.2896635,74.3604201745413,3325343643.94915,3191747020.61803,3316876071.26892,-0.0401752834099463,-0.00254637522820755,0.979706444089276,0.0207139149008952,"(20,24]"
23,Khandwa (East Nimar),21.98212695,76.5656675037094,7316761786.43274,7025377438.47755,7297682645.57469,-0.0398242223076737,-0.00260759355230455,0.979885594185528,0.0205273002622213,"(20,24]"
23,Burhanpur,21.34381925,76.3739560064846,3247235461.83337,3120065110.98148,3238476356.3867,-0.0391626515374682,-0.00269740385309725,0.980223111573346,0.0201759050497294,"(20,24]"
02,Chamba,32.69303015,76.1642015366759,6474845362.89067,6369524913.98273,6471125519.15809,-0.0162660948648383,-0.000574506961030785,0.991833607585043,0.0082336314806275,"(32,38]"
02,Kangra,32.0773604,76.2162815037246,5745866313.24545,5634689921.34746,5741876717.3139,-0.0193489346665976,-0.000694341934540876,0.990278276714885,0.00981716302751345,"(32,38]"
02,Lahul & Spiti,32.50115315,77.5804467716732,13952381103.6746,13710495248.4294,13943790533.2435,-0.0173365286862356,-0.000615706406472349,0.991293837019965,0.00878262595297441,"(32,38]"
02,Kullu,31.87818105,77.4423391126608,5506013064.49879,5393740024.56793,5501953792.92757,-0.0203909868385115,-0.00073724335988179,0.989751995785555,0.0103541132102609,"(28,32]"
02,Mandi,31.6546165,77.0099658939601,3949924498.58153,3864088978.51181,3946791616.07467,-0.0217309267811432,-0.000793149972357021,0.989074857237235,0.0110458199223484,"(28,32]"
02,Hamirpur,31.6544043,76.5397725156791,1110267547.10062,1086294534.2663,1109393926.1988,-0.0215921044408831,-0.000786856198855102,0.989145032621161,0.0109740907762277,"(28,32]"
02,Una,31.58158325,76.2337448295769,1561461943.90017,1527068828.77554,1560204258.95403,-0.0220262269336649,-0.000805453473302853,0.988925564977635,0.0111984515463661,"(28,32]"
02,Bilaspur,31.4008102,76.6415356218533,1197376397.28845,1169805734.99473,1196360199.20063,-0.0230258942435785,-0.000848687255001757,0.988420004733019,0.011715662584256,"(28,32]"
02,Solan,31.0572419,76.8452080479095,1947139346.44806,1899365155.94699,1945354802.01658,-0.024535578610855,-0.000916495491059544,0.987656023820614,0.0124982543331584,"(28,32]"
02,Sirmaur,30.69445775,77.4528125398563,2864914214.4754,2789874807.57988,2862065717.61322,-0.0261925493323216,-0.000994269513477031,0.986816827312789,0.0133592905211299,"(28,32]"
02,Shimla,31.24107225,77.7207855008108,5138529977.44,5016116814.15572,5133985332.62869,-0.023822603706063,-0.000884425084851204,0.988016900813917,0.0121284354308229,"(28,32]"
02,Kinnaur,31.59177175,78.3319904086643,6475891953.76797,6333886338.69988,6470700731.44617,-0.021928348416231,-0.000801622750790876,0.988975051042123,0.0111478534734117,"(28,32]"
03,Gurdaspur,32.0521812,75.3105630538232,3642857864.23843,3570652015.52501,3640257905.49068,-0.0198212094471912,-0.000713714024714873,0.990039792408774,0.0100604113769938,"(32,38]"
03,Kapurthala,31.3882901,75.3006348256321,1570113530.27529,1533833866.21692,1568775275.08482,-0.023106395403146,-0.000852330207125274,0.988379281752129,0.0117573470654613,"(28,32]"
03,Jalandhar,31.2930605,75.5564080615977,2633734012.93328,2571190440.39781,2631413901.42847,-0.0237471104630692,-0.000880920963704734,0.988055104504263,0.0120893009319858,"(28,32]"
03,Hoshiarpur,31.6082637,75.8357969931352,3393233990.44292,3319282516.64713,3390533077.17701,-0.0217938031989766,-0.000795970237689736,0.98904307125677,0.0110783130296919,"(28,32]"
03,Shahid Bhagat Singh Nagar,31.1267225,76.1541878595181,1266288062.02873,1235582367.54415,1265144251.42959,-0.0242485856143869,-0.000903278356194859,0.987801303089651,0.0123493428002104,"(28,32]"
03,Fatehgarh Sahib,30.65555395,76.3795182014309,1141898512.08864,1111859978.53652,1140757081.6057,-0.026305782198786,-0.00099959013070039,0.986759452856274,0.0134182116070938,"(28,32]"
03,Ludhiana,30.79084765,75.8245917979419,3746536178.87361,3650698722.90233,3742920710.65516,-0.0255802830656484,-0.000965016229879767,0.987127001420968,0.0130408737280021,"(28,32]"
03,Moga,30.79871495,75.1536341589424,2106743067.30214,2052465413.56002,2104691478.52656,-0.0257637747025457,-0.00097382011476832,0.987034054781016,0.0131362693679908,"(28,32]"
03,Firozpur,30.5572082,74.2317176565207,5324902137.92739,5183240391.71432,5319493542.36385,-0.0266036337464434,-0.00101571736408446,0.986608517221272,0.0135732487050126,"(28,32]"
03,Muktsar,30.290443,74.5314578279013,2563255352.78341,2492262115.79487,2560516117.40432,-0.0276965136974952,-0.00106865489469088,0.986054504732119,0.014142722538111,"(28,32]"
03,Faridkot,30.5980468,74.8052666796328,1487906021.78584,1448586547.21189,1486409938.91229,-0.0264260470743716,-0.00100549554316509,0.986698511666876,0.0134808030779869,"(28,32]"
03,Bathinda,30.1845984,75.0420219695987,3340252796.51046,3246191540.24011,3336604681.49337,-0.0281599214193041,-0.00109216734161455,0.985819495942688,0.014384483280838,"(28,32]"
03,Mansa,29.8821665,75.4835370174458,2194777084.38535,2130629475.36125,2192257347.45965,-0.0292273914651614,-0.00114806052224126,0.985277934663534,0.0149420430708151,"(28,32]"
03,Patiala,30.211961,76.3442032645115,3221390274.75419,3131827390.47384,3217930498.91236,-0.0278025562386049,-0.00107400083403331,0.986000732130253,0.0141980298934479,"(28,32]"
03,Amritsar,31.76728475,74.8310519967597,2616769382.68689,2560743075.90587,2614730323.02844,-0.0214104869736325,-0.000779227879970756,0.989236833638117,0.0108802725453512,"(28,32]"
03,Tarn Taran,31.3222388,74.8198358168917,2382446824.73152,2327191594.63732,2380407180.42836,-0.0231926393993849,-0.000856113253813629,0.988335651790734,0.0118020109748462,"(28,32]"
03,Rupnagar,31.09025165,76.5260626330167,1370640880.3707,1337115991.19078,1369389250.33972,-0.024459280078424,-0.000913171384941514,0.987694649130781,0.0124586590400673,"(28,32]"
03,Sahibzada Ajit Singh Nagar,30.6478352,76.7494842339974,1228871397.59742,1196693501.9823,1227649978.35847,-0.0261849170531808,-0.000993935770114418,0.986820694425699,0.0133553194098455,"(28,32]"
03,Sangrur,30.21202625,75.8049633281771,3741210504.73604,3636323484.6015,3737146740.73814,-0.0280355836705147,-0.0010862163443488,0.985882557067263,0.0143195990552185,"(28,32]"
03,Barnala,30.3829796,75.4940071460021,1367650786.93545,1330282263.07885,1366215328.47915,-0.0273231472635886,-0.00104957966610786,0.98624380998636,0.0139480622076911,"(28,32]"
04,Chandigarh,30.73046575,76.7867797094017,118225043.312677,115159769.648218,118109026.103183,-0.0259274480141383,-0.000981325159568835,0.986951139614247,0.0132213843846949,"(28,32]"
05,Uttarkashi,30.9636814,78.6239914162961,7997232481.15122,7798364872.54078,7989778972.36044,-0.0248670535812432,-0.000932011018606071,0.987488200647864,0.0126703279532119,"(28,32]"
05,Chamoli,30.5057442,79.620517583689,7851544231.66487,7640484746.79502,7843467861.73562,-0.0268812705682353,-0.00102863458333158,0.986467804559158,0.0137178277672121,"(28,32]"
05,Rudraprayag,30.48854175,79.0345152998143,1987582115.62677,1934173424.66318,1985540082.04856,-0.0268711871291654,-0.00102739583042133,0.986472915426893,0.0137125757449235,"(28,32]"
05,Tehri Garhwal,30.46598375,78.6445128186622,3889685158.51441,3784041105.60834,3885633045.51294,-0.0271600524466128,-0.00104175860933098,0.986326491357394,0.013863065386988,"(28,32]"
05,Dehradun,30.4887507,77.8654468973562,3166173163.37323,3080660853.73552,3162897198.38373,-0.0270080962806857,-0.00103467650708511,0.986403519721678,0.0137838927036256,"(28,32]"
05,Garhwal,29.84751685,78.7131787474671,5299761392.4565,5144245511.85841,5293642632.8903,-0.0293439400534994,-0.00115453491451756,0.985218787857043,0.0150029742886937,"(28,32]"
05,Pithoragarh,30.1226363,80.4840075645204,7242227519.2007,7036183606.65334,7234201717.94639,-0.0284503506691965,-0.00110819512823046,0.985672181473538,0.0145360889713275,"(28,32]"
05,Bageshwar,29.99523475,79.8136051190433,2247484677.73609,2182519939.68413,2244942856.91463,-0.0289055310122955,-0.00113096246957123,0.985441255980134,0.0147738324649149,"(28,32]"
05,Almora,29.69955955,79.418533009571,3091201502.99517,2998303388.27846,3087514006.52801,-0.0300524293310187,-0.00119290070983313,0.984859162859838,0.015373606411089,"(28,32]"
05,Champawat,29.2159821,80.0866253260687,1816806888.97332,1759604511.03508,1814490825.23003,-0.031485117260075,-0.0012747990759765,0.984131537315985,0.0161243310292569,"(28,32]"
05,Nainital,29.30010615,79.4249234591323,4020527287.88268,3894478933.58165,4015433168.43562,-0.0313511997993222,-0.00126702770117082,0.984199573359325,0.0160540880816926,"(28,32]"
05,Udham Singh Nagar,29.0555285,79.4257783463061,2703918577.8783,2616661034.90685,2700342949.08669,-0.0322707731236187,-0.00132238774527682,0.983732294314048,0.0165367201828981,"(28,32]"
05,Hardwar,29.90979725,78.013294898646,2279573769.63663,2212682235.97677,2276942501.73479,-0.0293438775927481,-0.00115428065408107,0.985218819555966,0.0150029416314799,"(28,32]"
06,Panchkula,30.69692435,76.9915974619948,868853953.957359,846155532.93913,867993005.655887,-0.0261245528259892,-0.00099090105713473,0.986851279157103,0.0133239132588727,"(28,32]"
06,Ambala,30.34257575,76.9656063706725,1510686089.38201,1468952652.12068,1509077641.2522,-0.027625485899855,-0.00106471366957783,0.986090520236426,0.01410568246842,"(28,32]"
06,Yamunanagar,30.19531695,77.2901672072023,1756718144.20939,1707530181.50624,1754814163.6613,-0.0279999172691889,-0.00108382813393604,0.985900645466272,0.0143009892513664,"(28,32]"
06,Kurukshetra,30.05709185,76.7765609935123,1673643040.89102,1625503413.96984,1671763138.20687,-0.0287633777006309,-0.00112323992525187,0.985513380071204,0.0146995669685879,"(28,32]"
06,Kaithal,29.8574663,76.47515675558,2236053078.37662,2169904570.62211,2233443050.49282,-0.0295827091021165,-0.00116724773174504,0.985097604756952,0.0151278362378366,"(28,32]"
06,Karnal,29.71283275,76.9020618453233,2467846956.68159,2393650728.82922,2464901188.68057,-0.0300651657719229,-0.00119365910962976,0.984852696715645,0.0153802729432226,"(28,32]"
06,Panipat,29.3412926,76.8917990498512,1332939897.13752,1291205965.74453,1331254556.59344,-0.031309687317947,-0.00126437849725869,0.984220662596581,0.0160323167385958,"(28,32]"
06,Sonipat,29.0415899,76.9273531177797,2111300466.945,2043232499.51326,2108512921.55577,-0.0322398296677483,-0.00132029781306542,0.983748021767897,0.0165204685269873,"(28,32]"
06,Jind,29.4577273,76.2345660915348,2742539159.90722,2657659896.08531,2739128023.76859,-0.0309491529101041,-0.001243787577769,0.98440380286237,0.0158432922468204,"(28,32]"
06,Fatehabad,29.53902945,75.5790638838346,2567947380.15681,2489704654.40451,2564824264.82183,-0.0304689754770308,-0.00121619132818507,0.984647665169105,0.0155917038895925,"(28,32]"
06,Sirsa,29.6089247,74.9045103300301,4309935875.95011,4179326258.88755,4304732834.87656,-0.0303043063335053,-0.00120722006621687,0.984731279926912,0.0155054687348015,"(28,32]"
06,Hisar,29.2369459,75.8195048285586,4225576466.83934,4091573904.67511,4220132028.06106,-0.0317122558817315,-0.00128844876456669,0.984016130009193,0.0162435040477009,"(28,32]"
06,Bhiwani,28.7304835,75.9675882839155,4636132730.37982,4481836250.59572,4629704860.66304,-0.033281290411083,-0.00138647232307465,0.983218546198614,0.0170678776008315,"(28,32]"
06,Rohtak,28.88344765,76.5826322972364,1666436496.20525,1611958333.53919,1664189564.61283,-0.0326914123581139,-0.00134834516498872,0.983518473462439,0.0167577193334645,"(28,32]"
06,Jhajjar,28.59739275,76.6571245803817,1887503801.34737,1824024712.90423,1884843678.86433,-0.033631237403513,-0.00140933357651607,0.983040570168133,0.0172520141553942,"(28,32]"
06,Mahendragarh,28.13557745,76.1689290224348,1932591852.34837,1865286831.69458,1929706918.20885,-0.0348262984613191,-0.00149277983140539,0.982432542996557,0.017881591086,"(28,32]"
06,Rewari,28.21448505,76.578823272404,1518259370.46515,1465629602.41649,1516011149.03758,-0.0346645435374674,-0.00148078877120816,0.982514863227286,0.0177963076459526,"(28,32]"
06,Gurgaon,28.3699905,76.9445303385778,1223048697.72174,1181102028.34943,1221269599.33319,-0.0342968104626162,-0.00145464231463011,0.982701984091507,0.0176025043080432,"(28,32]"
06,Mewat,27.9916915,77.0346716219581,1533593798.11811,1479408635.93955,1531246998.39733,-0.0353321474337301,-0.00153026161403813,0.982175062077158,0.0181484326074666,"(24,28]"
06,Faridabad,28.3613159,77.3284395733291,753270150.947426,727402737.825226,752172150.407356,-0.0343401541793001,-0.00145764509411228,0.982679930506724,0.0176253416352412,"(28,32]"
06,Palwal,28.0575234,77.3163494496964,1387440432.28211,1338707272.6886,1385339388.14872,-0.0351245058595803,-0.00151433105487209,0.982280761361241,0.0180388737474646,"(28,32]"
07,North West,28.76874475,77.0614458480413,458987624.300916,443783694.81201,458356089.924591,-0.0331249225119374,-0.00137592898563788,0.983298061366981,0.0169856316098094,"(28,32]"
07,North,28.7168451,77.2280309248836,62186126.7020074,60115041.4111447,62099837.6718674,-0.0333046195462089,-0.00138759293617874,0.983206682470065,0.0170801499108468,"(28,32]"
07,North East,28.7223774,77.2641267112475,54644681.1691361,52824370.5427873,54568832.6840155,-0.0333117622319836,-0.00138803051820946,0.983203050121396,0.0170839074151876,"(28,32]"
07,East,28.6287663,77.2944284995664,70924180.1095474,68545595.933989,70824683.0051407,-0.0335369992558874,-0.00140286576810622,0.983088500972376,0.0172024176977934,"(28,32]"
07,New Delhi,28.6122812,77.2073528774886,36051271.8922088,34839757.9448404,36000534.028728,-0.0336053038847194,-0.0014073806780639,0.983053760541752,0.0172383649180172,"(28,32]"
07,Central,28.6415107,77.2415773767478,19621493.4242536,18963943.3189031,19594000.276276,-0.0335117256945272,-0.00140117509830806,0.983101355052201,0.0171891177455474,"(28,32]"
07,West,28.6509222,77.0869164979859,133444070.858003,128977747.098611,133257460.650631,-0.0334696306150959,-0.00139841512756644,0.983122764147441,0.017166966800118,"(28,32]"
07,South West,28.5779281,77.0133744402754,415454808.72652,401449540.574666,414867162.71322,-0.033710689725275,-0.00141446434354975,0.983000157820295,0.0172938346392542,"(28,32]"
07,South,28.50835305,77.233583631621,276303877.242545,266934161.68,275909314.098847,-0.0339109087286522,-0.00142800436836099,0.982898311765438,0.0173992446928155,"(28,32]"
08,Ganganagar,29.45787925,73.552280030312,10456841852.0571,10132313610.17,10443767511.7918,-0.0310350148236386,-0.0012503144305186,0.984360190771834,0.0158882991965603,"(28,32]"
08,Hanumangarh,29.36394005,74.2700718784905,10102208819.8113,9783858282.31677,10089302653.402,-0.0315129634689638,-0.00127755886257619,0.984117389609104,0.0161389388690765,"(28,32]"
08,Bikaner,28.1249615,73.124614243786,30730336138.0075,29661558007.363,30684480351.1816,-0.0347792528478943,-0.00149219932447164,0.982456486136717,0.0178567846116713,"(28,32]"
08,Churu,28.20482885,74.6831086257086,13634221575.5729,13166332759.7714,13614333421.0532,-0.0343172371967158,-0.00145869380290364,0.982691590888659,0.0176132667378262,"(28,32]"
08,Jhunjhunun,28.08514585,75.5283347700739,5842903104.28319,5638196477.80655,5834090621.73136,-0.0350350883495866,-0.00150823698331881,0.98232627555737,0.0179917048768774,"(28,32]"
08,Alwar,27.641614,76.6066700654825,8274561389.39614,7974523868.17954,8261281894.19114,-0.0362602326693833,-0.00160485789881437,0.981702484121649,0.0186385551369181,"(24,28]"
08,Bharatpur,27.2624634,77.3741277345033,5112706474.50212,4923388455.94869,5104163629.66314,-0.0370289238190344,-0.00167090461413744,0.981310896801297,0.0190450378770097,"(24,28]"
08,Dhaulpur,26.65432155,77.6306691999383,2994116767.66108,2879927154.22191,2988794638.11494,-0.0381379960436133,-0.0017775290541866,0.980745636725643,0.0196323720986826,"(24,28]"
08,Karauli,26.51068315,77.0639475446777,5033132848.30498,4839802462.18235,5024031401.46288,-0.038411540475777,-0.0018083064994322,0.980606169430023,0.019777389919186,"(24,28]"
08,Sawai Madhopur,26.23758085,76.3363099640118,5054110330.20893,4857558466.34427,5044685130.18654,-0.0388895079495696,-0.00186485838388906,0.980362428926379,0.020030929882866,"(24,28]"
08,Dausa,26.80889035,76.4505815348547,3520519079.82021,3387428988.76244,3514380658.71326,-0.0378041101440553,-0.00174361250934352,0.980915842392172,0.019455448452425,"(24,28]"
08,Jaipur,27.1532988,75.7421538073384,11294298972.7651,10870018821.019,11274852026.4024,-0.0375658686536652,-0.00172183739863352,0.981037273168729,0.0193292623531236,"(24,28]"
08,Sikar,27.66171385,75.0306106635441,7768966843.06986,7487918406.80878,7756558942.82478,-0.0361757801182769,-0.00159711072214785,0.981745496491694,0.0185939264030637,"(24,28]"
08,Nagaur,27.0573835,74.1782152116683,17549994038.7295,16893587670.2198,17520061230.7221,-0.0374020849842552,-0.00170557368517155,0.981120744361134,0.0192425404797245,"(24,28]"
08,Jodhpur,26.73470705,72.864795209526,22736531516.5148,21873143410.2197,22696403057.8364,-0.0379736067336391,-0.0017649331715025,0.980829441476122,0.0195452519196682,"(24,28]"
08,Jaisalmer,27.021496,70.7754392248048,38204282222.9703,36777771707.2908,38139221041.7968,-0.0373390215095242,-0.0017029813776821,0.98115288232287,0.0192091548796243,"(24,28]"
08,Barmer,25.6019997,71.6284424605938,28585063244.7228,27456080808.0196,28529280281.4277,-0.0394955374783597,-0.00195147244620608,0.980053295755716,0.0203526729930574,"(24,28]"
08,Jalor,25.20935765,72.3178955974429,10703757745.3798,10273876825.7725,10681626912.64,-0.0401616824514626,-0.00206757601080032,0.979713385408476,0.0207066830908569,"(24,28]"
08,Sirohi,24.8184648,72.8330696526585,5090413876.05686,4884694594.2452,5079583495.89158,-0.0404130757970923,-0.00212760306509086,0.979585077572595,0.0208403771094519,"(24,28]"
08,Pali,25.60201375,73.4192809287493,12481503860.1295,11988039129.7767,12457067853.7188,-0.0395356790241528,-0.00195777741885717,0.980032816274969,0.0203739950269468,"(24,28]"
08,Ajmer,26.3283662,74.716175439127,8555397075.94825,8223006859.47427,8539474422.20412,-0.0388515241926561,-0.00186112387336079,0.980381801038424,0.0200107743134321,"(24,28]"
08,Tonk,26.12088705,75.6604947460722,7131698369.52362,6853633149.0345,7118309940.99496,-0.0389900422145438,-0.00187731278511061,0.980311153555572,0.0200842828045125,"(24,28]"
08,Bundi,25.4330346,75.7399482098396,5844116991.19658,5611402820.68608,5832432502.01322,-0.0398202450192312,-0.00199935921901739,0.979887623649145,0.020525186629009,"(24,28]"
08,Bhilwara,25.4899323,74.7284239937557,10357596664.0288,9945195080.73703,10336891259.5818,-0.0398163393177916,-0.00199905490806673,0.979889616580464,0.0205231110517485,"(24,28]"
08,Rajsamand,25.29720895,73.8245055826803,4533766499.91138,4352221285.10539,4524505075.18724,-0.0400429124017619,-0.00204276614693788,0.979773998225222,0.0206435380112304,"(24,28]"
08,Dungarpur,23.6725231,73.8239362410318,3746947274.30793,3594274956.44213,3738298901.15003,-0.0407457876209369,-0.00230811178401158,0.979415240017769,0.0210173980770996,"(20,24]"
08,Banswara,23.49485745,74.3460696388098,4444483539.80493,4263482351.16259,4434030275.8158,-0.0407249092096501,-0.00235196370860824,0.979425898570356,0.0210062869071312,"(20,24]"
08,Chittaurgarh,24.7018328,74.4795466314616,7761169277.41813,7447790354.37608,7744734895.74467,-0.0403777977055408,-0.00211751362275703,0.979603084057242,0.0208216126252687,"(24,28]"
08,Kota,25.19038655,76.0005315248947,5110915736.82867,4905667915.51402,5100349011.12422,-0.0401587175142906,-0.00206748188554573,0.979714898572901,0.02070510661484,"(24,28]"
08,Baran,24.92037085,76.6855376738813,6859946982.46196,6583865016.32266,6845636353.81001,-0.040245495605889,-0.00208611359366784,0.979670610151244,0.0207512501019269,"(24,28]"
08,Jhalawar,24.3117404,76.5279087493964,6361881395.63962,6103465957.26369,6347870519.25977,-0.0406193423462818,-0.00220231650175928,0.979479789303342,0.0209501113966359,"(24,28]"
08,Udaipur,24.47109345,73.6967138523906,11709228731.5042,11234077269.9699,11683623063.6396,-0.0405792279260732,-0.00218679372072439,0.979500266500182,0.020928767659314,"(24,28]"
08,Pratapgarh,24.02493875,74.6316496179766,4485503534.79299,4302906862.50039,4475379889.45719,-0.0407081771034715,-0.0022569696483965,0.97943444032591,0.020997382598928,"(24,28]"
09,Saharanpur,29.97942825,77.517234566216,3622760042.53607,3517340923.80245,3618624746.20074,-0.0290991171084628,-0.00114147674335952,0.985343028032135,0.0148749943429718,"(28,32]"
09,Muzaffarnagar,29.44884495,77.5815571927414,4061489380.27097,3935878687.09527,4056443786.71092,-0.0309272489510524,-0.00124230130566327,0.98441492829444,0.0158318116249638,"(28,32]"
09,Bijnor,29.3962109,78.4378282176945,4598504921.17581,4455284155.2694,4592732780.66261,-0.0311450717921152,-0.00125522112341803,0.984304286391096,0.0159459974175786,"(28,32]"
09,Moradabad,28.7939125,78.7926918906403,3683772882.42983,3561699613.48062,3678697532.6369,-0.0331381094451956,-0.00137775860643652,0.983291355883293,0.0169925668691531,"(28,32]"
09,Rampur,28.79135095,79.1803578328126,2420843745.54219,2340948401.77438,2417530685.10427,-0.0330030981615128,-0.00136855608463837,0.983360006222791,0.0169215685729638,"(28,32]"
09,Jyotiba Phule Nagar,28.740013,78.2916004757026,2178977945.57526,2107048765.43432,2175995067.56794,-0.0330105131568715,-0.00136893446460917,0.983356235981208,0.0169254675058679,"(28,32]"
09,Meerut,29.01009605,77.7722295733518,2546140456.29413,2463929932.36538,2542771143.09654,-0.032288290979991,-0.00132330217261278,0.983723390501623,0.0165459209931738,"(28,32]"
09,Baghpat,29.0288306,77.3148347693802,1298728492.61139,1256864228.37188,1297014094.68189,-0.0322348084897465,-0.00132005876458741,0.983750573829695,0.0165178314529943,"(28,32]"
09,Ghaziabad,28.74484285,77.7144255203127,1995725158.80348,1929456026.29334,1992968672.78208,-0.0332055404612296,-0.00138119520578173,0.983257066864394,0.0170280323425487,"(28,32]"
09,Gautam Buddha Nagar,28.3738678,77.5610929256952,1218452377.38571,1176822863.82325,1216690583.52144,-0.0341658930091165,-0.00144592755282946,0.982768592798367,0.0175335346773418,"(28,32]"
09,Bulandshahr,28.38586555,77.9671286781428,3691148412.77522,3564480238.28092,3685772670.78979,-0.0343167384047463,-0.00145638738524456,0.982691844677289,0.0176130039304383,"(28,32]"
09,Aligarh,27.87026985,78.1400214065603,3660269556.20292,3530440336.48913,3654630964.09174,-0.0354698520751773,-0.00154048548190067,0.982104957692824,0.0182211098386222,"(24,28]"
09,Mahamaya Nagar,27.56552825,78.1088200677784,1758375532.28271,1694528878.18019,1755549175.25978,-0.0363100219096155,-0.0016073682618083,0.981677125174252,0.01866486888191,"(24,28]"
09,Mathura,27.597066,77.5890986598697,3356644637.93109,3234931804.59876,3351261736.87199,-0.0362602677557629,-0.00160365532837969,0.981702466251479,0.0186385736794443,"(24,28]"
09,Agra,27.0770763,77.8720521904599,3997219953.46471,3847436213.927,3990381983.06715,-0.0374719783453186,-0.00171068154296528,0.981085124571095,0.0192795456328765,"(24,28]"
09,Firozabad,27.1958857,78.4627398545996,2420777594.41159,2330785658.24653,2416704036.54403,-0.0371748054727554,-0.00168274767453469,0.981236563998328,0.0191222348311351,"(24,28]"
09,Mainpuri,27.2095392,79.0661145439185,2695280916.17984,2595072430.52844,2690744555.20322,-0.0371792361418958,-0.00168307538905754,0.981234306299012,0.0191245797059088,"(24,28]"
09,Budaun,28.06817505,79.0198135131134,5201851566.32426,5019839634.29858,5194023863.43698,-0.0349898357738593,-0.0015047916664811,0.982349308660693,0.0179678360677751,"(28,32]"
09,Bareilly,28.44811615,79.3947881666131,4138494517.71118,3997558752.86258,4132541252.0853,-0.034054839083498,-0.00143850997032868,0.982825091721056,0.0174750404966448,"(28,32]"
09,Pilibhit,28.4960975,80.111323671511,3761462952.47108,3634183485.29185,3756108397.5178,-0.0338377564228349,-0.0014235298927413,0.982935523611373,0.0173607281237842,"(28,32]"
09,Shahjahanpur,27.91557275,79.7509773370663,4342468120.87046,4188763060.56277,4335800929.55546,-0.0353957832341847,-0.00153534605883665,0.982142666197643,0.0181820161336552,"(24,28]"
09,Kheri,28.182175,80.7283519532102,7637164238.42722,7370084662.06023,7625678935.5641,-0.0349710400390701,-0.00150387008902264,0.982358875340845,0.0179579226105471,"(28,32]"
09,Sitapur,27.501123,80.83323911701,5768412124.70197,5558134452.66534,5759069425.07931,-0.0364533024844339,-0.00161963109096364,0.981604145017515,0.0187406044237488,"(24,28]"
09,Hardoi,27.33718575,80.1004195890608,5961199078.81346,5741456783.90351,5951331826.91945,-0.0368620963676467,-0.00165524616164503,0.981395895463372,0.018956778424108,"(24,28]"
09,Unnao,26.5777478,80.6233065260452,4566329658.04816,4391642058.08276,4558151687.99803,-0.0382555822831385,-0.00179092852740392,0.980685687525245,0.0196947021053147,"(24,28]"
09,Lucknow,26.83332505,80.9154228513921,2518995334.20263,2423657556.8622,2514593164.46601,-0.0378475402657331,-0.00174758947618758,0.980893704605278,0.0194784565391928,"(24,28]"
09,Rae Bareli,26.20901225,81.2188995583115,4592515262.261,4414002515.55401,4583965445.32934,-0.0388703654779149,-0.00186168503389039,0.980372191834349,0.0200207720385521,"(24,28]"
09,Farrukhabad,27.43736615,79.4920190825623,2200639572.98237,2119993043.96811,2197039585.24305,-0.0366468593968649,-0.00163588248776392,0.981505547922749,0.0188429419644065,"(24,28]"
09,Kannauj,27.00405345,79.6892552727384,2100735171.40185,2021918188.0174,2097132789.38034,-0.0375187622206848,-0.00171481968339171,0.981061281357752,0.0193043176834347,"(24,28]"
09,Etawah,26.71722095,79.0957126829515,2342615522.15359,2253629117.91549,2338488661.40556,-0.0379859193267413,-0.00176164663343192,0.98082316483312,0.0195517763593422,"(24,28]"
09,Auraiya,26.65339055,79.5116439045193,1984953687.50315,1909175151.49085,1981417238.14552,-0.0381764755970806,-0.00178162814573157,0.980726019030249,0.0196527680470942,"(24,28]"
09,Kanpur Dehat,26.4618347,79.8534955491673,3208954928.29571,3085284185.09484,3203107881.11487,-0.0385392584078932,-0.00182210324279675,0.98054104533778,0.0198451199516247,"(24,28]"
09,Kanpur Nagar,26.4389303,80.2683440186408,2989247295.33556,2873799523.80111,2983768750.83502,-0.0386210173091373,-0.00183275050849119,0.980499353743215,0.0198884845587484,"(24,28]"
09,Jalaun,26.1069104,79.380748954539,4614012954.86497,4433714997.69213,4605303201.69835,-0.0390761705562052,-0.00188767418986913,0.98026722348745,0.0201299972494717,"(24,28]"
09,Jhansi,25.5336697,79.1734434655836,4962802553.95988,4765346797.76915,4952909250.40861,-0.0397871472910354,-0.00199349126702175,0.979904512036231,0.0205075981556717,"(24,28]"
09,Lalitpur,24.6998803,78.5198447995058,4940659661.45339,4740695145.27381,4930054295.08923,-0.0404732424173405,-0.00214654865764319,0.979554366833541,0.0208723822369865,"(24,28]"
09,Hamirpur,25.81593075,79.8797187022259,4032514647.6241,3873110317.10871,4024646292.93674,-0.0395297585860751,-0.00195122780074575,0.980035836800841,0.0203708501765898,"(24,28]"
09,Mahoba,25.3661922,79.7055504085325,3084912516.35797,2961680130.09966,3078678623.10723,-0.0399468009562188,-0.00202076824469943,0.979823044760523,0.020592448143949,"(24,28]"
09,Banda,25.4398473,80.5430327557234,4316475614.13082,4144566570.30132,4307840996.98785,-0.0398262515990403,-0.00200038594326957,0.979884558711361,0.020528378684824,"(24,28]"
09,Chitrakoot,25.21953915,81.0876845609882,3236951792.93575,3107188450.97474,3230320988.48155,-0.0400881292839126,-0.00204847179641776,0.9797509227942,0.0206675765592035,"(24,28]"
09,Fatehpur,25.83516205,80.9149407150299,4219347953.30828,4053252380.13315,4211216255.12908,-0.0393652230186184,-0.00192724048103843,0.980119776854534,0.0202834629143664,"(24,28]"
09,Pratapgarh,25.870654,81.8318412535696,3737024099.44139,3589876801.25688,3729818004.59229,-0.039375528299779,-0.00192829766609626,0.98011451968646,0.0202889355418394,"(24,28]"
09,Kaushambi,25.530493,81.4516910048094,1799389914.7352,1727752501.32355,1795797055.10143,-0.0398120567560177,-0.00199670988724709,0.97989180180466,0.0205208352170181,"(24,28]"
09,Allahabad,25.281091,81.9010858460114,5427716930.44013,5210655704.80358,5416693098.28053,-0.0399912575431506,-0.00203102562290602,0.979800358469443,0.0206160789348055,"(24,28]"
09,Bara Banki,26.94227795,81.3749820819516,3949123089.01766,3800398101.73184,3942293697.28062,-0.0376602561969831,-0.00172934385257206,0.980989165996759,0.0193792497024414,"(24,28]"
09,Faizabad,26.6447305,82.0049927432276,2599337414.52431,2500074654.42459,2594703932.37673,-0.0381877164330664,-0.00178256278761024,0.98072028813874,0.0196587264426331,"(24,28]"
09,Ambedkar Nagar,26.4070029,82.6108340379854,2303624577.89161,2214732388.33074,2299415623.55157,-0.0385879671600973,-0.00182710081340498,0.980516207331578,0.0198709542205793,"(24,28]"
09,Sultanpur,26.3240896,81.9860699885805,4488159044.10723,4313990039.72399,4479840626.76251,-0.038806335219318,-0.00185341411990347,0.980404847387385,0.0199867969490692,"(24,28]"
09,Bahraich,27.73882625,81.4755707318147,4858449660.41548,4683537640.93721,4850753517.56706,-0.0360016119758084,-0.00158407380673842,0.981834195790812,0.0185019062149856,"(24,28]"
09,Shrawasti,27.67979945,81.8954677140216,1956474648.84212,1886065917.45167,1953381379.94517,-0.0359875510945775,-0.0015810421559932,0.98184135628187,0.0184944783614478,"(24,28]"
09,Balrampur,27.44766795,82.3987891678515,3273126275.80525,3153573673.565,3267805051.33931,-0.0365255086930136,-0.0016257314926319,0.981567364630154,0.0187787777324797,"(24,28]"
09,Gonda,27.10844555,81.9322207010552,4036186701.57298,3885294020.63814,4029315599.19173,-0.0373849606302976,-0.00170237476342816,0.981129471257337,0.0192334745774985,"(24,28]"
09,Siddharthnagar,27.2619066,82.8645444203344,2814428914.99044,2710329531.60362,2809741068.557,-0.0369877465486368,-0.00166564748126108,0.98133187732355,0.0190232510609609,"(24,28]"
09,Basti,26.8361818,82.5371901207796,2931887521.61145,2820787868.79659,2926750620.00114,-0.0378935590113639,-0.00175208004142391,0.9808702467649,0.019502837707835,"(24,28]"
09,Sant Kabir Nagar,26.7651539,83.0240675840699,1647277510.67671,1584770315.54692,1644381816.20992,-0.0379457588200224,-0.00175786681237533,0.980843637477441,0.0195304957799654,"(24,28]"
09,Mahrajganj,27.18790935,83.4889893899572,2914725926.3263,2806471594.29829,2909830264.03493,-0.0371404841361727,-0.00167963040612451,0.981254052661097,0.0191040712525619,"(24,28]"
09,Gorakhpur,26.6799094,83.3738772033946,3330129954.73752,3202982363.56031,3324192911.37535,-0.0381809697835739,-0.00178282632896343,0.980723727772723,0.0196551502542459,"(24,28]"
09,Kushinagar,26.92004875,83.8298562930006,2913287275.46418,2803128722.20171,2908206167.66345,-0.0378124581774758,-0.00174411491908766,0.980911587158865,0.0194598708905283,"(24,28]"
09,Deoria,26.42674135,83.7606655126808,2527854873.72668,2430335666.47257,2523238201.56779,-0.0385778504405767,-0.00182632009727712,0.980521366192202,0.0198655883282193,"(24,28]"
09,Azamgarh,26.0249443,83.0270082726322,4286894287.75437,4119123789.88379,4278767079.57345,-0.0391356741288963,-0.00189582659039067,0.980236872327859,0.020161583623362,"(24,28]"
09,Mau,26.03767825,83.5043473750609,1658587464.62874,1593652183.13097,1655440887.63197,-0.0391509539789701,-0.00189714263726004,0.980229078338849,0.0201696951233641,"(24,28]"
09,Ballia,25.87720785,84.1392078250991,2937018756.25883,2821402734.27644,2931359475.26615,-0.0393650948724843,-0.00192687941832803,0.980119842227223,0.0202833948628178,"(24,28]"
09,Jaunpur,25.79778265,82.4944652913523,4005956348.47866,3847618690.91865,3998140508.97652,-0.0395255573915941,-0.001951054585283,0.980037980186689,0.0203686185809941,"(24,28]"
09,Ghazipur,25.60483035,83.5114343529767,3365044009.3153,3231544964.45654,3358403308.71581,-0.0396723027958058,-0.0019734364784274,0.979963110124149,0.0204465756607031,"(24,28]"
09,Chandauli,25.12838775,83.2471800272376,2527476119.9239,2426029147.48652,2522267962.76121,-0.0401376581316345,-0.00206061577461791,0.979725646223659,0.0206939094168745,"(24,28]"
09,Varanasi,25.3746004,82.9403211380883,1548821383.79595,1486991798.89558,1545699535.55551,-0.0399204101565478,-0.0020156283178302,0.979836511793397,0.0205784209548363,"(24,28]"
09,Sant Ravidas Nagar (Bhadohi),25.35804845,82.5024866019069,1000088729.98498,960121985.983386,998065174.439158,-0.039963198067629,-0.00202337601169844,0.979814677340757,0.0206011637976551,"(24,28]"
09,Mirzapur,24.9340463,82.6426383756793,4448244442.15562,4269130281.09672,4438956998.98104,-0.0402662586078789,-0.00208788956977501,0.979660013163812,0.0207622915734813,"(24,28]"
09,Sonbhadra,24.3994328,83.0798669255066,6864316624.13944,6585693588.83288,6849279286.2109,-0.0405900617006423,-0.00219065330926826,0.97949473622851,0.0209345318694052,"(24,28]"
09,Etah,27.5568755,78.6013515255572,2519702205.97155,2427838788.59147,2515621344.54313,-0.0364580453842416,-0.00161958084520941,0.981601729122233,0.0187431117243637,"(24,28]"
09,Kanshiram Nagar,27.7852627,78.8580321552375,1945570371.75453,1875818198.1102,1942515578.74409,-0.0358517865285042,-0.00157012722581784,0.981910491578278,0.0184227672245825,"(24,28]"
10,Pashchim Champaran,27.0519041,84.3304874165709,5253141634.06132,5056772669.94235,5244197289.01922,-0.0373812430347791,-0.00170266588361256,0.981131365804407,0.0192315064559403,"(24,28]"
10,Purba Champaran,26.63943495,84.8966351028748,4003832364.45802,3850693502.07475,3996666774.46527,-0.0382480704593619,-0.00178968281897951,0.98068951740122,0.0196907199028207,"(24,28]"
10,Sheohar,26.4926788,85.269952411473,447957992.52161,430730033.266214,447146179.625434,-0.0384588723563512,-0.00181225228643778,0.980582035142215,0.0198024888911701,"(24,28]"
10,Sitamarhi,26.56982625,85.6014763980238,2158485660.62853,2075804022.24231,2154609931.58889,-0.0383053915503639,-0.00179557784901407,0.980660292073476,0.0197211084030255,"(24,28]"
10,Madhubani,26.35038135,86.2298471033642,3454886941.05527,3321494297.23811,3448564939.14727,-0.0386098434168771,-0.00182987229853082,0.980505051788681,0.0198825576428761,"(24,28]"
10,Supaul,26.274387,86.7850150084627,2469197609.22776,2373247639.2922,2464605645.34368,-0.0388587651215023,-0.00185969882155912,0.980378108118749,0.0200146165227042,"(24,28]"
10,Araria,26.2628307,87.3664651919393,2764466148.39301,2656862462.30942,2759302502.78625,-0.0389238573769989,-0.00186786356916036,0.980344910030649,0.0200491579731226,"(24,28]"
10,Kishanganj,26.29825155,87.9448383343589,1924535381.33496,1849898693.42059,1920974728.61595,-0.0387816657663123,-0.00185013627369435,0.980417428564837,0.0199737079988758,"(24,28]"
10,Purnia,25.7720526,87.4067248770148,3226431320.35255,3099170694.25716,3220177375.29414,-0.0394431535835335,-0.00193834749215538,0.980080020414898,0.020324850185875,"(24,28]"
10,Katihar,25.5418315,87.6388469263108,3078186564.17948,2955804448.11406,3072068460.06398,-0.0397578618169443,-0.00198756767594832,0.979919454946709,0.0204920363116812,"(24,28]"
10,Madhepura,25.78362055,86.9372130100824,1780699775.47792,1710483301.0463,1777249966.26556,-0.0394319555708234,-0.00193733343479141,0.980085733203569,0.0203189028487727,"(24,28]"
10,Saharsa,25.82894535,86.6196253835937,1713350861.17144,1645758305.18781,1710028472.14098,-0.0394505045729051,-0.00193911772874844,0.980076270209158,0.0203287544005017,"(24,28]"
10,Darbhanga,26.07529615,86.0401005865308,2533043461.94163,2434044568.21482,2528259933.36723,-0.0390829826705466,-0.00188845104565616,0.9802637488602,0.0201336131859902,"(24,28]"
10,Muzaffarpur,26.15076695,85.3277093287016,3217945945.75249,3092477057.1574,3211908674.3655,-0.038990365503407,-0.00187612579228269,0.980310988664614,0.0200844543854459,"(24,28]"
10,Gopalganj,26.4211174,84.3661444037956,2041735721.67265,1963029402.51537,2038014472.38644,-0.0385487300446505,-0.00182259106637039,0.980536215524623,0.0198501433880882,"(24,28]"
10,Siwan,26.12936265,84.3838804843991,2230237046.04677,2143291388.58193,2226054596.30129,-0.0389849400174555,-0.0018753386564444,0.980313755887647,0.020081574897955,"(24,28]"
10,Saran,25.9097864,84.7888209886435,2643661933.60717,2539676892.6887,2638579703.41475,-0.0393337134361149,-0.00192242061203585,0.980135851075699,0.0202667302726454,"(24,28]"
10,Vaishali,25.75397095,85.4030166101714,2019551877.00242,1939773504.96444,2015619600.63449,-0.0395030070514392,-0.00194710342066917,0.980049484948878,0.0203566405140887,"(24,28]"
10,Samastipur,25.78415625,85.9230484170351,2604976246.06376,2502109698.04364,2599909689.92948,-0.0394884783212702,-0.00194495291153862,0.980056897164001,0.0203489235101639,"(24,28]"
10,Begusarai,25.51612915,86.0840398540751,1889310641.81873,1814105469.94834,1885540641.04819,-0.0398056149188856,-0.00199543721773066,0.979895088813652,0.0205174119309945,"(24,28]"
10,Khagaria,25.49456235,86.6143149126066,1490647122.43437,1431322890.67516,1487674761.23395,-0.0397976361181508,-0.00199400727085808,0.979899160057732,0.0205131719278986,"(24,28]"
10,Bhagalpur,25.28396215,87.1292961180176,2564484794.63248,2461816403.13553,2559260225.88774,-0.040034704714116,-0.00203727811359222,0.979778186777948,0.0206391747590873,"(24,28]"
10,Banka,24.83448155,86.8147730104927,3084157080.18594,2959670956.29031,3077643708.26074,-0.0403630945697899,-0.00211188073624613,0.97961058866787,0.0208137923048148,"(24,28]"
10,Munger,25.2193215,86.5244336540264,1397551086.30412,1341525872.0685,1394688484.23664,-0.0400881332959213,-0.00204829869586287,0.979750920746737,0.020667578692174,"(24,28]"
10,Lakhisarai,25.1520279,86.156866492309,1297631713.56091,1245554154.73186,1294962420.7015,-0.0401327728698505,-0.00205704964784847,0.979728139398961,0.0206913119934224,"(24,28]"
10,Sheikhpura,25.127296,85.8012929448633,644101812.58234,618231312.710614,642772491.406365,-0.0401652337663906,-0.00206383703633017,0.979711572981359,0.0207085713572832,"(24,28]"
10,Nalanda,25.20523615,85.445499279735,2324184224.34311,2231023376.7561,2319426344.37953,-0.0400832458164252,-0.00204711825927695,0.979753414989494,0.0206649802907026,"(24,28]"
10,Patna,25.46600725,85.3196032728627,3315557815.82413,3183410619.03153,3308912390.26093,-0.0398567010841741,-0.00200431599517903,0.97986902130633,0.0205445608095984,"(24,28]"
10,Bhojpur,25.4611206,84.5625103325584,2439085962.65956,2341937512.34434,2434207537.54418,-0.039829859136774,-0.00200010380530236,0.979882717912315,0.0205302958404507,"(24,28]"
10,Buxar,25.5002881,84.1098822413271,1706299117.44661,1638367307.24244,1702892326.19909,-0.0398123690679921,-0.0019965967354082,0.979891642444208,0.0205210011850232,"(24,28]"
10,Kaimur (Bhabua),24.97654755,83.575222660221,3345177501.38358,3210510397.36618,3338195606.78084,-0.0402570876916681,-0.0020871522063769,0.979664693815354,0.0207574145654355,"(24,28]"
10,Rohtas,24.94173985,84.0217121357835,3869895514.93018,3714085202.41515,3861812900.92146,-0.0402621496921305,-0.00208858714079885,0.979662110274695,0.0207601064816132,"(24,28]"
10,Aurangabad,24.81195455,84.4114613544875,3334565189.10469,3199842164.3069,3327486654.84208,-0.0404019766169189,-0.00212277579269982,0.97959074280185,0.0208344733227823,"(24,28]"
10,Gaya,24.6819024,85.0124291091508,4996440776.47307,4794303407.71422,4985750009.05777,-0.0404562723350316,-0.00213967660051917,0.979563028939419,0.0208633548396662,"(24,28]"
10,Nawada,24.81527535,85.5184636160155,2508156215.32941,2406846360.72416,2502840061.06823,-0.0403921629705769,-0.00211954671271497,0.979595751843291,0.0208292534122512,"(24,28]"
10,Jamui,24.75877885,86.3003495007879,3061978329.01693,2938253093.43379,3055473056.96103,-0.0404069599091061,-0.00212453236335941,0.97958819924032,0.0208371239828216,"(24,28]"
10,Jehanabad,25.15344465,85.0058585704961,917449896.842839,880626738.960152,915562022.966035,-0.0401364238084326,-0.00205774057340968,0.979726276156543,0.0206932531431028,"(24,28]"
10,Arwal,25.18117795,84.6617246589226,627841068.722125,602644537.958279,626549836.665176,-0.0401320206961446,-0.00205662248182947,0.979728523267469,0.0206909120752392,"(24,28]"
19,Darjiling,26.83451925,88.3045689512545,3181934427.73524,3061943001.92062,3176416570.91418,-0.0377102132491216,-0.00173412021723884,0.980963703075133,0.019405709778243,"(24,28]"
19,Jalpaiguri,26.63287305,89.1363017835091,6273552710.53133,6034026418.97621,6262373122.42872,-0.0381803266198801,-0.00178201867720629,0.980724055675255,0.0196548093352042,"(24,28]"
19,Koch Bihar,26.2523567,89.4046426524905,3360659269.35277,3230310255.87644,3354438961.11306,-0.0387867388595539,-0.00185091904330614,0.980414841350561,0.0199763996049462,"(24,28]"
19,Uttar Dinajpur,25.87324185,87.9624102666711,3168268915.52782,3043674093.61496,3162171902.99496,-0.0393258354119533,-0.00192439868439531,0.980139869910436,0.0202625469070845,"(24,28]"
19,Dakshin Dinajpur,25.38673355,88.5045362165988,2216084134.60303,2127567695.69564,2211608156.49135,-0.0399427248836119,-0.00201976903393863,0.979825124762775,0.020590281599596,"(24,28]"
19,Maldah,25.09748545,88.107552788222,3750511235.2778,3599926601.68672,3742776066.43829,-0.0401504286068165,-0.00206243052060717,0.979719128828862,0.020700699388591,"(24,28]"
19,Murshidabad,24.2887914,88.3703182639705,5307980727.11354,5092059553.65597,5296122947.32011,-0.0406785903261916,-0.00223395306106955,0.979449544220532,0.0209816380034382,"(24,28]"
19,Birbhum,24.0604153,87.6977185877736,4538349043.64112,4353553298.22577,4528046799.53073,-0.0407187159115215,-0.00227004225795024,0.979429060263416,0.0210029909987062,"(24,28]"
19,Barddhaman,23.40754125,87.8988080838698,7041713538.74375,6755003064.10793,7025093553.4526,-0.0407160094000308,-0.00236021888702276,0.979430441940605,0.0210015506753487,"(20,24]"
19,Nadia,23.4870057,88.5542492253585,3913356544.01587,3754035296.65709,3904153330.53542,-0.0407121726749903,-0.00235174418096962,0.979432400589755,0.0209995088970518,"(20,24]"
19,North Twenty Four Parganas,22.6872411,88.6624822553956,4007502019.26337,3845386981.57804,3997569995.95539,-0.0404528898316381,-0.0024783576552776,0.979564755474778,0.0208615555133129,"(20,24]"
19,Hugli,22.90731085,88.0156916054727,3163204519.26904,3034942175.94228,3155447565.29969,-0.040548229665656,-0.00245224547514855,0.979516089880276,0.0209122752871045,"(20,24]"
19,Bankura,23.1324472,87.2072876175352,6949182764.23458,6666747985.93515,6932440019.06696,-0.0406428767067454,-0.00240931138749001,0.979467775525696,0.02096263398077,"(20,24]"
19,Puruliya,23.20131725,86.3154923803928,6242263787.42316,5988301725.68571,6227368537.02137,-0.040684288646872,-0.00238619368053539,0.979446635275821,0.020984670306607,"(20,24]"
19,Haora,22.4958925,88.0326672276156,1460123543.97974,1401225869.76868,1456455629.5618,-0.040337459425198,-0.00251205758105832,0.979623672935073,0.0208001578849941,"(20,24]"
19,Kolkata,22.538686,88.3546768306407,194674662.12271,186821010.905714,194185676.313648,-0.0403424417505618,-0.00251181023626668,0.979621129952513,0.0208028077635227,"(20,24]"
19,South Twenty Four Parganas,22.08122435,88.637011170715,8509183319.78267,8169606713.82278,8487116561.45983,-0.0399070737106375,-0.00259328745116283,0.979843317214218,0.0205713326117174,"(20,24]"
19,Paschim Medinipur,22.3573943,87.2375789991008,9372538127.47398,8995372312.73857,9348826763.14432,-0.0402415876687462,-0.00252987654007641,0.979672604665076,0.0207491719561492,"(20,24]"
19,Purba Medinipur,22.06793705,87.8163063949476,4025635602.26312,3864943968.68499,4015198838.84553,-0.0399170837737509,-0.00259257529711099,0.979838209209178,0.020576652963038,"(20,24]"
20,Garhwa,24.0507834,83.6549686530191,4094072998.36925,3927489733.16529,4084886669.15925,-0.0406888849491247,-0.00224381177708766,0.979444288895941,0.0209871162016066,"(24,28]"
20,Chatra,24.0971583,84.8654962232717,3845634099.58982,3689176739.34278,3837042712.18478,-0.0406844115158365,-0.00223406262336856,0.979446572552155,0.0209847356903694,"(24,28]"
20,Kodarma,24.5420606,85.6853278746839,1637540510.80406,1571113641.48523,1633979530.06083,-0.0405650235096843,-0.00217459093056516,0.979507517322004,0.0209212102159491,"(24,28]"
20,Giridih,24.3354588,86.1538951218548,5005137202.83757,4801731689.73889,4994073162.65822,-0.0406393481048552,-0.00221053684064298,0.979469576809379,0.0209607563896965,"(24,28]"
20,Deoghar,24.33110595,86.7191820047493,2459590285.60666,2359644951.27669,2454168125.63753,-0.040634952461326,-0.00220449722901306,0.97947182069658,0.0209584174548487,"(24,28]"
20,Godda,24.86415715,87.3163349147219,2302229274.58192,2209320999.27667,2297369991.41986,-0.0403557874669606,-0.00211068602754083,0.979614318256445,0.0208099058615623,"(24,28]"
20,Sahibganj,25.03452275,87.6840553317202,1919993845.8214,1842732791.31635,1915997082.63122,-0.0402402615368833,-0.0020816541672164,0.979673281488843,0.0207484667544127,"(24,28]"
20,Pakur,24.5441261,87.6081231497873,1902286182.93244,1825191319.20713,1898174718.06514,-0.0405274792073969,-0.0021613282502847,0.979526682021783,0.0209012356212281,"(24,28]"
20,Dhanbad,23.84594225,86.462926667316,2043784680.62083,1960507709.27611,2039100317.74198,-0.040746450511323,-0.0022920041055533,0.979414901606402,0.0210177508631282,"(20,24]"
20,Bokaro,23.69689995,85.9933626281471,2894934289.10525,2776970746.62971,2888232620.50028,-0.0407482625493405,-0.00231496398042497,0.979413976544474,0.0210187152200509,"(20,24]"
20,Lohardaga,23.4726233,84.6915621261907,1583261392.04518,1518768588.93988,1579537267.53788,-0.0407341475193727,-0.00235218551150695,0.979421182372848,0.0210112033489982,"(20,24]"
20,Purbi Singhbhum,22.60966485,86.3780099411771,3560641263.6358,3416900758.58993,3551730371.34696,-0.0403692746342805,-0.00250260883617781,0.979607434315256,0.0208170793426021,"(20,24]"
20,Palamu,24.22254525,84.1724028759007,4463353197.79361,4281820651.36879,4453413348.98023,-0.0406717860720859,-0.00222699131637161,0.979453017723624,0.0209780172244807,"(24,28]"
20,Latehar,23.69197515,84.5035107779524,4154089792.39736,3984827165.95587,4144493407.57343,-0.0407460201633764,-0.00231010529466702,0.979415121302823,0.0210175218346587,"(20,24]"
20,Hazaribagh,24.0882747,85.4615780888998,4301552285.31265,4126457957.87049,4291868336.94633,-0.0407049166971655,-0.00225126831525146,0.979436104757648,0.0209956475388868,"(24,28]"
20,Ramgarh,23.6953273,85.5233925922095,1337521389.80563,1283019952.55912,1334412330.2426,-0.0407480864694282,-0.0023244933402391,0.979414066434913,0.0210186215111454,"(20,24]"
20,Dumka,24.3141976,87.278417781689,3789296911.29184,3635311070.98145,3780935640.77643,-0.0406370479577676,-0.00220654931802455,0.979470750988631,0.0209595324726624,"(24,28]"
20,Jamtara,23.9809849,86.9275811077114,1866381521.28059,1790363195.64665,1862152189.92475,-0.0407303248382862,-0.00226605938154056,0.979423133871012,0.0210091689867091,"(20,24]"
20,Ranchi,23.2995734,85.3721214545946,5076287924.83658,4869672847.72085,5064223095.28657,-0.0407020011817759,-0.0023767031596017,0.979437593120779,0.0209940960237225,"(20,24]"
20,Khunti,22.9277515,85.2809959202573,2684002412.38131,2575037655.66511,2677470109.27978,-0.0405978609458554,-0.00243379181456604,0.979490754961038,0.0209386815904939,"(20,24]"
20,Gumla,23.1599429,84.4644323283465,5279369851.92666,5064847377.2072,5266618734.1423,-0.0406341061028668,-0.00241527268253727,0.979472252744882,0.0209579671068694,"(20,24]"
20,Simdega,22.5884734,84.5527645500076,3786163075.0478,3633284980.24149,3776688731.7093,-0.0403781062188857,-0.00250236008082594,0.979602926588684,0.0208217767196202,"(20,24]"
20,Pashchimi Singhbhum,22.42848995,85.5329830304195,7190795846.30013,6901333023.93301,7172611602.23417,-0.040254629467204,-0.00252882218528239,0.979665948439975,0.0207561073163816,"(20,24]"
20,Saraikela-Kharsawan,22.8170197,85.9166064973121,2639486767.39025,2532513358.90383,2632997856.72769,-0.0405281094067344,-0.00245839863367803,0.979526360336089,0.0209015708948213,"(20,24]"
01,Kupwara,34.4986236,74.1628643069192,2619661053.33788,2607116070.96419,2619187344.89115,-0.00478878073089062,-0.000180828144208611,0.997602736197686,0.00240302448593033,"(32,38]"
01,Badgam,33.8997856,74.6168036797786,1249917801.17678,1239012215.3405,1249534758.24557,-0.00872504241959793,-0.000306454497129405,0.99562792125392,0.00439127775823489,"(32,38]"
01,Leh(Ladakh),33.91724355,77.6387426207545,50119914916.1161,49684741991.7508,50104176973.0765,-0.00868263493850074,-0.0003140057812554,0.995649217878214,0.00436979414402372,"(32,38]"
01,Kargil,33.7734705,76.5202261207219,13906675045.4149,13781352942.3106,13902247005.0522,-0.00901165107367274,-0.000318411147752884,0.995483977232345,0.00453650974896735,"(32,38]"
01,Punch,33.7078381,74.2316735874617,1796485535.64513,1778328923.07648,1795849684.62363,-0.0101067401926627,-0.000353941631521915,0.994933796695708,0.00509200041361235,"(32,38]"
01,Rajouri,33.2809297,74.3229545092454,2784669670.10777,2748942931.56134,2783422069.37366,-0.0128297941152389,-0.000448024678657566,0.993564394432873,0.0064772908562214,"(32,38]"
01,Kathua,32.58451765,75.5927477599645,2526671310.7911,2484095798.00566,2525164976.0818,-0.01685043582978,-0.000596173591264404,0.991538987720715,0.00853321188986689,"(32,38]"
01,Baramula,34.16995975,74.3085312850867,2118664631.53018,2103412033.51407,2118122030.66406,-0.00719915638800206,-0.000256105123031092,0.996393919899152,0.00361913097704658,"(32,38]"
01,Bandipore,34.44534055,74.6556719936774,2587867322.51707,2574993518.28962,2587328597.49793,-0.00497467706919852,-0.00020817335357548,0.997509560320502,0.00249665745428818,"(32,38]"
01,Srinagar,34.10557765,74.8865293362645,477443013.862045,473901454.831457,477317355.333189,-0.00741776280678996,-0.000263190632613486,0.996284215067774,0.00372964348529137,"(32,38]"
01,Ganderbal,34.29801515,75.025540441777,1287006571.38724,1278879913.42932,1286713930.67007,-0.00631438730663314,-0.000227380903618513,0.996837806613176,0.00317222457439503,"(32,38]"
01,Pulwama,33.95077815,75.0294987100521,896615274.444633,888891588.9493,896343836.363533,-0.00861426937001264,-0.000302736400814574,0.995683549442285,0.00433516307478676,"(32,38]"
01,Shupiyan,33.7292976,74.7727850235274,492062889.563917,487172421.854118,491892032.264367,-0.0099387046117887,-0.000347226550047819,0.995018238721387,0.00500670348014376,"(32,38]"
01,Anantnag,33.8226405,75.2431442679979,2820373148.42948,2793959380.84452,2819446815.31799,-0.00936534500750885,-0.000328443458627703,0.995306312143398,0.00471582245519397,"(32,38]"
01,Kulgam,33.620398,74.8172018425532,1166166620.51339,1153580270.31521,1165727604.35746,-0.0107929261366037,-0.000376460917509314,0.994588896913391,0.00544054242250391,"(32,38]"
01,Doda,33.13446565,75.5664972343842,2434139439.94674,2400400080.23768,2432959168.72118,-0.0138608984988138,-0.000484882339190751,0.993045367292545,0.0070033383534287,"(32,38]"
01,Ramban,33.3130419,75.2005968476581,1167864304.48013,1153243179.98604,1167354221.73428,-0.0125195405305228,-0.000436765422053509,0.993720513761026,0.00631916736347482,"(32,38]"
01,Kishtwar,33.60985395,75.8455189326783,7834564712.5461,7747743290.45691,7831531486.89153,-0.0110818437621876,-0.000387159435892293,0.994443641559346,0.00558740406036651,"(32,38]"
01,Udhampur,32.9005107,75.328417875412,2391168336.75462,2355141778.17603,2389903315.74573,-0.0150665087124223,-0.000529038875866195,0.992438154893078,0.00761946230063715,"(32,38]"
01,Reasi,33.20285425,74.8533462319177,2149511696.24098,2121520675.69581,2148534097.82846,-0.0130220368626629,-0.000454800229388708,0.993467645742597,0.00657530648873905,"(32,38]"
01,Jammu,32.77321095,74.8963622442653,2254441452.15822,2219373973.93614,2253207682.19999,-0.0155548409511835,-0.000547261920263886,0.992192097856467,0.00786934522095217,"(32,38]"
01,Samba,32.5756826,75.1231015804689,788860476.447637,775593565.324781,788391269.925442,-0.0168178169891317,-0.000594790252780864,0.991555436176348,0.00851648179774567,"(32,38]"
11,North  District,27.75315455,88.5169925772211,4218613164.79231,4067081926.90198,4211964824.08322,-0.035919680703359,-0.00157595409898603,0.981875918482901,0.0184586271808176,"(24,28]"
11,West District,27.3593886,88.1875093566289,1175608182.1748,1132305513.79763,1173665939.74776,-0.0368342693031102,-0.00165211713944036,0.981410072648987,0.0189420588488927,"(24,28]"
11,South District,27.3084815,88.378084550167,709994628.395426,683745573.016905,708813068.330546,-0.0369707802407506,-0.00166418169606453,0.981340521816586,0.0190142746259707,"(24,28]"
11,East District,27.2824825,88.6721647185421,955618583.820305,920306719.412976,954030113.753145,-0.0369518393689688,-0.00166224275464599,0.981350172278495,0.0190042537804873,"(24,28]"
12,Tawang,27.6636507,91.9547335605026,2176933022.11039,2098236937.39373,2173462615.81216,-0.036149979773089,-0.00159417228870951,0.981758636441214,0.0185802934465742,"(24,28]"
12,West Kameng,27.32169975,92.441660834728,4970345287.96503,4786730176.75273,4962083380.87611,-0.0369421238514153,-0.00166224006789395,0.981355122342868,0.0189991138097083,"(24,28]"
12,East Kameng,27.4379279,93.0792142256191,6510516722.58172,6272190191.05111,6499879783.95167,-0.0366063926545149,-0.00163380866424245,0.981526162333682,0.018821543811318,"(24,28]"
12,Papum Pare,27.28435045,93.6099965380099,3358424495.26642,3234183204.78931,3352827281.05257,-0.0369939210043954,-0.0016666190416782,0.981328731361517,0.0190265178647913,"(24,28]"
12,Upper Subansiri,28.2368241,94.1045717653931,6745689810.88229,6513179205.50494,6735793697.06153,-0.0344680250494568,-0.00146702770186613,0.98261486603376,0.0176927243492804,"(28,32]"
12,West Siang,28.30092675,94.6456400429468,8373188179.95366,8085922060.29139,8360979387.77079,-0.0343078542472055,-0.00145808166739869,0.982696364984014,0.017608323010605,"(28,32]"
12,East Siang,28.15736045,95.234076948802,3795147799.11335,3662472922.06763,3789444763.1021,-0.0349590804017478,-0.00150271776308353,0.982364962525767,0.0179516148752812,"(28,32]"
12,Upper Siang,28.74066805,95.0448725271729,6623775751.32491,6405644068.70462,6614735418.35992,-0.0329316225080021,-0.00136483077090521,0.983396348118091,0.0168839877366669,"(28,32]"
12,Changlang,27.2751517,96.0594500412608,5032033488.11323,4846935841.96543,5023740610.88345,-0.0367838661219254,-0.00164801709872775,0.981435751273651,0.018915398896217,"(24,28]"
12,Tirap,26.96111815,95.4433500617726,2022815986.20756,1946671011.1846,2019322307.28524,-0.0376430557906136,-0.00172713630213595,0.980997932826256,0.0193701398727717,"(24,28]"
12,Lower Subansiri,27.6378622,93.9307082296713,2715955607.12731,2617569393.32779,2711608731.20815,-0.0362252658111689,-0.0016004959387983,0.981720293255075,0.0186200762788704,"(24,28]"
12,Kurung Kumey,27.992816,93.317680021349,7093723535.67912,6843454492.23628,7082894128.57615,-0.0352803491965918,-0.00152661815032784,0.982201430870169,0.0181210987587974,"(24,28]"
12,Dibang Valley,28.87153255,95.9188603614269,9337386880.89035,9031155697.22597,9324722471.75694,-0.0327962402726506,-0.00135631192055674,0.983465179722876,0.016812817187674,"(28,32]"
12,Lower Dibang Valley,28.23575585,95.8896750699568,3686445191.22552,3558923710.13462,3681004156.91417,-0.034591991600589,-0.00147595692574232,0.982551784080315,0.01775806242723,"(28,32]"
12,Lohit,27.95111265,96.2724720266497,4153122922.76097,4004875114.48975,4146651558.98569,-0.0356955021626617,-0.00155819220755837,0.981990070131739,0.01834023623665,"(24,28]"
12,Anjaw,28.0405665,96.8471335931825,6139770606.63056,5924470700.06075,6130494224.99506,-0.0350664414623738,-0.00151086778803833,0.982310316823368,0.0180082432950894,"(28,32]"
13,Mon,26.6691305,95.0052653162947,2199376796.58864,2115496574.48506,2195466526.36752,-0.0381381772480625,-0.0017778991881634,0.980745544344677,0.0196324681425784,"(24,28]"
13,Mokokchung,26.480799,94.5183446226743,1609915444.58271,1547941455.66632,1606990660.09544,-0.0384951825419969,-0.00181673174023311,0.980563520358576,0.0198217445763398,"(24,28]"
13,Zunheboto,26.0140573,94.511300275153,1540224024.74119,1479836170.8433,1537290157.8609,-0.0392071886477918,-0.0019048312668557,0.980200393466667,0.0201995496689287,"(24,28]"
13,Wokha,26.2687095,94.21651693058,1573199055.29961,1511958507.53041,1570259754.68143,-0.0389273992778575,-0.00186835900280868,0.98034310357249,0.0200510375968144,"(24,28]"
13,Dimapur,25.8193086,93.9062454715215,877245325.51733,842604932.161319,875539637.802522,-0.0394876921522309,-0.00194436797232622,0.980057298247286,0.020348505937744,"(24,28]"
13,Phek,25.6489388,94.3762841918447,1864326770.19654,1790412147.11066,1860655865.63836,-0.0396468174289421,-0.00196902421660217,0.979976113265552,0.0204330355234097,"(24,28]"
13,Tuensang,26.172506,94.9045055176611,2238281983.91407,2151064434.89193,2234089229.55449,-0.038966291847474,-0.00187320203160846,0.980323267168808,0.0200716778741965,"(24,28]"
13,Longleng,26.586557,94.8097256347278,566321114.571242,544598740.506307,565301168.149521,-0.038356991300564,-0.00180100369821767,0.980633983043335,0.0197484660857497,"(24,28]"
13,Kiphire,25.80149845,94.8643419514782,1108847239.08343,1065138950.87382,1106702546.5441,-0.0394177725019513,-0.00193416411543279,0.980092968803495,0.0203113702782785,"(24,28]"
13,Kohima,25.7718395,94.1253657608593,1403131264.56204,1347698687.40116,1400398525.92382,-0.0395063374047053,-0.00194760013352857,0.98004778587337,0.0203584094716869,"(24,28]"
13,Peren,25.44715435,93.6136471061913,1648137664.13382,1582520080.32473,1644846657.0168,-0.0398131692740508,-0.00199680353688947,0.979891234130579,0.0205214264287841,"(24,28]"
14,Senapati,25.1204755,93.9758456323106,3540763993.19253,3398852588.80872,3533508584.33539,-0.0400793175305231,-0.00204910829162508,0.979755419719369,0.0206628918535912,"(24,28]"
14,Tamenglong,24.98658465,93.5232240973978,4120008529.54709,3954044760.93259,4111382666.00717,-0.0402823847145655,-0.00209365186456822,0.979651782668431,0.0207708674567442,"(24,28]"
14,Churachandpur,24.32342665,93.4364909577882,4799162052.72776,4604125496.03501,4788565403.30838,-0.0406397105473639,-0.00220802075507132,0.979469391789573,0.0209609492471385,"(24,28]"
14,Bishnupur,24.5223606,93.8012441827102,416537133.175501,399647973.762384,415634446.86254,-0.0405465877300318,-0.0021671208664622,0.979516928016034,0.0209114017309058,"(24,28]"
14,Thoubal,24.4904459,93.9549425019087,639663386.823631,613727315.050888,638277127.09251,-0.0405464378718522,-0.0021671706708194,0.979517004511993,0.0209113220022268,"(24,28]"
14,Imphal West,24.7652952,93.8679323828481,502455684.431988,482153299.777805,501388724.774726,-0.0404063189714615,-0.00212349007150447,0.979588526386737,0.020836783060896,"(24,28]"
14,Imphal East,24.8705198,94.0293948788722,581405953.815348,557916303.592528,580172372.227863,-0.0404014614378717,-0.0021217216290782,0.979591005758081,0.0208341992953736,"(24,28]"
14,Ukhrul,25.08854795,94.4439882930251,4493834086.37682,4313029981.6602,4484473064.5875,-0.0402338184368515,-0.00208308130861012,0.979676569875563,0.0207450405055809,"(24,28]"
14,Chandel,24.2442796,94.1078826969067,3268962587.51937,3136048161.52291,3261705612.28837,-0.0406595127469255,-0.00221996276700021,0.979459283101179,0.0209714862610575,"(24,28]"
15,Mamit,23.75582205,92.4530215833187,2969592375.78571,2848621935.4187,2962749984.23752,-0.0407363789567244,-0.00230415177651433,0.979420043210918,0.0210123908855422,"(20,24]"
15,Kolasib,24.1900393,92.7117654047143,1589297086.2211,1524631766.79989,1585745677.85893,-0.0406879997338723,-0.00223457803639349,0.97944474079252,0.0209866451381904,"(24,28]"
15,Aizawl,23.8641343,92.9686935545749,3181066752.98435,3051501955.27013,3173775340.32056,-0.0407299839252541,-0.00229212815384838,0.979423307908662,0.0210089875595005,"(20,24]"
15,Champhai,23.54705605,93.2275133893412,3505019859.17026,3362278656.6589,3496813917.3039,-0.0407247913696985,-0.00234119696779911,0.97942595872802,0.0210062241955475,"(20,24]"
15,Serchhip,23.2834935,92.8441251583157,1321605018.5158,1267818647.52923,1318456556.30352,-0.040697765393609,-0.00238230194964784,0.979439755475747,0.0209918419272928,"(20,24]"
15,Lunglei,22.94498055,92.7602340852679,4531391959.70501,4347505865.21962,4520344091.48444,-0.0405804874353374,-0.00243807384548111,0.97949962356535,0.0209294377878666,"(20,24]"
15,Lawngtlai,22.3687499,92.7376641611221,2356226499.12443,2261343089.66251,2350274176.55548,-0.0402692226308382,-0.00252620984067564,0.97965850038121,0.0207638678283038,"(20,24]"
15,Saiha,22.2663626,93.0159710488049,1480314839.99259,1420874025.19018,1476538030.75957,-0.0401541707186425,-0.00255135538129092,0.979717219038921,0.0207026890687658,"(20,24]"
16,West Tripura,23.75212115,91.3946354895356,2979536108.67449,2858152312.33965,2972695148.1091,-0.0407391593548546,-0.00229598176221801,0.979418623799418,0.0210138705763443,"(20,24]"
16,South Tripura,23.3575945,91.6052603039063,3126483764.30494,2999215218.11326,3119071785.34523,-0.0407066070979494,-0.00237070764426561,0.979435241811346,0.0209965471026154,"(20,24]"
16,Dhalai,23.83725515,91.966305623707,2286040766.69781,2192911832.40682,2280805637.58631,-0.0407380899097071,-0.00229004188716053,0.97941916975843,0.0210133014311389,"(20,24]"
16,North Tripura,24.0933601,92.200842973517,2071314585.91005,1987030942.05411,2066677121.50677,-0.0406908947724693,-0.00223889911982955,0.979443262893533,0.0209881857227103,"(24,28]"
17,West Garo Hills,25.6052903,90.2078671233718,3451257544.64587,3314285366.09438,3444434125.43587,-0.0396876143781222,-0.00197708201191193,0.979955297767137,0.0204547108205198,"(24,28]"
17,East Garo Hills,25.7118736,90.6917032821866,2761555537.96426,2652328664.29135,2756157244.71373,-0.0395526623206824,-0.0019548016240557,0.980024151579601,0.0203830164677079,"(24,28]"
17,South Garo Hills,25.35495175,90.5595823524833,1975306596.73523,1896296750.99735,1971296270.86489,-0.0399987758196498,-0.00203022957396559,0.979796521824991,0.0206200754186976,"(24,28]"
17,West Khasi Hills,25.51586955,91.2022443723544,5131285691.67797,4927181160.48445,5121068001.2621,-0.039776489452641,-0.00199125346547102,0.979909950223672,0.0205019346642439,"(24,28]"
17,Ribhoi,25.8650917,91.8430363216116,2439059216.5483,2343008810.79718,2434354486.63341,-0.039380104057929,-0.00192891172259058,0.980112185385975,0.0202913655299506,"(24,28]"
17,East Khasi Hills,25.4058707,91.8362041054627,2843878896.09901,2730341191.61842,2838143585.22687,-0.0399235370522743,-0.00201672120427021,0.979834916170947,0.0205800829264746,"(24,28]"
17,Jaintia Hills,25.39136865,92.4037179963299,3800456655.12256,3648686039.4712,3792782446.8287,-0.0399348366325374,-0.00201928583595812,0.9798291500907,0.0205860888170486,"(24,28]"
18,Kokrajhar,26.4878758,90.1184744214087,3153000886.97222,3031726471.10799,3147282900.95935,-0.0384631721371591,-0.0018135059956661,0.98057984267618,0.0198047690546233,"(24,28]"
18,Dhubri,25.9248106,89.9883239868452,2167615552.61616,2082816350.00013,2163509672.75756,-0.0391209605936252,-0.00189419191684626,0.98024437739085,0.0201537729415338,"(24,28]"
18,Goalpara,26.0522464,90.5851516347129,1997824762.0505,1919641076.10314,1994039600.10527,-0.0391344062965368,-0.00189464162079456,0.98023751902458,0.0201609105873499,"(24,28]"
18,Barpeta,26.3699353,91.0548920684733,2326659208.15057,2236580561.65652,2322372493.15822,-0.0387158747523025,-0.001842433553367,0.980450980542983,0.0199388035148786,"(24,28]"
18,Morigaon,26.29105025,92.2814527243699,1509117010.52527,1450562379.79738,1506321536.03973,-0.0388005902256088,-0.00185239081267174,0.980407777291873,0.0199837487644634,"(24,28]"
18,Nagaon,26.20549435,92.6257004843406,3993546825.09058,3838322261.76243,3986109303.8807,-0.0388688477002238,-0.0018623848763103,0.980372965916429,0.0200199666513894,"(24,28]"
18,Sonitpur,26.75602345,92.8915540884917,5209437223.18262,5011683991.86557,5200274539.45259,-0.0379605747885821,-0.0017588624907996,0.980836084782477,0.0195383464320373,"(24,28]"
18,Lakhimpur,27.17383765,94.1973994340723,2874010467.72028,2767121546.8065,2869169648.59202,-0.0371915558813442,-0.0016843429008454,0.981228028604287,0.0191310998549588,"(24,28]"
18,Dhemaji,27.5780891,94.7027558388645,2581970390.7786,2488246569.1383,2577822014.47538,-0.0362993402151453,-0.00160667074961185,0.981682565692625,0.0186592234063474,"(24,28]"
18,Tinsukia,27.6033173,95.5588700202219,3805606197.13349,3667488843.96193,3799492699.16612,-0.0362931280897092,-0.00160644524175346,0.981685729706962,0.0186559402248871,"(24,28]"
18,Dibrugarh,27.40048735,94.9897057928605,3375863498.41648,3251668412.54304,3370299190.15207,-0.0367891314123602,-0.0016482622200279,0.981433068827233,0.018918183789093,"(24,28]"
18,Sivasagar,26.99429825,94.7951407983833,2624501706.83421,2526010643.1673,2619998694.76516,-0.0375275289059424,-0.00171575886474762,0.981056813387511,0.0193089598420704,"(24,28]"
18,Jorhat,26.7672976,94.253541580386,3188232088.02011,3067300763.3384,3182633114.48396,-0.0379305274343477,-0.00175613737694547,0.980851401877804,0.0195224251966579,"(24,28]"
18,Golaghat,26.3192021,93.9965502736359,3285960737.61245,3159362146.45718,3279974043.57681,-0.0385271161965419,-0.00182190065971066,0.980547236905728,0.0198386802411052,"(24,28]"
18,Karbi Anglong,25.8507683,92.5831607531859,10474347566.1535,10064809735.3727,10454526250.5485,-0.0390991255726696,-0.00189236756560429,0.980255514867083,0.0201421821489003,"(24,28]"
18,Dima Hasao,25.3921969,93.0805667582088,4912770177.91938,4716623315.15831,4902855635.54674,-0.0399259187092971,-0.00201811646252126,0.979833700834332,0.0205813488028597,"(24,28]"
18,Cachar,24.75688595,92.8829106054539,3789836722.53146,3636777447.01184,3781804473.97708,-0.0403867730262993,-0.00211941810226957,0.979598502945825,0.0208263865173586,"(24,28]"
18,Karimganj,24.58384715,92.3773586269498,1794749385.58626,1722024675.8443,1790872309.90893,-0.0405208160682582,-0.0021602323469041,0.979530083219368,0.0208976907716349,"(24,28]"
18,Hailakandi,24.5066107,92.631888774933,1341029980.31332,1286632796.40043,1338112313.84463,-0.0405637343769063,-0.00217569070902701,0.979508175373281,0.0209205243426478,"(24,28]"
18,Bongaigaon,26.3520295,90.6344497682074,1063564931.34284,1022425030.54615,1061610145.25171,-0.038681136980277,-0.00183795651165408,0.980468695583762,0.0199203753309121,"(24,28]"
18,Chirang,26.64108435,90.6249618961478,1935365845.54978,1861459675.4639,1931915963.01213,-0.0381871831911361,-0.00178254801053845,0.980720560001096,0.0196584437863545,"(24,28]"
18,Kamrup,26.13407435,91.3088247150534,3111577794.76751,2990033597.83127,3105708979.52141,-0.039061918085618,-0.00188612197193605,0.980274493146885,0.020122432023904,"(24,28]"
18,Kamrup Metropolitan,26.13458865,91.8621333536828,984576723.435324,946150977.986356,982725200.531653,-0.0390276801536554,-0.00188052678841622,0.980291956432544,0.0201042591833325,"(24,28]"
18,Nalbari,26.36704995,91.4082887923315,1044618431.98343,1004243487.03962,1042702077.41932,-0.0386504236452629,-0.00183450196305668,0.98048435803675,0.0199040829191066,"(24,28]"
18,Baksa,26.62255195,91.4955374453299,2447519568.26692,2354062441.33747,2443157705.95028,-0.0381844248116169,-0.00178215625860212,0.980721966302572,0.0196569816521071,"(24,28]"
18,Darrang,26.4316794,91.976101762172,1583159725.40868,1522148992.51509,1580276224.7394,-0.0385373199648803,-0.00182135802407957,0.980542033793106,0.0198440918760245,"(24,28]"
18,Udalguri,26.7055349,92.0398119187956,2018807155.57948,1941975783.16037,2015236274.91631,-0.0380578066640792,-0.00176880721533923,0.980786517717246,0.0195898719401988,"(24,28]"
25,Diu,20.720323,70.9338978844811,37879540.9467913,36434390.5241644,37773470.6543469,-0.0381512126732703,-0.00280020004976622,0.980738898650772,0.0196393773875245,"(20,24]"
25,Daman,20.38978485,72.8454677287228,54658294.57805,52603575.6915474,54502673.695417,-0.037592078244749,-0.00284715949947545,0.98102391497621,0.0193431421335428,"(20,24]"
26,Dadra & Nagar Haveli,20.20604555,73.0140958747588,506861456.893331,488027001.210536,505401554.383275,-0.0371589818611096,-0.00288027919701095,0.981244627062432,0.0191138605198957,"(20,24]"
27,Nandurbar,21.5182662,74.5492529695995,5922165313.84926,5688966865.21371,5906354069.72146,-0.0393772271250517,-0.00266984173691076,0.980113653039763,0.0202898377127601,"(20,24]"
27,Dhule,21.1294694,74.4812014149474,7162579219.86999,6884899808.03494,7142956671.13508,-0.0387680754810682,-0.00273959255912626,0.980424359407156,0.0199664975732359,"(20,24]"
27,Jalgaon,20.84413135,75.5253546423463,11915628174.4757,11457002974.0966,11882659911.5069,-0.0384893850046075,-0.00276680863871059,0.980566476581467,0.0198186700062233,"(20,24]"
27,Buldana,20.56772215,76.410845978455,9731704958.14419,9364385355.08369,9704149888.32095,-0.0377446300150209,-0.00283147402657169,0.980946160594443,0.0194239400396963,"(20,24]"
27,Akola,20.7607357,77.1907919985258,5459996439.16676,5251527659.64769,5444729960.94951,-0.0381811200504896,-0.00279606010504729,0.980723651162503,0.0196552299056394,"(20,24]"
27,Washim,20.2855623,77.2387304444386,5146149972.46314,4954598101.26118,5131355561.27361,-0.0372223647244917,-0.00287485037721247,0.981212329353595,0.019147405800314,"(20,24]"
27,Amravati,21.1578914,77.6424020944166,12261924141.1477,11785205418.3744,12228487123.2956,-0.0388779703157279,-0.0027268981170645,0.980368313280408,0.0200248074663925,"(20,24]"
27,Wardha,20.82667525,78.6142846763399,6325730617.05333,6083670292.84931,6308093807.31305,-0.0382659867860107,-0.0027881063560844,0.980680382802669,0.0197002178651906,"(20,24]"
27,Nagpur,21.15383465,79.0158334245393,9921179064.53297,9535571461.95982,9894107733.9066,-0.0388671144896127,-0.00272864046201426,0.980373849870746,0.0200190469501425,"(20,24]"
27,Bhandara,21.12148465,79.7975934292073,4091003380.41981,3932355193.84448,4079802270.18924,-0.0387797740120779,-0.00273798606087206,0.980418393334153,0.0199727043056128,"(20,24]"
27,Gondiya,21.14373495,80.263334600857,5214688458.18168,5012146506.08616,5200444252.47443,-0.0388406620490882,-0.00273155449677776,0.980387340774508,0.020005010682816,"(20,24]"
27,Gadchiroli,19.76327875,80.152499816244,14352247408.7112,13832707315.8183,14310044233.59,-0.036199215223785,-0.00294052728603467,0.981733560991074,0.0186063100363867,"(16,20]"
27,Chandrapur,20.0990917,79.5019605690032,11375056024.1165,10954492528.0063,11342163661.0649,-0.0369724329461361,-0.00289162207041915,0.981339679751035,0.0190151490192458,"(20,24]"
27,Yavatmal,20.0652283,78.3561493196066,13634895874.8401,13131679612.5001,13595396011.2028,-0.0369064983670716,-0.00289696848438048,0.981373273343496,0.0189802668999162,"(20,24]"
27,Nanded,19.0899836,77.4787402638308,10630220681.0952,10262912604.7577,10597899685.685,-0.0345531938947149,-0.00304048207273844,0.982571527220937,0.0177376122717057,"(16,20]"
27,Hingoli,19.6304709,77.1909233432432,4724568054.49643,4554819219.28677,4710568992.02931,-0.0359289639289051,-0.00296303541522558,0.981871191180949,0.0184635306360776,"(16,20]"
27,Parbhani,19.28786255,76.6231820523793,6368226572.77559,6145334471.01283,6349010045.66918,-0.0350006550827877,-0.00301756334935654,0.982343801791009,0.0179735426403675,"(16,20]"
27,Jalna,19.91464155,75.862188748615,7658512762.35284,7380554562.8149,7636008206.10901,-0.0362940179331291,-0.00293850215337521,0.981685276484715,0.0186564105156675,"(16,20]"
27,Aurangabad,20.02259145,75.151715176017,10202377790.6261,9827118751.13539,10172735303.1427,-0.0367815275215103,-0.00290544891512246,0.981436942690915,0.0189141619819089,"(20,24]"
27,Nashik,20.2224366,74.1080165895488,15522722966.4493,14944375269.1903,15478161275.3443,-0.0372581343176106,-0.00287073931560089,0.981194101940278,0.019166338263279,"(20,24]"
27,Thane,19.6075144,73.1512228953822,9582815805.18535,9239570117.82295,9554364821.08511,-0.0358188756144788,-0.00296895867338343,0.981927250047335,0.0184053858896307,"(16,20]"
27,Mumbai Suburban,19.13147395,72.8885167469419,403933603.618253,389921342.926955,402707312.62326,-0.034689514726633,-0.00303587268800765,0.982502155353039,0.0178094720216402,"(16,20]"
27,Mumbai,18.96983305,72.8251402350791,77260361.22106,74612699.0533803,77024071.4079731,-0.0342693475131988,-0.00305835760217188,0.982715957175216,0.0175880351780044,"(16,20]"
27,Raigarh,18.4922348,73.1427461820657,6989467979.7444,6759768481.03912,6967622012.48316,-0.0328636599196039,-0.00312555509583223,0.983430902544961,0.016848257881831,"(16,20]"
27,Pune,18.6459024,73.9212767168572,15685303550.8829,15167068290.1337,15636408396.0353,-0.0330395429752469,-0.00311725907560212,0.983341475289613,0.0169407323183235,"(16,20]"
27,Ahmadnagar,19.159171,74.8560931528724,17151084150.0113,16554092875.4204,17099174262.9763,-0.0348077864564896,-0.00302662424024991,0.982441964465846,0.0178718297560716,"(16,20]"
27,Bid,18.9917459,75.9079676788771,10673536407.2302,10309079518.711,10640831109.1796,-0.0341458420727736,-0.00306414826378221,0.982778793995488,0.0175229727276662,"(16,20]"
27,Latur,18.35112035,76.7545664094825,7153941889.91552,6921734106.04157,7131440593.89823,-0.0324587182069905,-0.00314530036216931,0.983636763136174,0.0166354466171583,"(16,20]"
27,Osmanabad,18.16991425,76.1156581331097,7637796873.41021,7394395308.48067,7613579771.3426,-0.0318680332776202,-0.00317069208162912,0.983936972942058,0.016325260153516,"(16,20]"
27,Solapur,17.84899585,75.2785058174218,14858659658.564,14404877636.0324,14810739069.0063,-0.0305399028552387,-0.00322509503945057,0.984611647881926,0.0156288544332959,"(16,20]"
27,Satara,17.63005385,74.3003029336955,10648527427.4503,10327852364.6906,10614002755.0351,-0.0301144984547875,-0.00324220157673094,0.984827650680672,0.0154060959893247,"(16,20]"
27,Ratnagiri,17.2829757,73.4661694058949,8308829922.00661,8070621645.33489,8281462105.50057,-0.0286692926570569,-0.00329382316919913,0.985561112941731,0.0146504228592903,"(16,20]"
27,Sindhudurg,16.1365495,73.6606863444413,5088102983.22101,4965765828.79057,5070596806.64338,-0.0240437653942683,-0.00344060971944948,0.987904972457236,0.012243108274554,"(16,20]"
27,Kolhapur,16.4603638,74.0914751738221,7781977427.77061,7583683533.84266,7755532589.73559,-0.025481170533895,-0.00339821572093524,0.987177202667335,0.0129893572278794,"(16,20]"
27,Sangli,17.1548465,74.7584905779892,8546124482.29959,8306090604.09226,8517785760.6123,-0.0280868689315823,-0.00331597342701762,0.985856546901433,0.0143463601707774,"(16,20]"
28,Adilabad,19.2938998,79.072104803363,16155884316.6288,15591026423.0812,16107097988.8439,-0.034962982061353,-0.00301972500104319,0.982362976673412,0.0179536726702714,"(16,20]"
28,Nizamabad,18.5399003,78.1215307825637,8060412660.67786,7795093409.96033,8035230109.57126,-0.032916335910674,-0.00312422603738982,0.983404120435402,0.0168759508118093,"(16,20]"
28,Karimnagar,18.53168755,79.4058951016896,11905833085.5344,11513003037.8982,11868681281.8651,-0.0329947551602696,-0.00312047073081445,0.983364248302596,0.016917181732119,"(16,20]"
28,Medak,17.86071735,78.204433275,9477291116.95217,9184488831.73176,9446850836.39556,-0.0308951452062776,-0.00321191785510977,0.984431234162002,0.0158149856462557,"(16,20]"
28,Hyderabad,17.39666455,78.4630532545957,181894684.704243,176587436.05317,181298436.63359,-0.0291775906464905,-0.00327798512431932,0.985303206811746,0.0149160107128956,"(16,20]"
28,Rangareddy,17.2886594,78.1114832196918,7572982096.92666,7355149635.59385,7548049319.68672,-0.0287644231221962,-0.00329233278526508,0.985512849676656,0.0147001130711759,"(16,20]"
28,Mahbubnagar,16.53338635,78.0859316551738,18481976621.5474,18009127231.8726,18419225587.8849,-0.0255843516825725,-0.00339525554801179,0.987124940581195,0.0130429886729684,"(16,20]"
28,Nalgonda,17.084588,79.4282904033289,14299265144.6035,13900222474.2445,14251775095.5794,-0.0279065159169837,-0.00332115311827952,0.985948012870362,0.0142522596995034,"(16,20]"
28,Warangal,17.9654977,79.5950700276345,12842790454.8908,12443297407.2278,12801659443.6177,-0.0311064055016824,-0.00320265377042184,0.984323927626631,0.0159257251941101,"(16,20]"
28,Khammam,17.6955928,80.7935830372675,15903155509.0995,15428626963.2722,15851444063.3491,-0.0298386408631819,-0.00325164686473023,0.984967694463538,0.0152617244412763,"(16,20]"
28,Srikakulam,18.619113,83.9715807784579,5652106421.93162,5464904483.61663,5634501425.24962,-0.0331207384186173,-0.00311476737481153,0.983300188946073,0.0169834311450976,"(16,20]"
28,Vizianagaram,18.50242315,83.3355957415512,6103432336.06149,5903589211.64089,6084319558.29473,-0.0327427443145139,-0.0031314802416732,0.983492377034762,0.0167846984386486,"(16,20]"
28,Visakhapatnam,17.8959407,82.5663438345873,11474010710.7714,11119620456.1185,11437158660.4408,-0.0308863451138456,-0.00321178455027804,0.984435703784739,0.0158103735525061,"(16,20]"
28,East Godavari,17.1650072,82.0505247336306,10813098746.4697,10506363845.614,10777363923.4219,-0.0283669749114107,-0.00330477172969923,0.985714474423801,0.0144925594042331,"(16,20]"
28,West Godavari,16.9018551,81.3518052044026,7853575778.00118,7639844640.37516,7827308879.35954,-0.0272144999510553,-0.00334457823851597,0.986298889814312,0.0138914383126472,"(16,20]"
28,Krishna,16.43093165,81.0386334719116,8795516314.25208,8568098745.2611,8765725643.16824,-0.0258560794916023,-0.0033870292566649,0.986987295008602,0.0131842679811642,"(16,20]"
28,Guntur,16.2691955,80.1849151793564,11372204823.1193,11090752042.9854,11333304230.5145,-0.0247491831629438,-0.00342067287829051,0.987547880782019,0.0126091296030333,"(16,20]"
28,Prakasam,15.63865045,79.5106823311994,17712835147.7529,17328978002.9109,17650770309.292,-0.0216711295306492,-0.00350394716278601,0.989105085655387,0.0110149209650396,"(12,16]"
28,Sri Potti Sriramulu Nellore,14.29677435,79.7816636625,13239562614.6377,13033782920.0034,13191322844.1765,-0.0155427864668869,-0.00364360756207216,0.992198172510468,0.00786317462144814,"(12,16]"
28,Y.S.R.,14.4824336,78.6616654296068,15501710578.292,15256287131.2536,15445312996.3285,-0.0158320235562975,-0.00363815216899199,0.992052406097431,0.00801126417689302,"(12,16]"
28,Kurnool,15.53080315,77.9001224421746,17594546533.993,17219989666.1573,17532721512.8531,-0.02128823650624,-0.00351387408709192,0.989298622001345,0.0108171362626648,"(12,16]"
28,Anantapur,14.46342385,77.4981800013223,19171777895.4978,18866435223.3458,19102073497.214,-0.0159266748142193,-0.00363578165070289,0.992004700183311,0.00805973985326025,"(12,16]"
28,Chittoor,13.3069856,78.9292954226281,15116659150.581,14963597509.267,15060015981.0761,-0.0101253616813989,-0.00374706930550373,0.994924438497015,0.00510145424777386,"(12,16]"
29,Belgaum,16.15548225,74.8896809079121,13418205819.7779,13096769906.0795,13372018966.1573,-0.0239552081713217,-0.00344210353015739,0.987949792159844,0.0121971864722117,"(16,20]"
29,Bagalkot,16.29126715,75.5784593696654,6546567130.33114,6386620891.24007,6524113540.87994,-0.0244320780504973,-0.0034298265035978,0.987708419499147,0.0124445436104372,"(16,20]"
29,Bijapur,16.816407,75.8746129,10545440552.737,10262566460.2415,10510040236.9404,-0.0268243029848714,-0.00335693095225387,0.986496678664013,0.0136881569173395,"(16,20]"
29,Bidar,18.01401785,77.2585041947676,5454573700.25882,5284903822.67092,5437101030.40848,-0.031105983145824,-0.00320330621795628,0.984324142167699,0.0159255037652328,"(16,20]"
29,Raichur,16.05305505,76.9022823675396,8491113889.29761,8288542679.217,8461852476.80004,-0.0238568476081731,-0.00344612177849302,0.987999571048402,0.0121461884227982,"(16,20]"
29,Koppal,15.57326905,76.3116831997076,5594627027.52751,5474756497.86766,5574985571.15123,-0.0214260091101779,-0.00351077136682065,0.989228988096195,0.0108882898028839,"(12,16]"
29,Gadag,15.4122565,75.680340824483,4651904820.21624,4555131458.36547,4635501937.32085,-0.020802953970641,-0.00352605728821065,0.989543857557288,0.0105666286166668,"(12,16]"
29,Dharwad,15.3717283,75.1368138726799,4233595541.50546,4146334831.19469,4218646028.80818,-0.0206114895613627,-0.00353116223567573,0.989640596599916,0.0104678440190062,"(12,16]"
29,Uttara Kannada,14.7255192,74.6407260922861,10331264019.1058,10149824732.6443,10294061211.5576,-0.0175621575565168,-0.00360099281941206,0.991180025244397,0.00889845893880725,"(12,16]"
29,Haveri,14.71900165,75.388972858238,4876723693.89108,4792223506.24257,4859133330.75595,-0.0173272452885435,-0.00360700425926508,0.991298519474057,0.00877786091172617,"(12,16]"
29,Bellary,15.1985079,76.7144870805205,8481977926.37238,8318975162.42369,8451747276.64875,-0.0192175416351746,-0.0035641037958416,0.990344615961952,0.00974951939196433,"(12,16]"
29,Chitradurga,14.30638885,76.5316097807325,8509283804.817,8388491246.41327,8478042024.8771,-0.0141953848495864,-0.00367149347189721,0.992876938573161,0.00717416343366262,"(12,16]"
29,Davanagere,14.37408905,75.8910328044264,5926931229.52949,5834813512.78547,5905329955.92671,-0.0155422280395394,-0.00364459663293482,0.992198453919608,0.00786288876945185,"(12,16]"
29,Shimoga,14.0552418,75.2373827162782,8522836210.86021,8407755344.74226,8491427120.72861,-0.0135026490326426,-0.00368528613650643,0.993225730117458,0.00682047361151317,"(12,16]"
29,Udupi,13.5261444,74.8748147565289,3598538581.32124,3561376494.75292,3585065940.74051,-0.0103269940639841,-0.00374392000426671,0.994823102835884,0.00520383689256754,"(12,16]"
29,Chikmagalur,13.40383805,75.6387702695608,7218903726.56792,7146267618.79827,7191842340.12409,-0.0100619305258679,-0.00374868366013004,0.994956315359691,0.00506925235052758,"(12,16]"
29,Tumkur,13.4048095,76.8717065025273,10616640252.0606,10506076974.8956,10576916054.8064,-0.010414149348569,-0.00374169193935447,0.9947792974582,0.00524810131768838,"(12,16]"
29,Bangalore,12.9447132,77.5491555874899,2199910938.52742,2184649536.64593,2191548849.63278,-0.00693728169364249,-0.00380110337567996,0.996525322461179,0.00348679302021049,"(12,16]"
29,Mandya,12.6365937,76.7301576941032,4965005701.63114,4941365289.23728,4945965745.74456,-0.00476140689749638,-0.00383483061868894,0.997616455910037,0.00238923894633269,"(12,16]"
29,Hassan,13.03190085,76.1722228581571,6870724176.35079,6821023910.78398,6844642381.0667,-0.00723362840526853,-0.00379607660192005,0.996376621360985,0.00363655525564788,"(12,16]"
29,Dakshina Kannada,12.82217085,75.2244135,4862209629.6147,4831479059.5856,4843680749.85573,-0.00632028899822146,-0.00381079409783502,0.996834846402241,0.00317520360487311,"(12,16]"
29,Kodagu,12.3845688,75.6586931261149,4119938781.19039,4108168496.4057,4104023952.4601,-0.00285690768960545,-0.0038628799056315,0.99857052445503,0.00143152187047546,"(12,16]"
29,Mysore,12.19796175,76.6100726521778,6378461398.60548,6365334483.90954,6353749312.16825,-0.00205800644945631,-0.00387430210718687,0.998970466805973,0.0010305942249913,"(12,16]"
29,Chamarajanagar,11.9567356,77.1233883713855,5670142397.64,5668222085.2076,5648039204.98615,-0.000338670935883578,-0.00389817240975376,0.999830650192379,0.000169378491835515,"(6,12]"
29,Gulbarga,17.2361284,76.7762064561343,11126200864.9189,10807394634.5145,11089529427.2596,-0.0286536468534856,-0.00329595322828757,0.985569050420372,0.0146422511679647,"(16,20]"
29,Yadgir,16.5747122,76.9285531870094,5353138766.77091,5213077801.33525,5335053082.38418,-0.0261642695132572,-0.00337851962646563,0.986831156017453,0.0133445766302032,"(16,20]"
29,Kolar,13.1745424,78.2632329297452,3914914507.43511,3883259954.04564,3900107224.582,-0.00808563081757019,-0.00378227489386807,0.99594897920648,0.00406749831376652,"(12,16]"
29,Chikkaballapura,13.59156635,77.7844580883525,4370903506.543,4323639966.80672,4354575747.06112,-0.0108132196616867,-0.00373555706673556,0.994578694894634,0.00545085585805794,"(12,16]"
29,Bangalore Rural,13.1823666,77.3418416009158,2279949372.25576,2260205160.50017,2271347364.98975,-0.00865993429321277,-0.0037728939820727,0.995660617734169,0.00435829457200598,"(12,16]"
29,Ramanagara,12.72036955,77.3202474432071,3524106646.7363,3505885846.67918,3510614702.7272,-0.00517033162830105,-0.00382847210983306,0.997411483978252,0.00259523382608684,"(12,16]"
30,North Goa,15.53448745,74.0195613679308,1706462865.18813,1669951746.25148,1700470029.93884,-0.0213957887285279,-0.0035118462707544,0.98924426269323,0.010872681007507,"(12,16]"
30,South Goa,15.1957381,74.1227687550254,1948029573.1738,1909717374.03661,1941106277.70988,-0.0196671547828567,-0.00355399915856602,0.990117591610786,0.00998104515357268,"(12,16]"
32,Kasaragod,12.41902635,75.1904272492947,1994914321.08443,1987390386.86953,1987233733.98033,-0.00377155757286118,-0.00385008369679118,0.998112439771762,0.00189112984972906,"(12,16]"
32,Kannur,11.98591805,75.5471695848208,2981657607.53533,2979761221.65873,2970046439.1152,-0.000636017318622395,-0.00389419911621813,0.999681940759849,0.000318160434017223,"(6,12]"
32,Wayanad,11.7153914,76.1268500630807,2146477166.20523,2149469491.32337,2138060335.14866,0.00139406333561132,-0.00392123018548263,1.00069678891041,-0.000696303733692893,"(6,12]"
32,Kozhikode,11.4649192,75.8922433773328,2351315338.02697,2358449237.04543,2342046087.13395,0.00303400352266214,-0.00394215558547817,1.00151585285639,-0.0015135585243774,"(6,12]"
32,Malappuram,11.1072012,76.1083627880783,3543183211.92067,3563198841.07204,3529103854.68183,0.00564905283024064,-0.00397364640684594,1.00282054866773,-0.00281261554868817,"(6,12]"
32,Palakkad,10.7858004,76.4731810895403,4509105362.57646,4546139658.78028,4491056199.88746,0.00821322484747955,-0.00400282566887877,1.00409821474171,-0.00408148792771179,"(6,12]"
32,Thrissur,10.4782182,76.2714227225386,3026917087.33753,3059399830.41669,3014717950.64906,0.0107312959496133,-0.00403021831668382,1.00535132961051,-0.00532284531078286,"(6,12]"
32,Ernakulam,10.04508315,76.5037493411476,3093036519.94884,3135898163.38029,3080472666.3043,0.0138574643897726,-0.00406198037543692,1.00690489341833,-0.00685754281607054,"(6,12]"
32,Idukki,9.81240065,77.0054135571766,4357385234.73308,4426660860.44046,4339602105.68732,0.0158984395401112,-0.0040811468547729,1.00791787341038,-0.00785567318455549,"(6,12]"
32,Kottayam,9.62873845,76.645559968293,2228275053.54566,2267446370.37266,2219145793.79014,0.0175792107732295,-0.00409700756690268,1.00875131265007,-0.00867539158593489,"(6,12]"
32,Alappuzha,9.50042545,76.4117896374479,1424219391.70761,1451844799.11831,1418361615.30215,0.0193968763320806,-0.00411297335197336,1.0096518589752,-0.00955959114956551,"(6,12]"
32,Pathanamthitta,9.2758154,76.9677036467136,2618650831.13619,2672640917.12195,2607852317.06707,0.0206175200388721,-0.00412369375127231,1.01025616555351,-0.0101520445043624,"(6,12]"
32,Kollam,8.9688367,76.8601058378768,2494749663.74572,2553275747.76831,2484403538.14022,0.0234597021389011,-0.00414715983565472,1.01166185167718,-0.0115274206078313,"(6,12]"
32,Thiruvananthapuram,8.57926275,77.0474447447956,2213229320.67517,2272234130.52532,2203995913.3961,0.0266600524848244,-0.00417191620986368,1.01324234637367,-0.0130692784614317,"(6,12]"
33,Thiruvallur,13.25636075,80.0339645338352,3442660411.89693,3412603886.50313,3429675746.93079,-0.00873060999276498,-0.00377169497208363,0.99562512523903,0.00439409839111815,"(12,16]"
33,Chennai,13.0569338,80.235448536961,178323762.552181,176956478.242282,177648017.063927,-0.00766742631677786,-0.0037894304078302,0.99615890985486,0.00385590100850486,"(12,16]"
33,Kancheepuram,12.6394894,79.9176276044927,4447816507.37575,4424711546.63544,4430789551.23376,-0.00519467489317527,-0.00382816065225622,0.997399280682929,0.00260750069449611,"(12,16]"
33,Vellore,12.731554,78.8073310260815,6105063231.83388,6068092627.60728,6081773315.23656,-0.00605572830660073,-0.00381485264163706,0.996967537933608,0.00304168586339104,"(12,16]"
33,Tiruvannamalai,12.4283041,79.0009871935629,6218326200.45953,6196204845.85904,6194369013.21345,-0.0035574451849848,-0.00385267457411664,0.998219692660396,0.00178348248656501,"(12,16]"
33,Viluppuram,11.9778094,79.1683063827223,7223489003.48001,7220278381.03291,7195342102.21553,-0.00044446976323298,-0.003896579790031,0.999777740418723,0.000222308991580489,"(6,12]"
33,Salem,11.64653765,78.2091679847724,5284696035.02906,5293427458.56734,5263956148.029,0.00165220922459852,-0.0039245184325819,1.00082576366948,-0.000825082346454398,"(6,12]"
33,Namakkal,11.30175235,78.1189207696961,3401896257.86431,3416412011.79278,3388434100.62631,0.00426695960963319,-0.00395725096168942,1.00213120877939,-0.00212667638799691,"(6,12]"
33,Erode,11.4871666,77.3481577688842,5792394349.57734,5808646231.09799,5769578047.69879,0.00280572774224819,-0.0039390104508692,1.00140188123562,-0.00139991871584555,"(6,12]"
33,The Nilgiris,11.4440201,76.6959478387923,2560155454.59502,2568457567.51196,2550056120.50512,0.00324281593995934,-0.0039448128322741,1.00162009561508,-0.00161747515067956,"(6,12]"
33,Dindigul,10.42554205,77.8158467000387,6071005034.91261,6140120082.90764,6046496668.37709,0.0113844491311688,-0.00403695374893864,1.00567611542244,-0.00564407897870334,"(6,12]"
33,Karur,10.81899175,78.3823774340507,2931815660.21598,2954792520.77027,2920091672.1122,0.00783707545671297,-0.00399888310267094,1.00391089019729,-0.00389565471943454,"(6,12]"
33,Tiruchirappalli,10.8547138,78.730889265938,4480750627.87395,4514176793.69561,4462853402.05819,0.00745994780734338,-0.00399424723715336,1.00372304337768,-0.00370923373956522,"(6,12]"
33,Perambalur,11.2883595,78.9311085460668,1761722909.66348,1769789949.15855,1754744569.7447,0.00457906260446128,-0.00396108825088237,1.00228691630913,-0.00228169825617364,"(6,12]"
33,Ariyalur,11.1507266,79.258173154669,1938482913.95156,1949017529.47581,1930784718.35965,0.00543446395551461,-0.00397124758568213,1.00271355030014,-0.00270620687167278,"(6,12]"
33,Cuddalore,11.51930665,79.3390024165126,3745500901.24683,3755505058.8845,3730752966.20989,0.00267097990400722,-0.00393750673829252,1.00133459937426,-0.00133282059272954,"(6,12]"
33,Nagapattinam,11.1919769,79.6963859475841,2578096211.88134,2598467601.61509,2567786535.8004,0.00790171819029628,-0.00399894931516753,1.00394308513496,-0.00392759828056122,"(6,12]"
33,Thiruvarur,10.6479362,79.5006449435702,2322130242.98432,2343353275.5422,2312811187.39953,0.00913946692783396,-0.00401314939717223,1.00455933967478,-0.00453864644398017,"(6,12]"
33,Thanjavur,10.6612146,79.193511311166,3437884566.0006,3469476612.06079,3424086886.37139,0.00918938534836888,-0.00401342144109951,1.00458418529677,-0.00456326643785732,"(6,12]"
33,Pudukkottai,10.28921705,78.8485937923614,4668421384.38338,4722832177.49138,4649562679.43716,0.0116550732309666,-0.00403963211403879,1.00581065476111,-0.00577708610820704,"(6,12]"
33,Sivaganga,9.9687792,78.7238151622737,4333720988.3284,4399793872.04754,4316060186.27539,0.0152462246409222,-0.00407520514139581,1.00759427580794,-0.00753703746664103,"(6,12]"
33,Madurai,9.93895845,78.0059952042597,3675326573.02787,3731164444.60811,3660350465.96874,0.0151926285925224,-0.00407476907468074,1.00756767941043,-0.00751083978285183,"(6,12]"
33,Theni,9.86866995,77.4251852256605,2858213683.19679,2902421826.87099,2846559745.41059,0.0154670534026535,-0.00407735007872478,1.00770385203325,-0.00764495642018992,"(6,12]"
33,Virudhunagar,9.49637995,77.8657961721402,4314742340.04793,4395988027.43672,4297016656.84942,0.0188297888925353,-0.00410816725577945,1.00937098674993,-0.00928398663419827,"(6,12]"
33,Ramanathapuram,9.51883545,78.6502361098128,4093403547.49659,4172492976.33911,4076569997.62057,0.01932119028208,-0.00411236021093231,1.00961437701831,-0.00952282102668633,"(6,12]"
33,Thoothukkudi,8.84610655,77.9930249294594,4720556131.49733,4834019984.88728,4700959367.60231,0.0240361199463079,-0.00415136762472879,1.01194669817452,-0.0118056595234399,"(6,12]"
33,Tirunelveli,8.77375415,77.5185320061996,6777890103.72714,6947648842.5609,6749700267.90436,0.025045956224697,-0.00415908717777436,1.01244553247308,-0.0122925452025837,"(6,12]"
33,Kanniyakumari,8.32596465,77.351859517957,1655158178.78685,1703951215.44305,1648218914.21875,0.0294793798451087,-0.00419250840012775,1.01463263294904,-0.0144216068691914,"(6,12]"
33,Dharmapuri,12.1440395,78.114995010164,4517940144.36263,4511927075.52626,4500389815.6825,-0.00133093149626318,-0.00388458636443512,0.999334312682066,0.000666130752728478,"(12,16]"
33,Krishnagiri,12.51569315,78.0150923796962,5088681506.68284,5068533257.27175,5069105858.30035,-0.00395942433902041,-0.00384689990064757,0.998018324311222,0.00198561052488255,"(12,16]"
33,Coimbatore,10.812841,77.0783064292707,4754090974.98701,4790185459.49781,4735095612.19502,0.00759229991615751,-0.0039955825187048,1.00378897180441,-0.00377466968739504,"(6,12]"
33,Tiruppur,10.7888666,77.5295002735224,5210782203.46038,5251949175.7833,5189943134.54482,0.00790034407801299,-0.00399922086586468,1.00394240077706,-0.00392691928741284,"(6,12]"
34,Yanam,16.7312599,82.301030594593,18097931.2963557,17616900.9202609,18037016.9530596,-0.0265793017012794,-0.00336581802078095,0.986620848299244,0.013560580768001,"(16,20]"
34,Puducherry,11.9208786,79.7946131701654,298856221.916793,298854173.26819,297689837.562494,-6.8549638664317e-06,-0.00390282774378292,0.999996572512193,3.42749955462018e-06,"(6,12]"
34,Mahe,11.70176205,75.5354686470698,8369530.56148273,8380314.51713773,8336722.24883237,0.00128847795892262,-0.0039199704701891,1.00064403159112,-0.000643617081383052,"(6,12]"
34,Karaikal,10.9162343,79.8062779223046,162306245.881873,163464720.527792,161658466.337314,0.00713758512264384,-0.00399109437249279,1.00356244704684,-0.00354980106850777,"(6,12]"
31,Lakshadweep,10.81121185,73.678674886591,83290797.6235047,84244675.2004425,82955029.5642399,0.0114523765428392,-0.00403127438858952,1.0057098868674,-0.00567746916079903,"(6,12]"
35,Nicobars,6.99880125,93.8200185987413,1723854801.59412,1788023326.62571,1716544526.71787,0.0372238572368473,-0.0042406558078395,1.01844187720107,-0.018107932925693,"(6,12]"
35,North  & Middle Andaman,12.6005717,92.8201566279874,2872192904.07347,2854593731.38622,2861241698.64928,-0.00612743408086824,-0.00381283771318208,0.996931575344633,0.00307786886407535,"(12,16]"
35,South Andaman,10.7006092,92.4872287695816,2259978936.24208,2266817875.75895,2251075150.6965,0.00302610763631339,-0.00393976483709579,1.0015119108809,-0.00150962845721014,"(6,12]"
01,,35.5394152,75.5308153115093,108671293794.913,108989480029.529,108677386270.416,0.00292796950789964,5.60633382569176e-05,1.00146291469425,-0.00146077770108444,"(32,38]"
