vintage,WLCODE,truth,nn_km,nn,idw1,idw2,idw3,ok,ok_se,ok_log
may2000,W00665,7.21,6.22409898630137,15,9.29227202616455,10.5069486371913,11.909545035181,8.95578567834568,3.67435652787936,9.68080146563305
may2000,W12585,5.34,6.7979579613179,6.37,4.50959510038112,4.76997443726838,5.02289957100371,4.6283801461467,3.60735591373642,5.01006718870456
may2000,W14593,6.55,10.8651328971416,6.92,8.69625642484791,9.09287258177696,9.37530627301167,9.68729949234699,3.70654658133579,10.1321086391841
may2000,W14594,15.3,14.0941648273724,12.25,14.4037561931523,14.9445849684584,15.3955529205795,15.3262933177826,3.78832215597743,15.5651359514026
may2000,W14595,24.3,9.18257846224197,26.3,25.530737279477,26.5524651603591,27.2205577442187,23.8272546007291,3.80244324300519,24.0299858800095
may2000,W14597,14.58,9.59989003199984,23.5,16.0020884413205,17.3344456304941,18.8913982165162,16.1235355780058,3.78267784243028,16.6451975497078
may2000,W14598,23.5,9.59989003199984,14.58,15.3439782905082,16.0473424663649,16.2105156607227,16.6780887059371,3.82226794798933,16.8677475749404
may2000,W14600,23.5,8.95128063021195,22.5,17.1474153525741,18.7350513257473,20.1956793910328,18.6265765988841,3.83011384850603,18.9477241733804
may2000,W14601,10.33,9.97582761475971,6.92,6.31810726404034,6.20741321030684,6.17299239356006,6.64777878964102,3.67371582249228,6.71897799176755
may2000,W14602,9.7,4.53721023745779,7.74,6.04677148448941,6.97437102346925,7.54249412159836,6.73707400381682,3.6755408790787,7.14712130501082
may2000,W14604,7.74,2.33464654550101,8.5,7.03995642024405,8.30512848309413,8.56830066660403,7.59832550466564,3.63644080097323,8.10702723154031
may2000,W14605,26.3,9.18257846224197,24.3,25.0523423670106,25.4255762987091,25.50207221187,23.605383201245,3.75087436152028,23.6858925397035
may2000,W14606,19,13.9985299632425,9.14,13.0784444551019,12.9903104702281,12.8426528111114,13.4794783945315,3.78026469958255,13.5542413066374
may2000,W14607,12.25,11.7026217554844,11.35,10.1521471659518,9.63259240203233,9.23756406825989,10.6596786897481,3.73659230463782,9.8217807894913
may2000,W14608,3.7,10.0448640778271,6.75,8.00751475368161,8.15320651935682,8.17814970351956,9.28267211052293,3.72471047879091,9.52070419309422
may2000,W14610,22.5,8.95128063021195,23.5,17.9184543849946,19.983982085955,21.6454048476288,19.4210478023401,3.81210667004349,20.2509587705787
may2000,W14611,3.61,3.71637701884525,4.01,6.44084345455741,5.49052562768777,4.67286529863913,7.23353268756362,3.60350621773132,6.61888163138435
may2000,W14612,6.55,8.0131208936328,3.61,6.92053931163671,6.11274917870463,5.47730959537303,6.88122307269495,3.63224556245221,6.18789112062066
may2000,W14613,14.2,13.8126671397839,4.49,6.53740540874243,6.58207993782582,6.61460524728375,6.53322196858165,3.71062903504752,6.63201761821849
may2000,W14615,2.73,0.969969760359874,6.3,5.96323650614844,5.59647469990535,5.75465020900232,6.74231481365367,3.51902957561576,5.97367961361032
may2000,W14616,14.75,6.48419166378409,13.07,7.14156022266849,8.40023397860916,9.91363597974938,7.27529873614709,3.66488055132402,7.70016369575388
may2000,W14617,13.07,6.48419166378409,14.75,7.99289388635833,10.1880477898459,12.4198827349086,7.88705109442944,3.72094794050229,9.00579473195784
may2000,W14618,4.91,9.77717762853024,9.48,10.6882425653672,10.42034207648,10.2249109165394,9.97273561583099,3.67470769444724,10.4817147790789
may2000,W14619,9.62,10.0682851584678,8.89,10.2282980937909,9.74875117386332,9.37003030621607,9.883207665684,3.6739884066742,10.1633635840558
may2000,W14620,4.5,8.79912615532681,2.56,7.36848420978743,6.53999770793923,5.80679061230911,7.61928009059996,3.66600961167996,6.99445508897298
may2000,W14621,2.56,4.10725250229298,7.25,7.12607526394899,6.51983024487382,6.57154277210769,6.98645944146473,3.58215047197757,6.52824628395943
may2000,W14622,13.85,5.26890371625348,11.82,8.3709140935536,9.57912719025115,10.6190472467169,8.70407204167809,3.6618411018239,8.89746782792208
may2000,W14623,11.82,5.26890371625348,13.85,8.82538590916293,10.8762721946966,12.558959610008,9.30212737669252,3.67970209830938,9.90628603742157
may2000,W14624,9.86,8.44443843840309,14.57,8.99053672066106,9.19780261416641,9.26933822617513,9.66029201082434,3.6733326010676,9.09344278968209
may2000,W14625,15.3,1.83829361157951,16.56,13.4281076850465,15.1938260136877,15.9743484001289,11.4916794365751,3.50802627525851,12.0069912513814
may2000,W14626,4.05,2.32345648261065,15.88,14.2286209387415,15.4319738137345,15.7898968311273,12.6585860115687,3.5343529395396,14.3117584987341
may2000,W14627,16.56,0.515874388862979,16.38,14.4338645285448,16.1517589055259,16.3452191037779,11.2950956028718,3.49370415754823,12.259129214235
may2000,W14628,16.38,0.515874388862979,16.56,14.5523949053747,16.3531678545246,16.5348582373344,11.25385262332,3.50201270875092,12.2398528824076
may2000,W14629,15.88,2.32345648261065,4.05,10.0576392174946,7.12623980827554,5.14466772267593,9.96097357802251,3.56589177860082,8.4887150137855
may2000,W14630,8.25,7.38477910412125,4.5,7.55774040636519,7.14889025988485,6.64194683460435,7.76015098796929,3.64026955650439,7.32080494509204
may2000,W14631,4.5,5.96659324853926,12.4,9.17421526820692,9.44726521139184,9.89622094435768,9.10900665037451,3.62922397865414,9.14162657580004
may2000,W14632,4.37,9.18659771551492,4.5,9.59564306672229,9.15340230275768,8.5620398624925,9.15487816344548,3.67154715601805,8.75979637612368
may2000,W14633,3.87,8.26520219674056,4.3,7.62822455569497,7.24823187304546,6.71030223201032,7.87774428552694,3.67543616962588,7.55306444210464
may2000,W14634,4.5,6.39714705260625,10.35,7.45071649517219,7.64486682599529,8.01303962632649,8.23987999095751,3.63161471379782,6.61999081492637
may2000,W14635,3.2,8.76814695421741,4.5,6.59548622827851,6.12828951053568,5.81822495400045,6.48011965352514,3.62398913634414,5.0398171721702
may2000,W14636,18.7,6.46576981693083,3.31,8.69984781550216,8.83415233784561,9.05606034140164,9.02140306229892,3.58982827208993,8.31929430437838
may2000,W14637,10.35,6.39714705260625,4.5,7.82611848196717,7.93678352737103,7.99916015012958,8.2881793712169,3.58138295674948,6.61233059129243
may2000,W14638,11.17,9.6586461661049,3.31,10.6093382133274,10.3368603243609,10.0093136119345,9.57549821010996,3.62929010107809,8.99212714222213
may2000,W14639,4.95,5.30476933457744,3.31,8.02206461351621,7.21575144306129,6.04683589531496,7.82780697364998,3.60469198213589,6.38370015440325
may2000,W14640,4.3,8.26520219674056,3.87,9.80606822796304,9.31921997627166,8.86372150548463,9.30439869668274,3.64578533766516,8.53257002847224
may2000,W14641,10.2,7.24840118245034,8.55,7.14025745441497,7.31724459722566,7.59240306399787,7.43218785856041,3.70606803498448,7.78713588939276
may2000,W14642,8.55,7.24840118245034,10.2,7.7157958839019,8.15268258175369,8.72905979457284,7.99013741551201,3.68090087202822,8.42015359394592
may2000,W14643,6.3,4.88010885680798,7,7.06107644487597,6.8596661845229,6.85319359186648,6.78475327567221,3.62722499577809,6.68417166110938
may2000,W14644,4.5,6.28227506455628,11,7.70844422918916,8.64622949308033,9.56164262584559,8.15072327755269,3.66681801651105,8.90377226900721
may2000,W14645,1.73,7.93865088092114,2.25,5.947673379461,5.09351915400719,4.37090126394282,6.8168459756752,3.66504285198395,5.33482936003998
may2000,W14646,5.85,4.12273133096738,2.25,4.49199829280479,3.4156785128498,2.66527889934598,5.39770706525898,3.64109678822853,4.15742975515278
may2000,W14647,6.6,8.24459485518848,6.1,5.29070963689094,5.46388788488623,5.63278415547606,5.335043601436,3.67925714887165,5.84718764315631
may2000,W14648,2.9,8.64109131691189,5.17,5.25033856147095,5.01247811737189,4.85405639046926,5.05981346381256,3.67375604146438,5.28385736015662
may2000,W14649,7.62,2.62767859633719,7.28,5.73249980882682,6.66283557731654,7.11371175502843,5.62874344620437,3.58982931278217,6.01897892075942
may2000,W14650,7.28,2.62767859633719,7.62,5.99001914615984,6.98433866796863,7.46237377448383,5.80278793091733,3.59279176152004,6.25546883902857
may2000,W14651,7.97,10.0127231253536,6.1,5.01038879091816,5.06705048462145,5.18744536385677,5.00987585752747,3.71493579456052,5.37785207537254
may2000,W14652,4.34,8.99137036909295,2.9,4.98820048219062,4.78800424951854,4.50100061100239,5.01370405867889,3.68828233135156,5.17875878027759
may2000,W14653,5.05,12.6672659316381,5.9,5.45693609727882,5.51914792079123,5.58490575662991,5.29867624065146,3.72793457711047,5.80545829180123
may2000,W14654,5.17,8.64109131691189,2.9,4.53261385071333,4.20315398474954,3.85207245404571,4.60433935866923,3.70494037625628,4.59190748781857
may2000,W14655,6.54,12.8297914140359,4.41,4.32008005619519,4.24899367849671,4.20192823750573,4.47481331075692,3.72671464534499,4.71116471638735
may2000,W14656,4.55,10.3754975169195,7.09,6.35344562632726,6.56441365014412,6.76782861811839,7.5771771131289,3.71015793006121,7.06972395543013
may2000,W14657,8.09,6.04454514643667,17.17,10.5139584150341,12.1683293478605,14.1135288569212,10.7891638010416,3.6556164578419,9.96187908703386
may2000,W14658,4.77,7.97945730656725,9.95,12.1452676572102,11.432848470528,10.8223600915505,12.3788617325905,3.68664337208733,11.0095121900264
may2000,W14659,3.04,2.62197112637228,3.73,6.06526518440179,4.7051632987878,4.03900496552835,6.96631687126442,3.58779378446316,6.04796813589814
may2000,W14660,3.73,2.62197112637228,3.04,5.82206249635205,4.17060921834891,3.35185279611985,6.4665123003125,3.59012348155929,5.5712575148765
may2000,W14661,3.94,7.3394524758548,4.6,6.52867689821515,6.47640514002813,6.37566103028319,6.39637241409525,3.64341081547966,6.81987691043512
may2000,W14662,4.6,7.3394524758548,3.94,6.32954332936945,5.86323450651524,5.32689184280659,6.30770671379789,3.66460562131571,6.18168996992927
may2000,W14663,10.19,8.38750569889546,3.94,5.47848208142641,5.42453080797198,5.2909468697886,5.52107504663071,3.65332433790537,5.95880819476099
may2000,W14665,6.45,10.7080721765333,7.09,6.27380478018192,6.58724625044381,6.88987374710584,6.29713675416432,3.74727988338456,7.00609788499379
may2000,W14666,7.09,10.3754975169195,4.55,6.0373243473352,6.02393461436675,5.99546495212321,6.42499556155314,3.6982742720851,5.96242333516461
may2000,W14667,8.53,5.7282075308888,4.61,5.43685842295813,5.58353543136014,5.68326436380358,5.63028191513236,3.5970518419164,5.82253425745984
may2000,W14668,5.71,9.80774370458293,3.15,5.16748151491989,4.8378539721525,4.43841277505087,5.13129224491321,3.75389261008132,5.16011694223739
may2000,W14669,5.37,9.9179550894909,7.02,5.95715817633201,6.11210722662286,6.26862207377588,5.89811159768072,3.7075429255284,6.54812598509755
may2000,W14670,5.92,7.85411811539596,6.54,5.63494270011916,5.53844388534527,5.52183104206542,5.53927371829845,3.65704976158014,5.82163786114731
may2000,W14671,6.74,1.23057739124298,4.82,5.08816301603868,4.84932194072158,4.82222398201549,5.10643343861344,3.5801789537088,5.30145099712643
may2000,W14672,5.32,8.20645292381529,6.23,5.76686593512667,5.75065448750439,5.76292592531191,5.85965014813023,3.60584784215875,5.69724483615421
may2000,W14673,6.23,8.20645292381529,5.32,4.98202111320386,5.0351469005019,5.10918253655358,5.26699225398372,3.63569692134769,5.23037631566916
may2000,W14674,3.88,10.568563341859,7.22,5.33514969044835,5.37895480166634,5.45493533486552,5.3741516442761,3.66747391226504,5.77575230455687
may2000,W14675,4.59,9.27362397810711,5.4,5.72089365695822,5.66791414675054,5.58957482585231,5.66204054274552,3.6476126468753,5.98500922673588
may2000,W14676,1.99,3.66558679961767,2.42,5.40665246381123,3.96176752989597,2.9950546801762,5.55810267977284,3.59568888325991,4.53804022602908
may2000,W14677,6.54,5.31925142998431,3.71,5.24564900509896,4.83132890837497,4.46310904011398,5.31425737825794,3.5998511597927,5.3237907462892
may2000,W14678,5.32,8.731967647017,6.23,5.79300950487786,5.58050251251738,5.43192896341801,5.65363845265253,3.62342407093603,5.77556559904132
may2000,W14679,4,8.77087966431165,4.93,5.69698818998901,5.65848090037997,5.58734639285912,5.85552115489876,3.64174261914916,6.30707498206772
may2000,W14680,6.62,8.39044840293304,4.94,4.58716516985406,4.57209083333573,4.62875962918628,5.26613467976243,3.74361457064818,5.19812398905067
may2000,W14681,4.49,6.44837935337849,5.91,5.55750430966263,5.71508421270985,5.83015569785709,5.57488410597775,3.66413783455088,6.0058802536105
may2000,W14682,5.91,6.44837935337849,4.49,5.51453962320969,5.42031391437723,5.22816372976939,5.39141585312798,3.64584412824392,5.82174617242432
may2000,W14683,8.43,10.1830125377524,7.11,5.46023125655907,5.47645734524824,5.52228995812574,5.4326767252349,3.65848445886687,5.8373870032436
may2000,W14684,3.71,5.31925142998431,6.54,6.20120984999528,6.32716938076797,6.43504058499277,6.09378289556964,3.61286991456866,6.80326390056792
may2000,W14685,12.69,12.5355192907349,13.7,9.06632969829331,9.40987746927491,9.86026272702483,9.43362679169027,3.78393064806333,10.0512547935457
may2000,W14686,10.4,8.12590649294798,17.6,11.8816952482352,13.5467251045843,15.2892173268438,11.4852857856674,3.76957117950576,12.6315065190221
may2000,W14687,17.6,8.12590649294798,10.4,10.2067920732306,10.5531420828087,10.7634824429242,10.0762655258382,3.75355392233359,10.8971428787327
may2000,W14688,11.6,8.96865828047886,17.6,10.6626416055616,12.3925809645181,14.3279776444279,10.7635248164913,3.79005929646987,11.273313749354
may2000,W14690,9.07,10.0088806353175,6.47,10.0360912198762,9.52828479198097,8.89306421258639,9.54847597979741,3.77482597106085,9.72654588511078
may2000,W14691,7.14,10.3378533536292,6.05,4.54083623652608,4.59602517096457,4.64141025452027,4.56500989956791,3.67861435382233,4.66409377543972
may2000,W14692,7.3,3.99145260156096,6.05,5.0410385959226,5.45373214451975,5.79833709376254,4.90750902190314,3.62534653001941,5.31604499482725
may2000,W14693,6.05,3.99145260156096,7.3,5.49326119097255,6.24887567852983,6.84956215527145,5.27828074890526,3.61296184871196,5.87635212136327
may2000,W14694,2.87,11.7758476628274,4.22,4.67512820782284,4.47047273237268,4.27968525921213,4.46441898365855,3.75855374712237,4.62602665966612
may2000,W14695,5.68,11.0426870839666,5.97,4.71474489854621,4.76108464328664,4.81994234455274,4.53790373634995,3.72123606545398,4.81050511259221
may2000,W14696,4.22,11.7758476628274,2.87,3.6609268407843,3.49165700461659,3.31601391509532,3.76444229480278,3.78439567997881,3.75789422231361
may2000,W14697,4.2,7.98390039233197,9.58,8.59116900255974,8.66404275736977,8.85885123362933,7.94271572308608,3.75972138695693,7.60478249312584
may2000,W14698,3.25,16.7135601148729,16.15,8.39203830157153,10.4114449287942,12.4959498917099,9.18436169331732,4.16777536770676,8.07989483014696
may2000,W14699,9.82,4.20006019509852,7.73,7.46118647247316,7.95689901843681,8.04710921818051,7.38937126259396,3.6518300375252,7.64486528651622
may2000,W14700,2.45,4.75142590160031,3.83,4.07011423011323,3.81760633141797,3.77832570998022,3.78215023282302,3.67066139730958,3.79805839529326
may2000,W14701,7.73,2.43512309837791,9,8.20549579408532,8.98630305801816,9.10821853654421,7.7925021816712,3.58597180574429,8.42412883164
may2000,W14702,9.68,3.95836484168168,10.19,7.52772332059375,8.65709434004069,9.46055699901211,7.21465768482917,3.58828035721138,8.14494987783762
may2000,W14703,2.38,1.87567376355438,2.05,3.06081208538302,2.21629750580234,2.06807453760109,3.63522710579911,3.65542281523312,3.06984997419585
may2000,W14704,2.05,1.87567376355438,2.38,3.35312497586408,2.53064801768967,2.39503861828715,3.89894289134717,3.66636093931464,3.4487277893156
may2000,W14705,6.93,8.20744827069446,7.71,7.20464786408734,7.42778227946267,7.53649085789142,7.12288143558813,3.66258858407331,7.79373385908945
may2000,W14706,6.1,4.70880298170374,6.77,5.95559230053413,5.98167262079961,6.0750687621111,5.98185394792025,3.5777937912172,6.29158928934757
may2000,W14707,4.63,6.37384512835591,6.1,5.96448555730559,5.8702547226703,5.84200187676057,5.74392313136842,3.59909953027322,6.11749010351022
may2000,W14708,8.77,12.5714025828677,4.29,6.41989612210728,6.27263877867669,6.137441680728,6.32096657772452,3.70301939277763,6.74947977991738
may2000,W14709,4.86,4.75107055090325,7.94,5.91395137642004,6.60790994005609,7.22984200103827,5.92426623502742,3.63502341759967,6.56626224948398
may2000,W14710,4.29,6.02217002139554,9.56,6.74567722756166,7.2671863545062,7.70413547664506,6.78970926467757,3.59078004605158,7.68359724600856
may2000,W14711,6.13,5.9487310499542,3.92,5.08761874610235,4.8208113023099,4.54676511882909,5.250657198389,3.60025651504043,5.17634471100269
may2000,W14712,3.63,8.80390648860766,6.13,6.10707610178945,6.23552458292849,6.3613561611365,6.19432475183007,3.65676821176245,6.70766294379074
may2000,W14713,3.92,5.9487310499542,6.13,5.54332930566493,5.58104350646326,5.66817753325291,5.55995395103428,3.58830629889703,5.78740181244243
may2000,W14714,4.62,6.25207556619801,4.88,5.21827612642383,5.15769356334351,5.09429613451453,5.28678772439709,3.59167457608258,5.52894867367345
may2000,W14715,4.88,6.25207556619801,4.62,4.68962716364227,4.50667531989666,4.38963975885633,4.83512486323245,3.58337916431475,4.8953837746563
may2000,W14716,7.71,8.20744827069446,6.93,7.31056759009282,7.45942337667134,7.49239041573164,7.04957037200478,3.65478428888589,7.70015941933126
may2000,W14717,7.12,8.39996151954759,7.71,7.58041929410762,8.0208750107562,8.3517928577189,7.42350668218304,3.62821242843682,8.20697831263408
may2000,W14718,4.51,8.56487776519771,1.09,4.28710370315467,4.03511746271408,3.69495327901161,4.48264439748626,3.63768183559646,3.92981715675236
may2000,W14719,1.09,7.62740450657482,3.62,4.77208703285325,4.48882598095742,4.23697173323619,4.88406667218258,3.6048783101962,4.9740676430179
may2000,W14720,2.36,6.92520329573975,3.32,4.82260200304271,4.57482007608975,4.31481736310179,4.76497578350177,3.61407524262748,4.97435924447127
may2000,W14721,4.56,3.56741090402155,3.32,4.53537455059243,3.98735234583827,3.59762232819257,4.71715970434553,3.56849221867803,4.54655270430331
may2000,W14722,4.36,11.6383217645384,4.48,4.91602958318007,4.8737514546032,4.83898790171641,5.02451041260944,3.76371956548888,5.38429180408676
may2000,W14723,4.48,11.6383217645384,4.36,4.97815008295452,4.73447753210722,4.53297444418819,4.87758497698761,3.77252195810836,5.06824328488576
may2000,W14724,3.95,12.6533235295631,3.8,5.24334863045563,5.49183266960656,5.76696379331145,5.41706065484428,3.76125214989454,5.69561366036179
may2000,W14725,3.4,8.56601265852073,4.17,4.90041375651217,4.69773520435894,4.53546978450131,4.79993718793505,3.72023323141664,5.10320628624364
may2000,W14726,10.6,12.8660204102219,3.95,4.65985084763196,4.49710326700191,4.32338867749629,4.71689303768569,3.86117756794969,5.0477607136313
may2000,W14727,8.49,9.47244974747938,5.68,5.21779968552527,5.37771407040812,5.51126464187607,5.35629742226219,3.87576167523653,5.84551477461961
may2000,W14729,3.96,14.9743751851941,3.76,4.42631593185386,4.41604903896887,4.40311335544825,4.46071268927479,3.79881728931,4.97766444730019
may2000,W14730,5.01,12.0262332121261,4.36,4.75782226802669,4.55425923653565,4.39853706761941,4.78198594628994,3.74060505206552,4.96259561109143
may2000,W14731,5.68,8.38048341187775,5.52,5.67159364767818,6.19799294770641,6.49450264026045,5.91569378903248,3.76514601647856,6.48448283464403
may2000,W14732,7.93,11.0875928436285,6.5,7.9263237895912,7.7153592284157,7.49788220303268,9.09061801881527,3.70314254414565,8.18243707790621
may2000,W14733,6.15,6.96435560928661,23.3,13.0656459155394,16.3571644564672,19.7772950720536,13.1746867370873,3.73878033286474,14.2231210324497
may2000,W14734,8.3,4.67219208877022,6.5,7.82337431282612,7.1322928697698,6.64423567850087,8.29063043127318,3.6436858583724,7.84310472556063
may2000,W14735,6.5,7.60806758179191,6.5,9.06694631318164,8.35717375009471,7.82035067265821,9.46791423522245,3.64927936696914,8.90393020051949
may2000,W14736,4.1,8.52377651242989,8.3,7.99584546147473,7.65416120674797,7.48222295077009,7.85847364500074,3.65966397692897,7.76166804853313
may2000,W14737,4.5,12.4206028590884,6.9,10.8975328249132,10.9282952102095,10.89736940831,10.5714222819924,3.70509864143151,10.2538583298511
may2000,W14738,23.3,6.96435560928661,6.15,8.5664675702434,7.67517733773629,6.9031737621887,9.12117232585856,3.70544766693711,8.45054652203812
may2000,W14739,25.95,9.84069393039695,13.61,16.4211346529937,16.6057303852971,16.7397303434598,15.7120634882477,3.70628636891232,17.3632442017233
may2000,W14740,17.11,6.101040672196,12.47,15.2182434083568,15.3593122884934,15.0797727497456,14.7624619311838,3.63975154106043,15.740576538838
may2000,W14741,15.4,8.83547242453349,13.46,13.0622038710749,13.4127447198665,13.6828495787002,13.199502524268,3.69399029475126,14.1762632696784
may2000,W14742,17.92,7.96138692137082,12.45,12.3791029936804,12.4227787744474,12.4665759960715,11.9173947633388,3.72095658761925,12.6142327285722
may2000,W14743,6.4,9.98618154189417,14.6,10.5397288329745,11.1028998069188,11.6308351398924,10.4119696306478,3.65593628631436,9.58736772302523
may2000,W14744,4.15,10.3310162745472,8.2,7.38975774216283,7.24907411425212,7.15728304747428,7.69464619385344,3.70851041168177,7.49909585664032
may2000,W14745,8.2,10.3310162745472,4.15,7.59799075304405,6.73971291444056,6.04076676727934,7.46230099322214,3.67980993310563,6.41902248734379
may2000,W14746,14.6,5.08585857918487,25.3,12.8173596683372,16.4852802917499,20.1956409167493,12.1498167727414,3.62955237976918,12.5567861216107
may2000,W14747,14.3,9.22536415442852,10.02,8.54303314935563,8.27600087059733,8.28725589618281,7.88277575867594,3.70083679803139,7.77781016955995
may2000,W14748,25.3,5.08585857918487,14.6,10.0730864640704,11.5232294614821,12.9553581348448,10.3066104190733,3.6459389598928,10.9930960521163
may2000,W14749,9.72,8.08239556844051,10.02,10.4438822718495,10.2954996368269,10.0652406727826,10.2565669130771,3.70708249017845,10.4061585883543
may2000,W14750,7.69,7.30804244577094,9.9,6.87969958714488,7.00016722808522,7.12110018713721,6.60736130477492,3.6031201753496,7.0429183290233
may2000,W14751,6.37,8.00031647116401,5.27,5.54666664580986,5.54887354249498,5.50597997422389,6.12221691941895,3.62342018676144,6.41816065971332
may2000,W14753,4.63,2.29586664623146,5.22,5.58068907974323,5.35346561250865,5.25146611216396,5.87308489380314,3.58195483247535,6.11304727255987
may2000,W14754,4.89,11.0737174896465,3.06,5.10199409992488,4.95380395527818,4.81049195183129,5.10926905527917,3.68792757917081,5.04049221858676
may2000,W14757,3.96,8.3625361110157,5.22,5.01406152306325,5.05395492244703,5.0775081963129,5.14937394928956,3.6538979339068,5.38395020331277
may2000,W14758,4.78,8.25805202865651,3.7,5.30616040959784,5.23839307827616,5.13928116823366,5.5266039743174,3.56738573466919,5.55616716235872
may2000,W14759,10.85,2.32691796047563,4.35,4.93988628476877,4.59026783570796,4.41871357598449,5.35255373894763,3.52623794778196,5.40036391956143
may2000,W14760,3.7,5.42274989443662,4.35,4.98134632270936,5.11097192496124,5.19589352889495,5.26773587058759,3.52510744986359,5.09704724381999
may2000,W14761,6.67,7.76465134520516,5.27,6.36868034146839,6.19080836008838,5.99701314345402,6.28413266450038,3.61580376698093,6.58434528610908
may2000,W14762,5.02,7.87343253952013,6.72,5.6744887694007,5.84387545725123,6.0139816188326,5.58745082052925,3.63849362699139,6.25404695117347
may2000,W14763,5.22,2.29586664623146,4.63,5.29585229337379,4.84162546058979,4.66997935663109,5.51461143165359,3.58048367513601,5.55537510188322
may2000,W14764,8.15,6.74981778042758,9.9,6.41812680082104,6.71576361310384,7.14670170456691,6.36309899709957,3.59762080366166,6.67543983154162
may2000,W14765,3.06,11.0737174896465,4.89,7.01019788473857,6.87413850405767,6.71287456559269,6.91554114409019,3.6962175043095,7.24982375518345
may2000,W14766,6.6,11.225165640037,3.06,6.37507806895722,6.01770384214485,5.64593412187884,6.43713469450609,3.6864387094939,6.19183449036769
may2000,W14767,4.89,7.09963173248214,7.22,5.60320673347575,5.58720202088529,5.61568701737466,5.37695084476063,3.61121845208211,5.47666128654132
may2000,W14768,4.14,5.48584402418466,7.22,6.36857832216221,6.58551297480278,6.74976692098781,6.20953992297854,3.58082226806968,6.79370354662432
may2000,W14769,3.9,5.71820620282313,9.9,6.59600047028064,7.15447102093512,7.79544175360607,6.50227740292857,3.59669920521086,7.11548500304003
may2000,W14770,10.18,7.76783923111106,6.2,6.50328903098559,6.38291766058637,6.26333131242442,6.21196935465659,3.59337729854986,6.47619387491541
may2000,W14771,6.2,5.79953828028024,11.67,6.65660156625802,7.39277571276996,8.14168177494399,6.54818767274872,3.55775172994068,6.95009290847506
may2000,W14772,4.35,2.32691796047563,10.85,6.49236442981287,7.90832895172305,9.04519315228063,6.09344084481692,3.50283110743989,6.30201756629283
may2000,W14773,10.66,10.8286411857227,7.7,8.40045893746769,8.50606112135569,8.63515714772655,8.07933843012603,3.7440837045032,8.56313095614891
may2000,W14774,5.8,14.4792188784859,4.15,4.51614443296962,4.51228116635101,4.52922154654196,4.30135551194605,3.89136284365384,4.79146170751423
may2000,W14775,8.3,17.4368521061637,3.87,4.43030040609072,4.41579307418653,4.39520673246207,4.37258181016056,3.82109016063025,4.43150281720446
may2000,W14776,3.56,5.17552748855264,3.94,5.0437516531469,4.51286293164976,4.13634084187326,5.29013326853052,3.73070294682106,5.29195014403144
may2000,W14777,4.95,1.70856061903655,9.6,7.64788065492457,9.35896922750637,9.57989236153769,6.67015983629063,3.68290503458221,7.61577366108089
may2000,W14778,9.6,1.70856061903655,4.95,5.06631494265495,4.98489112015159,4.95511386024903,5.41635913624493,3.67844426678582,5.71227501666625
may2000,W14779,6.68,12.7527557907447,9.6,6.17181621818265,6.47547269356992,6.76540362971574,6.42347636644385,3.81253550990032,6.80973807114832
may2000,W14780,4.96,12.0308129493897,4.36,5.174179794013,4.95641451480846,4.76939394492276,5.22070846659037,3.7300283218836,5.35019844170732
may2000,W14781,5.5,14.8803054079734,3.56,6.36681663702247,6.14494882070361,5.9091335952453,6.28722352743118,3.81689716341413,6.43801278894808
may2000,W14783,6.02,6.44300462220116,7.7,7.43294149835494,7.93228445468897,8.10500064245185,7.62453261693814,3.70155643036332,8.1059308221153
may2000,W14784,9.06,8.54531958460952,6.02,6.6072409779143,6.57052688285189,6.55052372515061,6.70347888024698,3.72285134962994,6.87537121906803
may2000,W14785,3.99,6.39634853396413,3.7,4.5673757024892,4.37385010268953,4.14279839876837,4.7201301472102,3.65287266053308,4.93366068538949
may2000,W14786,3.7,6.39634853396413,3.99,4.81844506643096,4.69074381326862,4.47090791729981,4.87359778588288,3.67599125794138,5.31896743949196
may2000,W14787,3.98,10.76876593899,3.67,5.03196266535981,4.91957227773526,4.78022509915848,4.99366097255766,3.7347545303343,5.37172333069018
may2000,W14788,6.71,12.7547991611762,3.7,4.43066739923644,4.36936852923818,4.29412482234505,4.54335450378617,3.78021583047706,5.02698593676242
may2000,W14789,4.41,9.10058267079809,4.85,4.650085963903,4.65699871861824,4.68412189873188,4.74965015412856,3.68247509275983,5.04890175891872
may2000,W14790,4.85,9.10058267079809,4.41,4.50858156022341,4.47127796721495,4.4428870810819,4.68313382584767,3.72666448057707,4.99461141968573
may2000,W14791,4.44,9.4798444432349,4.85,4.64886538669105,4.69118755363202,4.6961417638188,4.81424438705629,3.71674544219131,5.25795904681499
may2000,W14792,5.6,1.91471669842529,4.15,4.42793384849357,4.18610671554997,4.15292910030962,4.56990935343,3.71382088901614,4.8343683885846
may2000,W14793,4.34,11.1321768313338,5.1,4.98864603407549,4.96508613369882,4.93878882305917,5.03875331885925,3.74450754716422,5.43193058222762
may2000,W14794,5.22,7.30220488052826,4.23,7.86428938022269,7.22405391851599,6.56142080935821,7.36156208272443,3.66283419709308,6.98372180062403
may2000,W14795,10,21.5890450306115,4.4,8.63677678292177,8.6086702895392,8.59317353595499,8.78764316638591,3.93558039261912,8.43766513540605
may2000,W14796,16.76,13.2990974389194,18,10.8042444092473,11.5565405096147,12.4079034110229,10.6319394473009,3.77891189967289,10.4651748175314
may2000,W14797,7.62,9.57758861955877,6.99,8.49861600135355,7.70686228806519,7.17012825072913,7.20946309819807,3.81188692000149,7.04218981568474
may2000,W14798,18,10.8314422232892,12.84,10.1447506268947,10.847524491305,11.4847981576953,10.5159637379474,3.73060701225855,11.2607707103815
may2000,W14799,11.57,13.2577231947111,18,10.7570947677297,11.799357286934,12.8798191865377,10.8517321363766,3.81342345797859,10.8959080087234
may2000,W14800,4.77,6.06157344472715,21.3,12.110589671726,15.7551088104965,18.556775651348,11.5844259582492,3.83268521474141,11.2836342099323
may2000,W14801,12.84,4.44437837665169,11.85,9.94897332220302,10.8731307527867,11.5149126867406,10.194194002828,3.6604256560683,10.965475231719
may2000,W14802,8.17,10.9803641934578,10.49,7.87946195268879,8.08525971601773,8.34499007572323,7.87342849147926,3.7942242860313,8.44977166359649
may2000,W14803,9.5,11.2123587889863,5.33,8.20803954380875,8.01879885914492,7.67897396917632,8.16559405168241,3.76774076213352,8.62294581962648
may2000,W14804,8.2,11.0689611012711,8.34,8.3260508849989,8.35994792656129,8.37748397802657,8.21110715765301,3.80819071616457,8.93624304775015
may2000,W14806,7.37,8.12444080439941,6,7.40844406788361,6.82710458903702,6.35714523937346,6.92039420677149,3.81285582272004,6.99487110672228
may2000,W14807,3.78,9.36749669074382,10.2,6.86983413862476,7.50303446367227,8.25356097466438,7.24024961198955,3.78677104924709,7.29907502238794
may2000,W14808,4,9.97941841463272,5.04,6.36545425226844,5.92443821022246,5.64279540544073,6.28976168550825,3.73470749900293,5.96975678900258
may2000,W14809,10.55,9.55400919531329,8.58,6.90637821594944,7.45893977513043,7.94630324675559,7.30850384161302,3.78080210028099,7.8413472646047
may2000,W14810,10.54,10.2411778311889,7.26,8.00576997777044,8.17815050280453,8.23418915768845,7.86857204564771,3.74408067179292,8.59903059067416
may2000,W14811,7.13,2.84181779662703,7.26,8.23173026586034,7.78077886432809,7.43038583058868,8.2439097263907,3.63504637988967,8.60185638582038
may2000,W14812,7.26,2.84181779662703,7.13,8.15538407250443,7.62447018332532,7.27646858842161,8.11986271067517,3.65520369241342,8.46502595423866
may2000,W14813,5.78,8.29317001565856,12.5,9.43008652613014,10.0639576791312,10.8202810214572,8.9291565756884,3.73548568548573,9.68018859049107
may2000,W14814,12.5,8.29317001565856,5.78,8.10105166838651,8.01244803849802,7.65676322307032,8.21414738819798,3.72510775771875,8.7776398091274
may2000,W14815,12.65,10.2339172283234,11.23,8.06036773828373,8.32811612832088,8.56106110631311,8.22992906574011,3.69560761939822,8.97491634916064
may2000,W14816,3.52,6.82263648101083,4.15,7.15477510315875,6.05287771694816,5.07292143336516,6.77453916103643,3.78285540464047,6.27920583085943
may2000,W14817,9.14,11.5764524239881,3.43,6.28005971472634,5.85459539697911,5.40517941055764,6.50662648799349,3.80538420193649,5.94366280995927
may2000,W14818,11.5,7.44647339072412,13.2,8.4162727600251,9.67679328437303,11.0964994767165,8.90486524800026,3.76449643752703,9.21341582252107
may2000,W14820,9.69,9.41750811173227,5.84,8.71329386362715,7.9648652916523,7.21432809083368,8.60444455817227,3.80056196993816,8.55690633637821
may2000,W14821,6.65,6.2570976620095,5.04,6.6894273672162,5.89267671409584,5.33221400320576,6.47343225630638,3.70856866657543,6.28672812660148
may2000,W14822,9.6,6.72812992176449,7.15,7.52055546110276,7.22911513083855,7.06217509421906,7.74867310327861,3.73644042125865,7.554271719627
may2000,W14824,4.49,8.31494844276915,2.56,6.50720244050337,5.91027137092285,5.40235058910479,6.91016814099132,3.65791703417849,6.29492973771112
may2000,W14826,5.84,9.41750811173227,9.69,9.78141467772385,9.9302849102061,9.9411949283234,10.0090171825215,3.80302515680543,10.6590073383643
may2000,W14827,11.9,10.3311126002466,9.68,8.05719093943544,8.66251742240386,9.16645709440099,8.12679174612095,3.7654047404171,8.32925003972357
may2000,W14828,10.49,3.51038785147225,9.68,8.66644673181377,9.28400840663442,9.56215258954108,8.70729106308453,3.65432093238991,9.42408661847371
may2000,W14830,8.3,7.46672822985652,9.47,7.08933273733726,7.763635318173,8.22879054710951,7.12646490530567,3.64942232067147,7.90882674597436
may2000,W14831,7.9,8.18627666049068,8.3,6.75312221668177,6.68450763748381,6.67856214716486,6.52570165228922,3.6854632597908,6.45021455310465
may2000,W14832,4.41,9.24516860136866,14.31,7.22905713740606,7.65984686504992,8.17497783223375,7.4170638144395,3.66590234535073,7.37276535602588
may2000,W14833,5.3,12.3654089594819,14.65,7.81737805600781,8.33541961888913,8.98995185870503,7.88094117610502,3.77399978705911,8.46367673899141
may2000,W14834,7.26,12.0866314853904,3.35,5.8423214886734,5.34149242401929,4.90492013471077,5.966816675824,3.7312470118869,5.53096658536231
may2000,W14835,3.35,8.09130258191348,5.14,6.36765947119134,6.10680235317969,5.81807544964238,6.49240489016317,3.6774234144563,6.40223939626164
may2000,W14836,3.67,9.6910277668048,7.9,7.69060337833343,7.79670949959316,7.87914512018575,7.50872578265812,3.77052907466799,7.89415799522122
may2000,W14837,14.65,12.2465862214326,9.38,7.38047493370754,7.53852778654776,7.63368931089475,7.35343063470982,3.73704397652643,7.97857676549292
may2000,W14838,7.7,5.62299950373877,7.6,10.2744451453507,9.98678381712395,9.55123603586551,10.8043740808823,3.6022350471356,10.6341678576047
may2000,W14839,7.6,5.26355609077693,17.1,11.0206438827531,11.677084934984,12.305524102646,11.2379154594083,3.60308588515376,11.6882165042898
may2000,W14840,7.4,3.37677900753737,10.7,11.0262141683641,10.7450215895056,10.6919909223838,10.8567410513996,3.59304346874803,11.2129548579765
may2000,W14841,10.7,3.37677900753737,7.4,10.1765824279892,8.81367812816149,7.9178432574252,10.3524986953025,3.58902500533887,10.0729546636681
may2000,W14842,17.7,8.23252814240889,13.96,12.358149813902,13.7261604875621,14.8679103649574,11.5503002473541,3.71898470509265,11.7912094849487
may2000,W14843,12.45,7.96138692137082,17.92,13.1199134827872,13.3990570686337,13.827199767663,12.7250980105512,3.65926842020019,13.5414369630508
may2000,W14844,11.93,8.12930525551354,12.45,13.4069988612997,13.2654468965115,13.0151209947419,13.1482734198287,3.65496925827711,13.9199974778344
may2000,W14845,7.2,14.5734758915862,5.26,4.75301678122746,4.76288248099165,4.77729708302538,4.57864027191422,3.74419639779969,5.12462982491395
may2000,W14846,4.1,9.88079148687559,3.32,4.31892539374633,4.19103980071566,4.08350952748547,4.32356476697491,3.67851964741106,4.57424196091718
may2000,W14847,4.15,4.42730235798262,5.35,4.09966428551069,4.40676126482614,4.76697218010205,4.21896394541283,3.60744537861335,4.46899224712729
may2000,W14848,5.35,4.42730235798262,4.15,3.82039620770173,3.81510912774361,3.87883830242363,4.00062938492441,3.60793873097823,4.17629304082999
may2000,W14849,2.48,8.34119325204986,3.77,3.6122351152625,3.56219527350073,3.52313396068157,3.60332045549451,3.6341659217911,3.7376123751583
may2000,W14851,3.44,8.22743191130999,4.15,3.95725609693835,4.01884392362679,4.07062739884761,4.31349746005072,3.66118090939659,4.55689244283371
may2000,W14852,4.2,7.3300943036256,3.32,4.26252215514311,4.00101725317883,3.75277697951088,4.36217084493875,3.70122702508426,4.51930139352991
may2000,W14853,5.6,10.9709744978859,10.06,7.91184883699501,8.07761910237656,8.22603594870376,7.72255499003348,3.75935368107076,8.31084285213585
may2000,W14855,6.98,9.89115406238593,4.8,5.96345344920281,5.5524328642638,5.23694563735296,6.02054835553941,3.77433570509287,6.17010306872439
may2000,W14856,8.65,8.54017220607432,11.5,10.8550574540698,10.9792050960467,11.1579944282569,11.4172068317837,3.8121698599463,11.582801576819
may2000,W14858,7.9,10.1806148953544,5.35,6.70741373569174,6.61717301605826,6.50874594955425,8.52812296972993,3.83768768132418,8.33313455504475
may2000,W14859,4.15,6.64606346076403,6.44,6.58377917107984,6.42397499453803,6.30174147890323,6.58994363995439,3.71597840055745,6.86598838224698
may2000,W14860,9.15,8.77086619290391,6.44,6.67503529487632,6.6393348154383,6.61589132463722,7.01103375377928,3.7448991654391,7.54467001093446
may2000,W14861,6.44,6.64606346076403,4.15,6.53037275828031,6.19230993616403,5.81793636903126,6.62809540964634,3.68397448979667,6.73770663693598
may2000,W14863,4.8,9.89115406238593,6.98,6.4118814816052,6.05583604491072,5.81406548370602,6.31775755897236,3.76232591928263,6.46478852524403
may2000,W14864,29.85,3.53566899091654,25.49,24.8819273528453,25.3686644548725,25.5319728996824,23.4200462619584,3.60021817005403,23.9800922176744
may2000,W14865,14.68,8.74692199915021,9.78,20.0960631887797,18.5044964140082,16.9695615671567,16.6827041071266,3.66651284581614,11.4180779187428
may2000,W14866,35.29,10.0803862606919,29.7,24.8098096202682,25.0209070706596,25.320356670703,22.3590365029245,3.6838618064396,22.3549309228854
may2000,W14867,2.3,11.2721397573703,4.93,10.0603022027912,9.59050155269756,9.28671070044233,10.4579467355312,3.70692240852695,7.44377062431672
may2000,W14870,36.45,8.27181281062374,38.65,23.681572518977,26.4086961000489,29.142155729393,22.8494745605297,3.66545169802897,22.7405299457643
may2000,W14871,38.65,8.27181281062374,36.45,23.1169056943717,24.4152738791322,26.5314663499909,18.959189999628,3.72370390797877,16.5542678316992
may2000,W14872,11.62,13.9112760814023,35.29,19.9399208429593,20.5181637640356,21.2688516376499,17.8902194401974,3.77779885869897,12.6069034519732
may2000,W14873,5.69,11.6463011655743,38.65,17.3887935201948,19.3295483041634,21.2258465347766,17.0716285299524,3.73921656660232,12.7123792255947
may2000,W14874,4.93,10.0070062270022,3.9,5.55086777915874,5.18433614478539,4.89694051358557,6.12455047697823,3.68162169373188,4.60114766189048
may2000,W14876,1.77,11.163177333016,8.57,6.93950618373112,6.797088078991,6.76066261399975,7.44721815328327,3.71384198270047,6.87961475531706
may2000,W14877,7.05,1.62867315565337,7.1,7.11590036662291,7.10268983441407,7.09917599928759,6.8436918598456,3.57160453173887,7.1051706710538
may2000,W14878,7.1,1.62867315565337,7.05,6.78509368466793,6.97223457203361,7.03194190581068,6.72442557978215,3.56412264910422,6.84800511951523
may2000,W14879,7.37,10.8341011163527,5.98,5.72403205076563,5.7256782020414,5.74538382661652,5.37035558025582,3.67775623401978,5.95462361563464
may2000,W14880,7.1,7.31427025679477,3.9,5.4904765312294,5.32393792831924,5.04243561635211,5.66362192411528,3.64481011600412,5.83159793664296
may2000,W14881,5.98,9.50970563726356,5.52,5.68057184141705,5.57464834670384,5.52780263269895,5.81823620667774,3.63129252094566,5.97352443337165
may2000,W14882,8.32,10.5817102383876,4.4,4.76434112182469,4.63582658706871,4.51605924590065,4.623087182479,3.73876200521242,5.00414676329176
may2000,W14883,4.1,3.33307437042058,3.36,4.88261690896987,4.15014537457237,3.73132312347993,4.91017440059602,3.60046507009616,4.85886330374013
may2000,W14884,3.15,10.3138973579289,7.62,5.84895701659173,5.9314990528318,6.05501867217186,5.5212945286587,3.68217440561119,6.03312241676008
may2000,W14885,4.65,12.1556233975949,5.9,5.24136963907961,5.21279102027003,5.19683127774179,5.18218766829582,3.70571137475352,5.44132146629674
may2000,W14889,10.06,10.9709744978859,5.6,7.389405965271,6.82631743896826,6.33473381511113,6.83893777046358,3.78712301333366,7.01677219479747
may2000,W14890,9.46,6.56523672421487,10.02,7.40688302391315,8.24922570477946,9.06783292248955,7.27320580877895,3.72013207570736,7.81036082195298
may2000,W14891,10.02,6.56523672421487,9.46,7.59028466049964,8.31783272664596,8.89264970243409,7.6294252329657,3.71640916527233,8.38735066798771
may2000,W14892,10.1,10.3299436103589,11,11.2311091228661,11.3043951065829,11.3907198192022,11.4837871257659,3.61975083920172,11.9927315631582
may2000,W14894,17.37,10.6589531589885,10.7,15.6896572425481,15.7610245630125,15.6952378239197,16.003627311849,3.68794061019557,17.3409490356743
may2000,W14895,17.75,9.39571555084078,20.65,12.4679715074318,12.4307647925969,12.515331669965,13.2022476172665,3.64199685281852,12.6139603882031
may2000,W14896,6.45,12.1839371800687,10.8,10.7725321810716,10.5789412970252,10.4122562522676,11.1521526233075,3.71870632769408,11.5405747039976
may2000,W14897,21.6,10.1734298284575,17.11,11.9183129692423,12.1449671490262,12.3984614410514,11.9085222972624,3.67982779350917,11.9050818831995
may2000,W14898,8.41,7.95997750651273,7.25,11.4830996609835,11.2155030955615,10.6056738390076,12.0424447509022,3.71087082113817,11.587034186231
may2000,W14899,11,8.47726715999268,12.47,13.7418593600963,13.9099329563373,13.9794898553388,13.5766965260731,3.64390202818171,14.3834510567871
may2000,W14900,7.25,7.95997750651273,8.41,11.2822467924694,11.1417653667874,10.9260297525102,11.5289483547631,3.66470397789686,11.4329454053288
may2000,W14901,4.2,10.405633479689,8.68,9.79358807566387,9.88564258983011,9.96634773767229,9.22388433016658,3.64562248162948,9.52175853746635
may2000,W14902,8.68,9.57823039131872,9.2,9.63989793763018,9.82868308194632,10.0142963226209,9.82228858215255,3.65160975917862,10.1042678581967
may2000,W14903,12.82,7.16092274420377,7.98,9.22081731487449,9.48227081392,9.68684681425386,9.05986701017482,3.60688743047836,9.66031602526131
may2000,W14905,15.2,8.36952712244068,12.82,8.14938640066749,8.20462580430713,8.35674653291553,8.00648371842603,3.61477608375228,8.1409490100475
may2000,W14906,20.65,9.39571555084078,17.75,14.4838321465129,15.2480149018698,16.0105663001468,15.5132143585334,3.69596768560259,16.8922206007677
may2000,W14907,14.64,10.5547621492059,11,12.3399659167249,11.922598709131,11.5465033409597,12.384939718021,3.67121330741368,12.3819051394167
may2000,W14908,19.35,4.37690558900851,16.4,15.3447059617984,15.7403900780766,16.0830382904034,14.6635834879425,3.58434959346312,14.9231545415486
may2000,W14909,16.5,4.96116681291743,19.35,15.8353259172824,16.7826688782822,17.7186732837131,15.1392854823707,3.60703394027449,15.9777045868897
may2000,W14910,8.14,6.24233871657088,14.03,15.3217464564236,15.2033625085658,14.9522846333973,14.677500554226,3.61664681220836,15.5508687342013
may2000,W14911,11,3.02078993598235,10.8,10.0137886776845,10.1339444764322,10.3253085134982,9.82967651976271,3.55852865258685,10.2757797125958
may2000,W14912,12.2,5.41358070798002,8.68,9.36895995640622,9.36369457437798,9.31505421141383,9.10795529555091,3.59538370200779,9.28197369565958
may2000,W14913,11.7,5.23125770542311,17.97,10.4452520265309,11.7036515020054,13.3616919872973,10.1006694298685,3.57637504449824,9.85031853541097
may2000,W14914,17.97,3.90955291723113,15.48,9.64328198538067,11.732874658405,13.319499982268,9.54633848633201,3.56778222041855,10.0450606413282
may2000,W14915,10.7,7.32473300944923,15.41,12.1765581781705,12.197982145922,12.3929699126208,12.9949655369314,3.61891378054721,11.9563708468583
may2000,W14917,8.85,6.40240531541869,7.4,10.3480112245478,9.94835522208073,9.32796333578561,11.5204763586365,3.62795085326657,11.0768763831435
may2000,W14918,9.2,8.5798085584071,12.82,10.1244139032624,10.1015510393905,10.1102698706709,9.78057219716166,3.62982281471879,10.1794983739252
may2000,W14919,14.42,0.897471869294639,13.46,12.6210765242539,13.3926142154664,13.456424248634,12.7520104098783,3.57828553039792,13.422746869629
may2000,W14920,13.46,0.897471869294639,14.42,13.2043583198878,14.3160374101375,14.4138539659859,12.88746234579,3.58050604002296,13.6674981173637
may2000,W14924,6.43,11.1509939835703,7.18,9.09613980624444,8.72052432027424,8.32324697593943,8.75712377877777,3.81173224483743,8.93812905013234
may2000,W14925,7.18,11.1509939835703,6.43,8.19308799346502,7.56656549675792,6.97279450576504,7.91638806180012,3.75292569889562,7.4795881603701
may2000,W14926,15.15,11.5826506692117,8.9,7.87674669666042,8.24541230223313,8.58373133553024,8.20503358996287,3.81590072156266,8.76480530340271
may2000,W14927,8.9,11.5826506692117,15.15,8.52489880593107,9.27775943840227,9.9743935484706,9.00641119793975,3.74779634423409,9.49616539285452
may2000,W14929,14.13,12.0495651374573,6.59,8.17092509305876,7.77094717536752,7.50896285097138,8.28142286605127,3.7591556774158,7.89902033749591
may2000,W14931,3.38,11.7499575370318,7.18,8.08162774984746,8.13077039735197,8.13289228366897,8.45242862396044,3.78869069864637,8.9642398767866
may2000,W14932,10.97,7.46415833866976,3,7.68777865102133,6.44267613838525,5.1502593886207,7.49569451070259,3.72438443688314,6.48208981616729
may2000,W14950,5.03,13.1327800162515,4.65,4.62557146273153,4.58526970297252,4.55629598271355,4.60464797079104,3.81678894967442,5.04472607103362
may2000,W14951,4.65,13.1327800162515,5.03,4.79001060011769,4.85146187082423,4.92125818233538,4.852867366911,3.81722711486784,5.41608398235169
may2000,W14952,6.67,12.027765284485,7.35,5.27670257300595,5.51707741244689,5.75605494295475,5.21225404163669,3.77587236091384,5.77220215448901
may2000,W14953,7.6,8.5362464563131,5.2,5.02767008929648,5.0793852412923,5.10469156716857,5.02743098717601,3.72423863802506,5.44737477735614
may2000,W14954,4.58,8.97348719778548,4.05,4.9423590440611,4.83346246309523,4.65863263836109,4.86276954135258,3.74484930743719,5.1130895177299
may2000,W14955,3.76,4.89618452889229,4.1,4.86230423039907,4.64565370440518,4.52536646714114,4.82720086066615,3.62314825660569,5.01313976760821
may2000,W14956,4.1,4.89618452889229,3.76,4.81247588547746,4.46175795572058,4.1821155137669,4.78200045847667,3.64185086754154,4.97395627783184
may2000,W14957,7.35,11.5338382175084,5.2,4.9971101069219,5.27116411055078,5.50667992632835,5.10514134357256,3.75631459088501,5.51411983102418
may2000,W14958,3.7,12.918628142123,6.09,5.41549600183716,5.58441318359763,5.72244420010842,5.42720950128796,3.8242736512566,6.03165014969703
may2000,W14959,3.19,12.6157669701302,5.12,3.96236180750033,4.01593193909321,4.06927664015609,3.90598098934881,3.72289143994827,4.00470510181572
may2000,W14960,3.55,3.97352420810195,6.93,5.14986795714573,5.74679275172466,6.16381970140329,4.96003340533992,3.60263270240458,5.43794360854748
may2000,W14961,6.93,3.97352420810195,3.55,4.41380733767035,4.12486737959083,3.86503179766178,4.58254637824938,3.63694220905911,4.80721114254885
may2000,W14962,5.12,2.36000225301706,4.99,4.68461946794559,4.88279789620682,4.95689492106577,4.55735808417184,3.61817986926638,4.86387983226354
may2000,W14963,7.53,13.5349240020042,4.53,4.9310360491758,5.04503677045314,5.11241051244146,5.13865982248067,3.78963541439022,5.63417537524814
may2000,W14964,6.7,14.5196925310863,4.48,5.39831868416788,5.41192735139281,5.40211408186439,5.32837123324527,3.77795334469928,5.80225575461415
may2000,W14965,4.04,2.78562176735385,2.79,3.22437151593098,2.92440628613222,2.81405508706262,3.59581803121692,3.64954378631755,3.54086725987466
may2000,W14966,14.3,9.27269901469299,21.3,13.0832281979264,13.508385952462,14.0348147969137,12.1677232861244,3.75608474211049,11.6188859149638
may2000,W14967,20.75,7.29588154462475,25.72,16.5466545422,17.8475869869535,19.7971647784118,15.8973339021694,3.69895175159552,16.1084239520519
may2000,W14969,9.05,11.5612655412093,20.75,18.0744760174494,17.6028667532019,17.2880093718503,17.2572044964385,3.75895021485769,15.2921438906744
may2000,W14970,16.4,13.8421326924821,4.4,9.047185170043,8.6109266368498,8.2411565035439,9.15258771126657,3.73160666322156,8.97538094928979
may2000,W14971,6.05,11.8632409762856,4.4,10.7040653611746,10.9322700836525,11.0231052562986,10.4115151211872,3.7476373033891,10.2592636820886
may2000,W14972,17.78,12.8370750594017,6.05,10.63111910345,9.92255416640621,9.39292566678497,9.84055793185095,3.75157196071692,9.16247861357173
may2000,W14973,13.96,13.0894284909126,17.78,12.5099387870878,13.4730747818078,14.4284497115856,13.9692760931235,3.76539752835757,13.4328783711982
may2000,W14974,6.2,12.9658655858663,10,8.71957776456661,8.75794163876528,8.82171700192183,9.6257632267784,3.82374378642506,8.39800063563296
may2000,W14975,8.65,6.96173383417433,31.68,17.6796097108292,22.6366519061652,27.2738831619806,17.6659272153417,3.73647127003375,17.7084784610193
may2000,W14976,29.62,15.111233326701,31.68,14.184415800557,14.4420353388528,14.8041542626841,13.9472893760716,3.77968384334418,12.2701111688564
may2000,W14977,31.68,6.96173383417433,8.65,13.3566928131316,12.5941328087633,11.3598932806857,13.486907025188,3.71150244299872,11.6416729491365
may2000,W14980,9.52,8.21492957464307,13.81,13.5375865307602,12.4524728666349,11.7755218411572,13.130107411322,3.68855741376347,11.7525321739131
may2000,W14981,3.91,3.93878542284931,2.64,3.87922429916126,3.41108652986502,2.98737366345244,4.44168379438613,3.6149694195826,4.09428252732514
may2000,W14982,4.18,13.2201341825717,4.84,5.18203637563875,5.08583885518219,5.00966141680889,5.28076438790731,3.77554359378916,5.6908748988553
may2000,W14983,4.91,8.93956514825966,4.25,4.14767292702933,4.05453703238542,3.99669120724854,4.31018502414316,3.6530296781929,4.38183356550744
may2000,W14984,5.98,5.24614277154117,1.87,4.15864599463964,3.93314627611798,3.71595813025826,4.77335307333971,3.5665388656287,4.46123249165173
may2000,W14985,1.87,4.51190375787425,4.94,4.96504388230542,4.91958566858175,4.88660381675288,5.32656498343854,3.52831243723674,5.35961522680951
may2000,W14986,7.26,11.0090584202894,4.06,7.18337875284442,6.81160356249944,6.26747922645637,7.12092066996064,3.78524827828157,7.22119854122583
may2000,W14987,3.67,9.77282348058911,6.35,7.52663043720125,7.30421165962038,7.0315013056696,7.88039698658863,3.75951586601337,7.64364239475997
may2000,W14988,6.16,8.8572665063921,4.06,5.38726921576999,5.44616102878362,5.44907622455471,5.59068082916713,3.65962113998753,5.94603101320507
may2000,W14989,7.03,11.2401982169229,3.48,5.08197154396246,4.94067088275906,4.82061269818043,5.18854002066004,3.69049192513874,5.39764002758097
may2000,W14990,7.3,12.8897025483328,7.17,5.65687624235157,5.81167230656318,6.05171228046688,6.27364572763968,3.85183313176225,6.81062462910828
may2000,W14991,4.64,7.55022602274305,3.69,5.11061562096834,4.9106989434581,4.69542563746281,5.60407268002014,3.60921899356749,4.91847529236914
may2000,W14992,3.69,5.49157171839529,1.87,4.31239260840998,4.17863790104346,3.93412914350756,5.05001784491553,3.55392854997343,4.59898754272911
may2000,W14993,5.15,6.16126845257725,2.64,4.10899730837787,3.88333486039242,3.68197015078273,4.56734687325779,3.58786736426042,4.26686227161924
may2000,W14994,2.84,5.00256531975566,1.21,4.68475912673854,3.75038497254494,2.72895517294977,4.98401781929092,3.60664343006457,3.62060820898982
may2000,W14995,3.57,6.06702207134991,5.47,5.95779490173935,5.42071639051726,5.10573743043784,5.86181793081312,3.69001314119364,6.00402359927861
may2000,W14996,5.47,1.38116887097377,3.7,4.75330976595741,3.88335814821405,3.72336914336042,5.38401882258227,3.58124774153698,5.03710409141905
may2000,W14997,4.84,10.1557578099297,3.48,4.42070189935219,4.39178811301,4.35407586831763,4.77979618232493,3.68856884798405,4.94436381134565
may2000,W14998,2.75,5.36941001131639,3.48,4.96697090271191,4.46054512515655,4.03727378907815,4.92797331691109,3.61354903255669,4.88248175263986
may2000,W14999,9.98,4.70232007215459,3.64,7.12170941990846,6.04423392285107,4.94137541700904,8.02650011456936,3.64375071603345,7.26913364096908
may2000,W15000,14.2,9.58767679546534,12.12,9.71315556904302,10.1844183116326,10.6423210430147,9.94975583921127,3.70158721980132,10.9827492355321
may2000,W15001,12.12,3.43331700692497,10.05,8.95568858453521,9.65251945009853,9.97716061852019,9.26268193517033,3.62675569960011,10.0645389125126
may2000,W15004,7.59,1.41973442709904,8.89,9.53426298092464,8.95832526136892,8.89400307220898,9.43270841490897,3.61419708683425,9.62240801918656
may2000,W15005,9.14,10.1473533375312,3.4,11.3031613166793,10.6759096454867,9.91438706183457,11.5655104960779,3.71664624333424,10.5619921191311
may2000,W15006,7.03,13.8081223514737,5.8,7.53107206231133,7.59666652714074,7.59771748989061,7.6857960408272,3.78338833768485,8.22246440129913
may2000,W15009,8.47,12.2219713086827,8.51,11.6546501312203,10.9523321050046,10.2751685167339,10.7679395694248,3.75469153711572,8.30079405388646
may2000,W15010,3.98,14.1919987137965,6.74,6.77856683449151,6.45840263472551,6.1828282600256,7.57660928867695,3.75735586254243,6.73174824850123
may2000,W15011,8.51,12.2219713086827,8.47,9.34658688944801,9.48815770747382,9.52850736041955,9.70086760881943,3.80635187475685,8.98743442731129
may2000,W15012,5.18,12.9334836732406,4.45,7.09411284370356,6.9370286036445,6.73921437184844,7.91211951111072,3.72488118196357,6.53757344489032
may2000,W15013,3.12,11.276118523922,20.77,19.8355708740535,20.4959323980513,20.9402603378516,19.6834182587465,3.75234029468345,20.0873479070171
may2000,W15014,20.77,11.276118523922,3.12,16.069135505926,15.6178624714899,14.8772715279614,15.8766171644031,3.70902095686209,12.5506989624464
may2000,W15015,10.03,11.3775242136267,20.77,14.5896759332432,14.740326899623,14.8782120610054,14.6725315228086,3.71480968842086,11.9093312749522
may2000,W15016,4.45,9.9675620172268,7.25,6.07204029859516,6.06819611506654,6.08900923836821,6.75105799925242,3.683006664474,6.11022882492494
may2000,W15017,6.74,10.6952763239618,7.25,8.52235114876135,7.91820455113045,7.40763961862114,7.60176431181591,3.72909361343314,7.65329445793028
may2000,W15018,6.07,10.6886464154509,4.88,12.1371320801655,11.9757033310839,11.7131246261931,11.3673420712607,3.6995756840546,10.0539390522943
may2000,W15019,22.07,8.01811581354153,17.17,11.4653426969071,12.3288038895769,13.436088883058,11.5263680859874,3.68870749624961,11.3373864550876
may2000,W15020,9.25,3.71116200596717,14.23,14.1168613901759,14.1447740559913,14.2434224932661,13.1253632205247,3.65704718038968,12.8756649131975
may2000,W15021,19.57,10.6637393555101,9.25,11.7478207556287,11.5400508255853,11.242178682601,11.731512849879,3.71258810907656,11.7455339543678
may2000,W15022,19.9,5.17748146383926,30,19.0703222523927,23.220108421064,26.9447932172586,17.9142761684095,3.67451837982986,17.794080892497
may2000,W15023,5.12,9.48655778930622,0.91,7.02347402855614,5.85328769840089,4.81036475482841,7.4975948395246,3.6717119632768,4.44957476607542
may2000,W15024,0.91,9.48655778930622,5.12,10.2303772218896,8.98760011669183,7.90706932628688,10.3881306193208,3.68157691794089,7.98677263066416
may2000,W15025,8.34,13.2811631752415,12.9,10.1562077528351,10.1803403097562,10.1786953773841,9.44858962526131,3.72767253840368,10.2115795399797
may2000,W15026,7.25,9.6913253994479,15.25,7.63065063308398,7.91019531972317,8.26386741035285,7.79544292904488,3.67169551560937,7.25866217875203
may2000,W15027,4.88,9.12545957885532,3.07,10.2990477082229,9.74466855074471,8.90899095493594,11.1612133216418,3.68419871032291,7.83247011431623
may2000,W15028,30.47,10.056471947944,3.07,10.4590627925107,8.89308256677651,7.21621099795816,12.1909982648885,3.75007700572584,8.1835464951237
may2000,W15029,8.06,5.67693752705041,6.78,7.11114004281314,7.01096750699071,6.91503445289302,7.31316627426431,3.55261895911776,7.64114959195855
may2000,W15030,8.73,7.09398009396106,3.95,7.10621772371483,6.86385143071769,6.65524023084671,6.92001429814533,3.54861343307805,7.22320625314195
may2000,W15031,6.05,5.33091262445355,5.7,7.46431992004012,7.35985043508156,7.13939491494709,7.47618858014611,3.55313440117801,7.99685284863346
may2000,W15032,11.58,6.71073744682249,7.18,8.15179028308533,7.94107076482694,7.71472947383086,7.48111942813502,3.5854336742635,8.00881660327615
may2000,W15033,6.78,5.67693752705041,8.06,7.53432989057686,7.93461350100383,8.23057858801828,7.80404281414518,3.56638594623816,8.58620629179038
may2000,W15034,6.76,3.09385390031824,5.15,6.81904574634032,5.85139299051177,5.32393770805497,7.18991951744271,3.60997361558645,6.73395851719067
may2000,W15035,4.9,8.62081639855616,10.4,8.28371173721534,8.52398756602575,8.70566570194742,8.01811359058484,3.61516072676473,8.52599499879906
may2000,W15036,10.4,8.62081639855616,4.9,6.53020959267221,6.23351834729157,5.9884471442858,6.72532754132837,3.60727756134887,6.64816400375631
may2000,W15037,7.8,7.558981057859,4.64,7.0470409681538,7.00371247231439,6.9209639346239,6.97237014658983,3.58254266791012,7.05908030021916
may2000,W15038,13.39,9.58736922522823,13.7,6.76483195743455,7.17868382985919,7.6430514587266,7.09991832631641,3.66625469173711,6.92220200868463
may2000,W15039,4.64,7.558981057859,7.8,6.44677192451264,6.48292632751696,6.51829473448423,6.72818010936639,3.59677208766373,6.90513494269641
may2000,W15040,13.7,8.19177227189642,3,6.01775354934337,6.13983204427125,6.20930690204349,6.54235581877342,3.63438532818859,5.97625354191053
may2000,W15042,4.98,5.24613693975722,4.45,5.55145180018461,5.20676510908192,4.92009892778989,5.54551032445963,3.61568145362544,5.76253264999975
may2000,W15043,4.93,8.77087966431165,4,5.98629617036611,5.82543922148242,5.6670230852794,5.99240094121776,3.61320674449661,6.05084714934486
may2000,W15044,5.53,8.47776251278727,4.64,6.38610165228686,6.23936719697801,6.04483861532765,6.77547383991584,3.61799185757097,6.85874847631718
may2000,W15045,4.46,7.23475322444226,3.82,6.5113392465887,6.22249268388811,5.9249453103375,6.65050762662076,3.62444052254698,6.68684368852952
may2000,W15046,4,4.18683159761132,10.62,8.28614585541392,8.49278630090822,8.9151945569429,7.85210387783793,3.55901914087706,8.19879772128991
may2000,W15047,10.62,4.18683159761132,4,6.89557352696163,5.78105584277213,4.88477891259288,6.68559355624894,3.56200486958396,6.21786188681174
may2000,W15048,15.15,2.26272896700768,10.19,8.12762597240147,9.29292030504593,9.93061646700992,7.52361620030992,3.5459114054214,8.0988554743279
may2000,W15050,7.99,8.91267229194735,6.78,7.52743587890654,7.54336784311408,7.52116445103734,7.49913218887664,3.5913052801786,7.79585414388465
may2000,W15051,9.1,5.40758668166058,10.19,8.67273472841763,9.30381917930743,9.80140356331593,8.15822690539129,3.56440277029631,8.97317007128146
may2000,W15053,9.72,6.51733376578353,7.93,5.88528252660037,5.79171084428633,5.68104905296673,6.05105843932305,3.56467688252096,5.86786252433138
may2000,W15054,6.38,6.631505065423,3.95,6.80549536811996,6.67657806954535,6.53240039371606,6.76881161390376,3.57085265622975,6.91884408280415
may2000,W15055,7.93,0.543483069899296,3.95,5.01854966608986,4.04864635597517,3.95703208827578,6.17264996679358,3.5069768907064,5.92198097005089
may2000,W15056,5.42,11.766174831412,7.54,7.45206915068604,7.43737267128945,7.44001766793842,7.58135461086536,3.81621127848289,7.38502715524916
may2000,W15057,7.54,11.766174831412,5.42,8.2157658082691,8.2101417463144,8.16752263540346,8.26609423166005,3.73621546654442,8.49718236438841
may2000,W15058,5.72,7.83149255405004,7.2,8.84701283020931,9.14272371146681,9.31540828969747,8.92766908101362,3.65072835187568,9.82157679664964
may2000,W15059,13.12,10.0534941469969,7.38,8.52287479343264,8.26748958653488,8.04854631141608,8.51822422127152,3.73749924730593,8.97423864355869
may2000,W15061,17.07,6.04622546162167,8.43,7.19882667529775,7.47890298200527,7.86667264216097,7.60118871898131,3.7096070458191,7.71272190394234
may2000,W15062,4.07,10.8399413459875,7.46,9.61419561113694,9.8349606946317,9.97114476875121,9.83824313982523,3.74315611372064,10.5125981595056
may2000,W15063,10.53,13.6828250363875,6.8,9.41628932950814,9.17872861789013,8.92641841280391,9.55656708446716,3.8052038465713,9.52967091558809
may2000,W15064,8.33,14.3033726260845,6.46,9.05196615764604,9.12671143496889,9.13184709814542,8.89876066642479,3.80856626105481,9.69568788078419
may2000,W15065,10.57,4.27241597496463,7.46,8.12931652414701,7.68744818709958,7.49733685811396,8.09486562226512,3.68744233067314,8.25665858271933
may2000,W15066,7.98,8.4802115933267,9,8.43323166798261,8.48560758104569,8.64391556807159,8.69664603066346,3.78631764206332,9.21795755544986
may2000,W15067,7.46,4.27241597496463,10.57,9.1231549734208,9.58353052920879,10.1038954773508,8.85124086059214,3.664171439436,8.94968194049947
may2000,W15068,6.8,6.52724896088183,11.35,9.33832602292244,9.7728829518932,10.3239325680369,9.50839551661466,3.6696767384848,9.94593206859561
may2000,W15070,7.38,10.5459981163677,6.9,6.53607870745443,7.18768206590107,7.69414026543339,7.32279060521593,3.78602623126113,7.89839924586127
may2000,W15071,6.9,10.5459981163677,7.38,6.15775523818857,6.28390453487752,6.36253093362535,6.50996876166938,3.73336577494015,6.56751670544529
may2000,W15072,5.11,11.2278301399394,6.63,6.85774305385831,6.66294242215028,6.45279203197104,7.14460526763408,3.75943118252812,7.05000219039792
may2000,W15075,9.14,11.5637735232415,6.63,7.08489193003416,6.90163764763765,6.73344896575088,7.19181955464494,3.74615668484516,6.81440062349926
may2000,W15076,7.6,3.29567383062464,3.86,8.7518865768379,6.10449986640034,4.60284620181237,9.08670693555941,3.61759416584721,7.39299646595523
may2000,W15077,11.88,6.06564925594484,11.62,9.31894647822775,9.71324028082316,10.3436933555378,9.45693442935477,3.66261215506859,8.95956542515748
may2000,W15078,4.63,9.58261590272913,5.59,6.87226603207135,6.58075751720085,6.2980972003682,6.78498313330394,3.70566728241242,6.50736471347917
may2000,W15079,3.81,13.8302036578986,12.62,9.12753771683172,9.18610140104599,9.23851550674687,8.75199510305466,3.76663436669647,8.44046463371498
may2000,W15080,4.08,10.1057378441438,2.35,8.83645259043758,8.94988095853635,8.91647902167247,8.47629426524579,3.64512364946149,7.9577843502205
may2000,W15081,30,5.17748146383926,19.9,15.7038214449641,17.8551183175343,19.2022450817273,16.0749362052011,3.65356003573322,16.9237930693844
may2000,W15082,5.54,12.8660429192702,3.48,5.94735130588328,5.58288396480761,5.25433695305003,6.2258553042487,3.74719647461168,5.86990883879683
may2000,W15083,5.59,9.58261590272913,4.63,8.44287972889187,8.25121252414087,7.93652262101158,8.69570117589592,3.69684527444803,8.22926967217443
may2000,W15084,6.49,11.8813162998109,3.86,9.729529917335,9.41071879634187,9.03487840019176,10.60906792123,3.69833139458168,9.26687924177105
may2000,W15085,15.41,7.32473300944923,10.7,11.5190172604619,11.3402041283688,11.1355377539806,12.8830290298659,3.6424437975861,12.1489830740218
may2000,W15086,19.11,9.30333608352913,12.62,8.46256044766179,9.37099364203913,10.390413615838,8.41373275153194,3.74871667849902,8.99502124158262
may2000,W15087,12.62,9.30333608352913,19.11,10.3067978278883,11.3605563696141,12.85487406317,9.46991326395239,3.72900358839139,9.36405911829592
may2000,W15088,21,8.48849783091489,15.43,8.22631895558839,8.62587426478046,9.13494565427089,7.81322794186108,3.63485429308765,7.60258452975757
may2000,W15089,25.72,7.29588154462475,20.75,14.7324945206299,16.367897420576,18.1356494432518,15.4146846110285,3.70751816589881,17.1908548807833
may2000,W15090,16.62,8.7175854794747,5.36,11.8085910008969,11.1105272025678,10.1268834952228,12.5335355759617,3.68918956009418,11.5081800577925
may2000,W15091,15.43,6.48205835700229,8.1,9.22032712205301,9.77384106184654,10.0050230359991,8.92615488734896,3.59474378710087,8.67389788347858
may2000,W15092,15.05,3.3146470973851,13.26,7.72729740390973,8.12708937715052,9.112357961909,7.42319422875455,3.51857881249877,6.44913210082028
may2000,W15093,7.58,7.84054498596731,5.36,8.62362125254568,7.97729309877188,7.26965640434772,9.84312593617817,3.62198819904206,7.60677983656366
may2000,W15094,3.77,10.1082973105788,5.36,8.16849193872195,7.67881632097262,7.23187284995045,8.21497963898231,3.65695729835279,7.23541865291511
may2000,W15095,14.03,6.24233871657088,8.14,14.5502763124449,13.8429518499042,12.7448437299263,13.6281414146292,3.61052406678217,13.5457838332209
may2000,W15096,18.5,8.25056617280124,30,14.9025519726466,15.8961417780443,17.0430894081803,13.808215657372,3.62048825945361,13.9564783979272
may2000,W15097,20.15,3.62174121407609,13.96,12.2472156520869,13.4357794090435,13.8736212774047,12.1403324975796,3.62183240323628,12.7772322764055
may2000,W15098,15,8.9653737805446,8.95,12.7933856029166,12.0035291308165,11.2038164506247,12.8359694316374,3.67581668632465,11.894624613094
may2000,W15099,16.72,5.9483601290281,6.79,11.5031898149061,10.3550444136567,9.03670049831346,11.0889413634456,3.63925174719076,10.1221788427943
may2000,W15100,5.5,10.4892520883217,19.35,15.9866222072292,16.2405684692168,16.5319321751342,15.3722493407966,3.65976484333446,16.3292394278432
may2000,W15101,18.5,2.26048035524856,18.15,13.9444507226638,16.7067682482873,17.8504751218109,12.9881242248113,3.59797998846688,13.5080579770776
may2000,W15102,13.05,7.46375739789261,20.15,14.0592970724398,14.8378280742179,15.7987640130071,13.4276312794455,3.65869135984999,13.4171121804268
may2000,W15103,4.06,14.5730103482946,6.55,6.45133563325769,6.72340306965857,6.91194592414461,6.46392687056769,4.01884667747871,6.59121025814232
may2000,W15104,3.8,9.57636322428607,10.86,5.86762635706342,6.94181905886859,8.28159916517954,6.36321016702564,3.85079797402871,6.83485080222546
may2000,W15105,6.89,2.45899733859221,4.86,5.29238918612559,4.95524534859558,4.88000157197682,5.36820151693023,3.65400495936154,5.45156807567066
may2000,W15106,4.86,2.45899733859221,6.89,6.08402589934277,6.29231941583183,6.47641838432135,5.87563896161359,3.62355072671058,6.23890572117351
may2000,W15107,8.26,7.28293744463502,5.58,5.69418621469714,5.64936265059119,5.60818840828917,5.8227006142348,3.80619978071042,5.97091928325381
may2000,W15108,5.58,7.28293744463502,8.26,6.76498664903939,7.39617532085539,7.9001886885278,6.739717090458,3.78884820133302,7.48481430691727
may2000,W15109,4.17,6.86880582998148,2.52,4.39199882073626,3.72277781525775,3.15669412741795,4.71984142810677,3.75015977034315,3.97416438698061
may2000,W15110,2.52,6.86880582998148,4.17,5.23303997680281,5.01428543588863,4.76891806278859,5.45206159496074,3.68610593949528,5.08347455424919
may2000,W15111,2.87,7.79315885933711,2.52,5.57266513968224,4.85383136106559,4.22279113534663,5.77133576143291,3.79566275917051,5.13005678603471
may2000,W15112,4.43,11.6830161282407,10.86,7.46227481194815,9.05720445353495,10.2212987463208,7.40354726523081,4.16067119584103,7.29883569088986
may2000,W15113,10.86,11.6830161282407,4.43,4.96778154922772,4.6313358208351,4.47201839036632,4.7739824410139,4.05041406159169,5.06776839683823
may2000,W15114,3.7,1.38116887097377,5.47,5.69630749979623,5.51233112365096,5.47571036895846,5.88787623564243,3.5837431888785,6.08932923909488
may2000,W15116,5.78,11.9327762008571,4.79,3.79502331003126,3.88578488017329,4.01069288598241,3.88410795810384,3.78589576422164,4.23906718340133
may2000,W15117,2.19,12.2914690046167,4.59,4.35987914743133,4.32011077687467,4.28545103403437,4.17293297696108,3.73342129448345,4.48579745207449
may2000,W15120,2.4,11.8764735917318,4.02,3.61641458083629,3.58795804302521,3.57528210305893,3.64762960377658,3.70291825726913,3.81653323347474
may2000,W15122,2.27,6.89656791842735,3.35,3.94221186547947,3.77225396350806,3.60908406315139,3.96570449427423,3.70710011577138,4.23401144729296
may2000,W15123,3.35,6.89656791842735,2.27,3.53268039365471,3.30174961318486,2.99250415700637,3.65772396332898,3.69401088877196,3.76462887694566
may2000,W15124,2.77,8.74264455534927,3.77,3.24159088901889,3.22791228102435,3.22615826942287,3.33224087873042,3.66938737651596,3.49342257813113
may2000,W15125,4.79,1.62513631452513,4.07,3.82941857599006,4.04207643797528,4.06829501268752,3.85944523104571,3.61758828911345,4.21794957733982
may2000,W15126,3.73,10.3972842484913,4,3.93761673386952,3.96699314538611,3.99474505110134,3.98381846777138,3.70794142239289,4.34503576008867
may2000,W15127,8.72,10.4620870606864,11.77,7.33590921628557,7.98351002552938,8.73449253917363,7.46149665663041,3.77332827970048,7.8402458621917
may2000,W15128,7.84,9.13817284355512,6.29,7.60250147267509,7.37580837575686,7.10089259949501,7.55514508473707,3.73006499196764,7.97791290972643
may2000,W15129,5.74,13.7550553977197,7.32,7.56735514269108,7.36765020023161,7.19616753014664,8.13930041925354,3.79607357713925,8.0177281509621
may2000,W15130,10.17,9.4330186077369,6.02,6.48202848540958,6.25591521347699,6.0873913987687,6.7535401857183,3.7008764436162,6.92617956432363
may2000,W15131,7.04,7.91028256672131,7.32,7.4250283555461,7.40606059186719,7.38156713664934,7.79414853287206,3.77147166704376,8.28078369329864
may2000,W15132,6.02,9.4330186077369,10.17,7.41956186226627,7.78460572107627,8.28984040516409,7.73808650808081,3.73656030034904,8.43652185595194
may2000,W15133,11.77,10.4620870606864,8.72,7.36819015557449,7.46754192720212,7.72034360263564,7.2196793856952,3.77361814576368,7.24168269737706
may2000,W15134,8.59,13.7524895595889,11.77,8.4769887430716,8.71500369699458,9.0033982526726,8.45281161355818,3.8146828903056,7.93069997344628
may2000,W15135,7.02,8.77985698058447,6.29,8.01651059789504,7.63681063575705,7.35808782991318,7.83221838507555,3.70433760007441,8.23396206200753
may2000,W15136,5.23,11.6535443478529,9.7,8.00745770151845,8.02179312311513,7.96608511580151,8.3062204002557,3.77214306603831,8.88273387799336
may2000,W15137,6.33,13.7304758180668,1.24,6.51806356367157,5.95555749512574,5.22527565827218,6.55536035888716,3.8353604085953,5.59224165544875
may2000,W15138,9.98,7.92259787807712,12.7,8.98867845414831,9.86448446770086,10.7598758500669,8.63652314260807,3.68421591825639,9.59624697456394
may2000,W15139,11.1,6.84738443258668,12.7,8.50435594387214,9.56278507247999,10.7111769315602,8.04958581694061,3.69227986903412,8.46623783818816
may2000,W15140,6.91,6.76312744489936,7.98,7.76118364039051,7.64225719157681,7.65789013116986,7.56022980796263,3.6691935211555,7.92480409583363
may2000,W15141,7.98,6.76312744489936,6.91,6.37027530441242,6.43751911581764,6.56630305255456,7.07776624241099,3.67291343834667,7.24497546285832
may2000,W15143,11.67,4.43594257795892,3.9,5.45062276024994,5.54142349320841,5.54990638872283,5.69657073979805,3.53467277363392,5.85045848302299
may2000,W15144,3.5,0.453571983066179,4,4.99210675969094,4.07826935711504,4.00602589868552,6.47251886745866,3.52980796112779,6.11221303799948
may2000,W15145,4,0.453571983066179,3.5,4.62871769666622,3.5845580689981,3.50615449586251,6.38789084758608,3.53256570782173,5.83146095217308
may2000,W15146,3.9,4.43594257795892,11.67,6.62797681186622,7.5213090880751,8.51633179602767,6.40375610299656,3.5490868082863,6.50182766030231
may2000,W15148,14,4.96662480681981,8.65,7.82941159211202,8.12926943877914,8.40209917554178,7.84734201816198,3.64008191420377,8.60977666772884
may2000,W15149,8.65,4.96662480681981,14,8.55224207030893,9.92654018605463,11.4348583108425,8.2144089245662,3.61322426672106,8.81259420745264
may2000,W15150,7.95,10.1603983666092,12.7,8.7659792269609,9.32262662708866,9.82189262710656,8.64061507490385,3.69303412746365,9.48056348794491
may2000,W15151,12.7,6.84738443258668,11.1,8.92930553740246,9.54526828815561,10.0095719318736,8.52500665601416,3.65308880760482,9.63621864046558
may2000,W15153,8,11.6096908781162,6.25,7.40068240077296,7.42969042727119,7.43910381211012,7.35840775069287,3.66153976666156,7.91322310820872
may2000,W15155,6.27,3.67726571013287,6.78,5.87884317117428,6.3148942030859,6.60627113264642,6.18146139685939,3.58956393416962,6.75069764090504
may2000,W15156,2.7,13.3954901479604,7.7,7.05440176119149,6.86969598741673,6.68659322031072,7.71784532088859,3.78940509206376,7.8171748025102
may2000,W15157,5.68,8.5698548904965,3.93,7.28415693912734,6.81799651305215,6.44315220076962,7.30777390035731,3.69772464986165,7.52535966398317
may2000,W15158,7.74,9.57870008271742,3.93,7.31989243564355,7.17774049654358,7.09339556455512,7.65508167380607,3.69738813353867,7.57020366117717
may2000,W15159,3.93,1.70538010669033,7.7,7.43404518202934,7.5906134017967,7.67744434946403,7.24427534319561,3.61076437011494,7.31738286822563
may2000,W15160,7.7,1.70538010669033,3.93,5.57609390912693,4.21254985405828,3.96643581570297,6.24314058901551,3.61786796530387,5.53028506449897
may2000,W15161,4.55,15.1113094546699,13.4,8.99856762409599,9.24590934060613,9.56878346012208,8.46969828167867,3.83369174824593,9.06057176604786
may2000,W15162,6.58,6.77321961054855,6.5,9.69316802077256,9.69753742213577,9.53649058849023,9.51288638442458,3.64840825815413,10.1208434340334
may2000,W15163,4.02,10.656012882086,3.45,3.92954227687803,3.8870595465504,3.76321808794628,4.03335189145837,3.8841942461006,4.37199854968923
may2000,W15165,3.89,9.21205266291893,3.38,4.23698197645131,4.09530186151111,3.88076172183718,4.20012132771751,3.78681349477713,4.43669357266126
may2000,W15166,4.21,11.5093998044784,1.22,3.11968584637015,3.02267304516787,2.88623842894457,3.18507614614403,3.73018862339418,3.25594706875007
may2000,W15168,4.35,15.315827811121,3.52,3.65952917637485,3.61083064490374,3.55246353422877,3.90412639003652,4.07336138010475,4.32156093565028
may2000,W15170,8.1,5.47121727366961,8.57,5.52052558335299,6.43780737963801,7.36722864399968,5.49918945434007,3.69160301021445,6.0926541905894
may2000,W15171,3.9,9.90225503741168,8.1,4.99349446757382,5.36261590224585,5.67163810621521,5.55054722654727,3.68773361378811,5.50631976029383
may2000,W15172,6.4,8.18007905646576,6.4,5.81137119539909,5.9724832260965,6.14977198865811,6.05863868099215,3.77246647027634,6.64781559454053
may2000,W15173,5.4,11.766628944611,3.22,6.01744104119232,5.84155403142635,5.6001873915124,5.95698005272286,3.74947473804534,6.09251048938538
may2000,W15174,3.4,7.30768939545946,13.67,10.790236870293,11.0878568646005,11.5496599738232,10.6522988586982,3.67601701900171,11.118640210845
may2000,W15175,9.9,8.21296243718706,18.97,10.80980738426,12.4330802081696,14.3459287834769,10.3671154175655,3.72285797070112,10.4317028502612
may2000,W15177,8.08,12.0824928424338,3.4,8.44471415688689,8.50636397044422,8.59175924563072,8.86423641795858,3.73071479132449,8.12795745150155
may2000,W15178,5.7,9.7687057592646,5.63,5.02135522295805,5.08934062097981,5.14449605791788,5.7397923355167,3.64905591351362,5.70527780876994
may2000,W15179,2.28,7.68513936471852,4.23,6.60991632606564,6.03396980960877,5.38427359158335,6.74170179166508,3.71003006142435,6.72925536294505
may2000,W15180,13.55,6.95861722211084,12.9,10.158332008966,10.6823923223616,11.3646597463582,9.38285999384697,3.68431900488962,10.0761483050499
may2000,W15181,5.63,9.7687057592646,5.7,7.04154605656427,6.6448785877177,6.27036054826025,6.95923421621575,3.69355057534803,6.49376298282422
may2000,W15182,4.35,5.15108128652168,7.1,6.7260225019379,6.81182566256627,6.98923583188246,6.84064721905071,3.61977654638757,7.00076079144585
may2000,W15183,7.1,5.15108128652168,4.35,5.40962669607515,5.00705231956066,4.8061932837312,6.04662095840441,3.58800150937348,5.48075258487372
may2000,W15184,4.95,13.6098385137968,12.64,8.94418621155977,8.93721750995866,8.97334387753155,8.7204862324859,3.74742517123014,8.58269303444633
may2000,W15185,5.73,6.20672094937639,4.32,4.8601917068761,4.9306993978381,5.00241187170699,4.96609003263301,3.59078615394475,5.14991548645408
may2000,W15186,7.22,3.7239238982465,4.32,4.83742443893872,4.66683956604942,4.5355347788825,4.89563938851405,3.58079853667075,5.15478330219718
may2000,W15187,5.26,10.9937136948935,4.65,4.58343726229106,4.53928452175211,4.49016647926111,4.70947192449733,3.64342761070664,4.93456485872922
may2000,W15188,4.32,3.7239238982465,7.22,5.48085676541217,6.07010660973015,6.54023351455262,5.38505089305431,3.57448818112538,5.970365043383
may2000,W15189,3.62,1.83093962575663,3.19,3.99586812302332,3.36246902123936,3.20681355422015,4.40111560644194,3.5544979742003,3.79060191982063
may2000,W15190,4.65,2.74359299392877,4.72,4.3674622779166,4.51734330216094,4.6517583421234,4.42987700565891,3.58165603630712,4.42717323815014
may2000,W15191,3.79,7.93735766697378,5.73,5.22353916280994,5.13505941807535,5.10989143356863,5.0703996269654,3.61421339006722,5.32575284107643
may2000,W15192,5.19,8.77523796608172,3.19,4.7862731572124,4.6831206300854,4.59755132428452,4.99460567051049,3.63433529489655,4.96520397352395
may2000,W15193,6.18,2.06534823456237,7.34,6.04135087518529,6.9074804723093,7.25176180108985,5.56594208496426,3.57850456430564,6.14704075591669
may2000,W15194,3.42,11.2190019025843,4.59,5.84781238034689,5.72632689524393,5.5947963137832,5.92613163808101,3.74120175673317,6.28864681340049
may2000,W15195,4.4,13.5619618457858,6.28,8.25965813776847,8.22098924196067,8.08388272842755,8.87737510946794,3.8523059248904,8.92894001625437
may2000,W15196,5.25,9.64222760090091,7.03,9.41452674338365,9.35963833690746,9.17621538657015,9.5312597547641,3.76478107662016,9.80153973715425
may2000,W15197,10.54,12.1971823295046,4.96,7.98068301057903,8.00588483580865,7.84608822242362,8.1150066346004,3.78962481051523,8.51602765041639
may2000,W15198,6.28,8.74262981675018,9.34,7.66180990033939,8.01652688807589,8.35425204530207,8.17928709082904,3.75648138585014,8.20224828993684
may2000,W15199,12.56,13.0431555796714,4.96,7.87161128395882,7.46486070272701,7.10356899640484,7.54243497954482,3.80161062375584,7.37228837524566
may2000,W15200,14.2,9.08339500811756,13.94,9.68383835795429,10.2095460558595,10.8125341888495,9.41800472357826,3.68553152950449,9.64862467809301
may2000,W15201,11,6.28227506455628,4.5,6.20925566085439,5.82089232932757,5.27206445599175,7.36238305310716,3.71007327622403,6.95428869519247
may2000,W15202,5.43,16.4120515399968,11,8.06318506460823,8.04949337250101,8.13304277224027,9.25075064008255,3.93155710894706,9.27936068072394
may2000,W15203,6.85,8.69399619826977,9.87,9.54300547954244,9.65554215568675,9.72994073317238,9.15889307193086,3.71608463900192,9.19543185368996
may2000,W15204,9.87,8.37391597963751,11.27,9.21857248729566,9.25338372123339,9.20553601995052,8.90132285625725,3.73548162911809,8.75208012218519
may2000,W15205,13.1,10.2728743699199,17.91,10.8341132261494,11.3044169069086,11.7972161907698,10.3956124241429,3.69630170465211,10.6813504311487
may2000,W15206,13.94,6.28860731116183,12.9,10.6155291866025,11.1829374490943,11.7222419889938,10.4984915360515,3.62243616033972,11.0830158554359
may2000,W15207,5.84,12.0222594948257,4.11,6.60000260161994,6.25928936126465,5.88725777028176,6.99452202763082,3.72909217407724,6.50476018360844
may2000,W15208,4.11,10.1773813200245,5.93,7.98573252887127,7.82425647784702,7.58177037249965,8.03498896055769,3.71606195072057,8.08219192107942
may2000,W15209,8.9,9.9684764079909,8.4,8.96983126370239,8.94482002134083,8.86700483713809,9.17260450719496,3.74215260147831,9.00215939431448
may2000,W15210,11.58,10.5329710772944,7.67,11.2191419518804,11.6151640267389,11.9588518258259,11.0549226446738,3.69302155787076,11.8371470907245
may2000,W15211,17.91,9.07851468947422,11.27,9.61796277032619,10.3074116054062,10.8575230464526,9.70361255205146,3.68287316734313,10.684540563486
may2000,W15212,5.93,2.12464491652488,9.57,8.73183079134471,9.38289605287833,9.5413568967083,8.58725964521152,3.61089930743338,8.95473859880031
may2000,W15213,10.2,9.36749669074382,3.78,6.19259083706996,5.90900982867322,5.38270346397497,6.61689587769296,3.82740516828232,6.47200122705653
may2000,W15214,8.34,11.0689611012711,8.2,7.92551009603891,8.13956862503038,8.27718644816877,8.03707882377687,3.85406492607834,8.68409999678099
may2000,W15215,2.88,10.1301522006935,3.23,5.09386635648788,4.49830875595621,4.03065266635468,4.82505463230863,3.76220473299112,4.87635509067725
may2000,W15216,10.7,11.4403895396101,7.38,5.87929687506707,6.0872084834893,6.40343198972037,6.27663495360791,3.87647804701639,6.79383767139383
may2000,W15218,6.16,7.69316206758858,6.28,7.17013610984092,7.78881782841901,8.14122756702144,7.71633351016348,3.69462742413428,8.20065494350143
may2000,W15219,12.58,8.70513962580068,4.78,6.3417968266332,6.3180667832148,6.19777467625469,7.06346260540978,3.69826211069935,7.25922835315981
may2000,W15220,4.78,7.98580489196679,6.28,7.41648928218302,8.03469818166167,8.41262947234375,7.51291164949917,3.73515852259636,7.94830631097856
may2000,W15221,6.28,7.69316206758858,6.16,6.70967999370253,6.72188544990621,6.56179155543936,6.74107968152969,3.6975821822449,6.76225344457486
may2000,W15222,3.82,10.6850306310253,4.51,7.08821586634613,6.77052784029443,6.47936278549395,7.30676186907698,3.72242553902342,6.61250310017754
may2000,W15223,7.8,8.30546028918897,13.5,7.9422587743661,8.76751332845094,9.67915381494663,8.20914140541362,3.67170927245537,7.75694495318849
may2000,W15225,2.69,13.1516488708817,9.34,7.3073692505095,7.21509915386016,7.1379687489035,7.83782391517421,3.7414714645719,7.68959571714593
may2000,W15226,5.85,7.57170344681797,4.51,6.71365247497742,6.8076095819525,6.63088490504565,6.86304351552246,3.67532707504647,6.59595436099647
may2000,W15227,3.37,2.36275750667863,4.38,6.30200066562577,4.82181095813388,4.44299084460501,7.21339215365931,3.70979335118296,6.26745594181131
may2000,W15228,4.38,2.36275750667863,3.37,5.45067773929523,3.87680694709256,3.44402414983347,6.60096779299574,3.69869578545294,5.40333276397435
may2000,W15229,13.32,15.5017994823183,5.77,7.68240193791414,7.38296006851957,7.081533714912,7.88104152801509,3.8204468267673,7.88499232561491
may2000,W15230,5.38,15.4697551810724,10.23,9.71654891448059,9.97553128595668,10.2247418638399,8.68940464923698,3.87894853771376,9.12127018227815
may2000,W15231,3.65,10.0992148853001,1.63,4.00984244692917,3.39195946495711,2.73433675016134,3.97426558842109,3.8895165521466,3.91732470052806
may2000,W15232,4.65,9.53551042071873,3.37,4.8172196834631,4.44301082056987,4.024791852804,4.89257752963417,3.81391792724891,4.93089427620452
may2000,W15233,3.37,9.53551042071873,4.65,5.81971623535948,5.65201049288882,5.35240196817757,5.76135067991868,3.81651454513063,6.23625552541388
may2000,W15234,3.84,10.653080696615,3.87,3.90929423725602,3.77788970292685,3.71916150112505,3.87423528975562,3.79593584315004,4.10467967132649
may2000,W15235,3.55,11.2520823103918,3.84,3.88195205106706,3.74737356348764,3.69135485108595,3.9375441179617,3.91925845116386,4.33216420362543
may2000,W15236,3.87,10.653080696615,3.84,4.31611493137156,4.26896795039246,4.23076784827701,4.31079041860194,3.78879055703331,4.53973167689652
may2000,W15237,1.63,10.0992148853001,3.65,4.80796563122147,4.57079902456076,4.29824933964886,4.65533935854801,3.81400990386537,5.06021018775325
may2000,W15238,3.59,12.7199119519202,2.48,4.5666820540007,4.11121530565678,3.65152843674855,4.65307526603683,3.87844914157653,4.69238977290902
may2000,W15239,5.98,9.75853326776637,8.9,8.29505364716073,8.19573517907891,8.1044613176841,8.08957194466891,3.64925509993096,8.5615559749871
may2000,W15240,5.2,9.3610269403426,8.12,8.30639149381749,8.70567906676955,9.11740781285999,8.0143325603648,3.6360738257181,8.31080132950793
may2000,W15241,5.79,5.67591152353717,9.45,7.76802096307241,7.88596338720537,8.03905655691943,7.78124941905475,3.58362199847254,8.04440580867992
may2000,W15242,13.25,6.25582580392031,14.9,9.52097639712248,10.1512564884262,11.1674085600505,9.62421788504585,3.6176214595036,8.90130849871358
may2000,W15244,6.79,5.9483601290281,16.72,12.1454272358243,13.4355184982063,14.7636293607349,11.8301491462746,3.63196559833343,11.8577598089985
may2000,W15245,3.1,8.48106954311994,6.1,9.82182066638886,9.57871188835862,9.18526823010311,10.2342980944144,3.63318960417193,9.96057908526149
may2000,W15246,11.5,5.10914210079769,14.9,13.511606882048,14.5253104178738,15.0426866762169,13.102055630432,3.5991046964872,13.1708626639174
may2000,W15247,5.17,5.55143529913485,6.17,8.20730965663794,7.9979289988733,7.59899378629352,8.60881308654306,3.57988035222223,8.86402562013541
may2000,W15248,11.98,7.37426781348384,10.8,8.85012031398519,9.1897559250703,9.50606870080037,8.62777122443575,3.58359979325499,9.42970511290756
may2000,W15249,13.5,4.44573272475899,7.8,8.46430859552904,8.37111544192198,8.16248140939185,8.20178715936931,3.58453674321727,8.95948407876114
may2000,W15250,10.8,5.18709303658604,13.86,9.92293497157703,10.803879713466,11.753520980473,9.40706386296196,3.56812500900367,10.6259990702556
may2000,W15251,8.57,4.99319572106138,5.9,6.72016015302085,6.51429804035073,6.37289302827632,6.83262119691398,3.58922982463952,6.97094706490314
may2000,W15252,6.07,6.92456805433013,9.73,7.27687228985796,7.60012727892393,8.0161283299815,7.06203120611805,3.61047450489667,7.48442933650439
may2000,W15253,9.8,10.0068797317189,10.88,9.34021408019732,9.61623105188496,9.89973334907954,8.74710922499357,3.62989887867571,9.27024769822551
may2000,W15254,10.88,1.39001662662625,14.92,10.9188278054576,14.1707140473387,14.8310461336774,8.8645157901428,3.56624234106534,10.0634116287501
may2000,W15255,14.92,1.39001662662625,10.88,8.90724770884397,10.4942230627751,10.8313383380606,7.93919645190091,3.56191127067054,8.77290515249217
may2000,W15256,10.15,4.75833960711361,6.04,6.25517862015437,5.99731817044587,5.95108302338658,6.77863006529286,3.59205427759018,6.20476901937897
may2000,W15257,5.54,8.35008156270261,6.1,6.42960136567958,6.58610131994765,6.76289868904814,6.82397727012123,3.62988195588916,6.76042570604928
may2000,W15258,4.9,9.83871028386433,5.54,7.01423084080146,6.88994723918061,6.71881017143576,7.09737415311004,3.64144633464625,7.00189360828251
may2000,W15259,3.7,2.36460788061812,5.15,6.51698733734813,6.35034107742504,5.99397047483939,6.4770283875027,3.46861857925561,6.75294223927961
may2000,W15260,8.3,3.66128161481208,9.2,7.7469626836444,7.94559376390186,8.15969698686995,7.29216785108575,3.46790743805455,7.88373485493689
may2000,W15261,5.15,2.36460788061812,3.7,5.64799072177431,5.02959722616171,4.36771150650949,5.92039698896829,3.48106930992811,5.63242482797995
may2000,W15262,5.32,5.17538028262893,9.2,7.01858809649111,7.00283659242441,7.06367049246572,6.70489700748633,3.48977017172514,6.79670912722872
may2000,W15263,5.15,5.04276929539653,8.3,8.01897888431282,8.29435076820968,8.49040549148498,7.51557312956011,3.51284668527829,8.46751905371849
may2000,W15264,7.4,4.12380281076469,5.7,5.41145229197569,5.32601914940748,5.33147433826125,5.52581928331336,3.51699057766666,5.30429549073826
may2000,W15265,4.7,5.55166436153754,7.27,6.11650193815737,6.53452648336456,6.87262084929911,6.20010137937712,3.55822964097309,6.65473886453866
may2000,W15266,7.27,4.94505688070782,5.7,5.99365670339096,5.91128960401927,5.78570968931433,6.10359270439923,3.53800258478462,6.47036196442323
may2000,W15267,5,6.00862553923324,8.15,6.12415383422723,6.16326656280492,6.19222033245512,6.4506464723143,3.52828706255048,6.54478344299284
may2000,W15268,6.4,3.94503720857782,6.35,4.567699336918,4.89773884990504,5.31606887322414,4.89766521520729,3.53013528115868,4.65972480485051
may2000,W15269,4.85,5.26863902162611,7.57,7.62695405370152,7.84133509308627,7.91348465466688,8.03115578050494,3.61800455897221,7.62623167358867
may2000,W15270,7.57,5.26863902162611,4.85,8.07528890398306,7.46789682965213,6.76814252332554,7.91427321205243,3.59826998288468,7.60089113298844
may2000,W15271,3.86,7.43416860079893,6.67,7.23780924436778,7.37573472822178,7.4519035885035,7.4886044758098,3.61876410859073,7.55398695134265
may2000,W15272,4.9,7.80573618746767,4.05,6.13389278786611,6.06406920394042,5.94163113457173,6.30758345683642,3.61263679912073,6.41036334260063
may2000,W15273,11.8,3.72160097581272,9.35,6.31091034749126,6.86455892177744,7.4934211114311,6.19097393377767,3.53214974851318,6.48766197840028
may2000,W15274,8.15,6.00862553923324,5,6.91036975114958,6.40995596144657,5.92712853378169,6.58488686710214,3.55586727188332,6.64772131259098
may2000,W15275,4.55,10.8571448201542,2.8,7.03538009875526,6.83126654689893,6.56115801494604,7.57284066509558,3.67904101632621,6.77739338549381
may2000,W15276,2.8,9.63645004848543,7.6,7.45810685534798,7.21118593902961,7.01780470579703,7.24542402701256,3.64707840028967,7.24206589435791
may2000,W15277,5.75,8.44556195274862,7.46,6.96575274569427,6.97346308847662,7.04274305560936,7.03525810079825,3.61817314922656,7.18654834198009
may2000,W15279,4.13,2.33746207055967,4.25,5.49131212648421,5.4057281823812,5.06540637610338,5.61218783887862,3.48169914545512,5.78817524449088
may2000,W15280,9.3,4.13958434170562,4.13,5.62808458222876,5.30967377596194,4.96274849714496,5.49918048830778,3.49133891070105,5.48538726738692
may2000,W15281,3.3,6.4644809071035,5,6.24584259347324,6.44817389866438,6.62741714338272,6.23198835001533,3.53550873069007,6.399677558931
may2000,W15282,6.67,7.43416860079893,3.86,7.07397441631368,6.78734897633238,6.43014280553976,6.86795694138331,3.60284909382354,6.25595183083733
may2000,W15283,5.99,5.39581516129068,8.2,8.09260247702792,8.00709952194177,7.87487415482211,7.27966898116952,3.52240016342361,7.5793744164462
may2000,W15284,10.2,5.69791970695205,6.27,7.60385939311653,6.5202744207304,5.62107959272115,7.9519159405363,3.57313834284305,6.75306633261253
may2000,W15285,9.05,8.45160527033442,6.52,6.77844739489248,6.70225944772937,6.64319926020908,6.84499721454202,3.60955121478843,7.05443442445279
may2000,W15286,6.52,5.49696779425843,10.05,7.61428767395924,8.24432951717407,8.89122686312583,7.56391939085644,3.58710395533446,8.37915952829731
may2000,W15287,4.9,4.66422409587781,4.05,4.35889603658207,4.08918801535362,3.85749324755604,4.6046961119952,3.50222597321088,4.23750533678031
may2000,W15288,3.1,3.73626383102354,4.05,4.15426996633374,4.05306121563499,4.01322629868761,4.98023841817585,3.54984851439296,4.50065531915149
may2000,W15289,2.15,3.64406967188012,5.96,4.91744764962373,5.16704791136414,5.4260481179839,5.12256080216493,3.50815060192844,5.13871830975856
may2000,W15290,4.05,3.73626383102354,3.1,4.42252510188948,3.98045502796633,3.56164372017633,4.88845896769967,3.53662033413555,4.30022248932402
may2000,W15291,3.45,6.40436245070171,5.13,5.29926431450861,5.19938003258478,5.12436493580504,5.57781873775709,3.56179150307566,5.69690717001565
may2000,W15292,7.23,5.02779198707438,3.15,7.36611127056914,5.89224915147156,4.55602846806211,7.00484056712573,3.63009288962064,6.28751381919785
may2000,W15293,5.75,4.26264006673301,4.8,4.98996886198778,4.92451328201867,4.84246996584383,4.95980764448744,3.67981654341673,5.57349610062924
may2000,W15295,7.32,8.90106278015193,4.95,5.00802504697621,5.06014453971918,5.0991924219135,4.97375436481619,3.70662598721698,5.6706984893054
may2000,W15297,4.83,6.8543384663876,4.95,5.09563271885421,5.13028988509562,5.08986362710881,5.20348492943518,3.76098600054206,5.78160081896509
may2000,W15298,5.78,4.82344572996912,3.91,4.96592555191748,4.39859346480469,4.05288607516109,5.3530645946931,3.74389184813466,5.34641643149469
may2000,W15299,4.71,17.4073084465402,4.38,6.8985544645388,6.37183767691717,5.90592454046605,6.34731683772939,3.89921849734474,6.47041127599965
may2000,W15300,8.07,11.2333564644193,4.98,10.2558152827651,9.34820669285997,8.49149546875714,9.18633261622766,3.75530562798495,8.71032234383084
may2000,W15301,4.98,6.45026035635785,9.34,9.96212910252924,9.06521006621472,8.79784305081785,8.98074226336788,3.67417044562524,8.62842594528838
may2000,W15302,10.5,11.4104823067043,9.34,7.78974120390052,7.59544152431697,7.58440919111045,7.12402676339235,3.79065260899983,7.6397753745072
may2000,W15303,5.84,3.80860227883538,35.92,19.2717272012872,25.3121476607648,31.0058169018722,16.6621192874941,3.59681509616294,16.5859443911793
may2000,W15304,8.46,5.64436133104898,3.98,4.45072346238873,4.25388735242315,4.09911477165049,4.57529534851988,3.71062003195417,4.79677832302959
may2000,W15305,4.25,15.4842373969263,3.98,5.23629266548209,5.05890734850912,4.90117625869255,5.03944015178851,3.77830969321096,5.30865744978741
may2000,W15306,5.22,11.0655962788442,6.5,4.94677880950853,5.06070584407133,5.22617143606273,4.93733728476857,3.76429146552999,5.42336964412096
may2000,W15307,13.74,9.0551909477612,6.2,10.3844484181,10.5651281151247,10.6125065800658,10.2200120508845,3.65623028399871,11.0073738569887
may2000,W15308,7.56,11.4634021853476,6.2,8.96249653731003,8.88424400925693,8.70516770760229,8.9949941859872,3.73334426144175,9.05516234690049
may2000,W15309,12.4,5.96659324853926,4.5,8.51653103879553,7.34552597941212,6.12771563388213,8.40306717219516,3.66193882840091,7.96080865067154
may2000,W15310,7.42,5.07728510454393,10.02,6.48711362409492,8.04827563780855,9.23601277915256,6.29799031628076,3.71509096416124,6.67078996555037
may2000,W15311,5.8,10.609243070827,4.73,6.23672950604556,5.83637090121686,5.45815713814957,6.37549792019478,3.84488001279042,6.46173976327941
may2000,W15312,5.39,12.8608942391024,10.06,8.16359385581001,8.69017974727511,9.19656800615297,8.01018341982675,3.86527143771588,8.83209284322073
may2000,W15313,7.47,9.15287823663837,5.47,5.9791163507635,5.63915852477821,5.39996913034867,5.75784465216078,3.70852044741008,5.60210710616875
may2000,W15314,8.12,1.61208826255807,5.47,5.77343597131788,5.47974831522119,5.46343008968462,5.88456623810421,3.62744943009394,5.85291738601527
may2000,W15315,4,1.21693926191145,3.8,4.48280244044235,3.87691559273244,3.80615210395938,4.86741552368408,3.63233109255221,4.80825250468314
may2000,W15316,4.78,4.64095993576933,6.15,5.66998259397388,5.67199381116272,5.66331378215899,5.5827908239432,3.59853319677044,6.05780207893575
may2000,W15319,6.03,5.93387307922483,5.35,5.69655416425208,5.22182582771998,4.91227362878975,5.53817880736047,3.59250897314013,5.3058891518156
may2000,W15320,3.21,10.4960102450797,7.14,5.19644696898357,5.46853063765988,5.7509467942358,5.10771393995177,3.70085304243964,5.5031322155899
may2000,W15321,2.72,12.701489028321,6.1,5.19329065646299,5.15374261136221,5.14715865008124,5.20923184799879,3.77108218018817,5.5310287911966
may2000,W15322,4.1,9.3324409859218,5,4.65057236466709,4.51130283250693,4.43576272453114,4.5527912727472,3.70684352642558,4.80477941301079
may2000,W15323,3.04,6.10340998147901,4.16,4.4089419122692,4.31459016967865,4.23257509510983,4.47377525957467,3.70656408351654,4.81780879178661
may2000,W15324,5,9.3324409859218,4.1,4.4954390493245,4.45477032227421,4.41842886855105,4.47931989079694,3.69518440351821,4.8680571953997
may2000,W15325,4.26,8.05344326290112,4.26,4.57867112728447,4.41555384102744,4.3152581219714,4.53786554329677,3.76130667835318,4.79999215267532
may2000,W15326,4.68,11.8241664090017,4.26,4.29787447789697,4.28362366724246,4.27221907053835,4.39597433789316,3.83334769562138,4.8175558835021
may2000,W15327,4.22,8.50811122340738,5,4.47017017024184,4.71502919476448,4.89240288302186,4.57228375737191,3.8651734625256,5.13367973668584
may2000,W15328,3.76,14.9743751851941,3.96,4.3931451487537,4.37588548726026,4.34865801687397,4.45925036290262,3.7934113209115,4.84922679008281
may2000,W15329,5.22,12.0815761777042,4.26,4.04325327530817,4.07462220445434,4.11095699128882,4.18871952606411,3.74687549648536,4.53108840550069
may2000,W15330,3.52,11.3998236640433,6.5,4.93365434671936,5.06925342440337,5.18154042671417,4.98939540718102,3.74509077639538,5.5350577850736
may2000,W15331,4.16,6.10340998147901,3.04,4.23641684525586,3.89243731865352,3.54719575316099,4.29791676279878,3.68537444821035,4.45034330660166
may2000,W15332,5,8.50811122340738,4.22,4.38222220187043,4.54726862804459,4.61175310975394,4.51745303027514,3.74073697025984,5.05379462349112
may2000,W15333,3.96,9.19370565181331,6.6,6.30092411995951,6.3579238097037,6.40555165579329,6.43614848681628,3.71202359871021,6.93621854715783
may2000,W15334,5.35,5.87957193249576,4.91,4.65879806840716,4.71413751976169,4.83128316839201,4.46448852941159,3.62093139714215,4.70931599517868
may2000,W15335,5.85,2.21748817278849,6.03,5.68177186585683,5.94973674867755,6.0169005623181,5.69529992268605,3.63739498241686,5.97450779697047
may2000,W15336,3.19,10.2382868452795,4.91,5.26128275950412,5.54119197249425,5.74519302619711,6.05440652918131,3.68694455878085,6.52157531771768
may2000,W15337,2.84,8.64158216570736,7.32,5.28647674359514,5.56006787587068,5.92794826102631,5.22438426690351,3.75609225601286,5.49525674015569
may2000,W15338,8.34,9.66854461292139,5.03,6.41624243887956,6.40187715093699,6.19446940591084,6.47770700883478,3.77298612075224,6.88557017068049
may2000,W15339,6.6,9.19370565181331,3.96,5.88732207118452,5.57590266189092,5.20647239942007,5.80021503779557,3.70662998840525,5.99329198841527
may2000,W15340,8.05,9.73865963278813,5.03,6.05859112362652,5.94196461272996,5.7904550149587,5.99200158009018,3.71655332572047,6.18695682101869
may2000,W15341,5.52,3.70974863520092,6.12,5.22211882555853,5.66447640696414,5.97184670683684,5.37261549113288,3.63074533106769,5.604312255261
may2000,W15342,6.12,3.70974863520092,5.52,5.46057420669092,5.4434818076069,5.48335351601587,5.60156441592355,3.63678576236113,5.69247108586161
may2000,W15343,4.44,8.93197261685485,6.03,5.46478882075059,5.76274549038861,5.95450182317032,5.76345405476195,3.67538212668279,6.19191023722558
may2000,W15344,6.03,2.21748817278849,5.85,5.62326138947936,5.80228361840503,5.84099861161321,5.72905681216683,3.62162869034857,6.02565999784742
may2000,W15345,5.35,6.09365004267356,4.91,4.48109506647111,4.54235336274185,4.63540964134845,4.45123890679074,3.60647635244956,4.68217500451943
may2000,W15346,3.76,7.50759600161906,5.35,5.06545855192971,4.9965493384326,4.97054626164229,4.86470905608554,3.6620215829222,5.2042203903697
may2000,W15347,3.17,10.4408112258907,5.35,4.75397741760967,4.75660233300966,4.82737518382362,4.18672551517725,3.7601638798914,4.54695956919828
may2000,W15348,6.91,8.10418705782989,7.95,8.34118675599949,8.37513667946794,8.33969387855234,8.4863300512179,3.70480671998398,8.85479712375921
may2000,W15349,7.95,8.10418705782989,6.91,8.3454395722973,8.0835589765925,7.83585112098832,8.24852155342975,3.6837287436577,8.2190975732434
may2000,W15350,5.6,7.9377954390195,13.4,9.49510394969659,9.50570391644435,9.72942334816052,9.02443621852567,3.66541415088883,9.04601556269096
may2000,W15351,13.4,7.9377954390195,5.6,8.21002016542886,7.44492134154984,6.80538989735131,7.95012577055102,3.67763019879822,7.61514432866494
may2000,W15352,11.37,17.2087512440367,19.6,10.7006922348399,11.4369306512762,12.3084717852549,10.026185466981,3.94462577393581,10.5747250245043
may2000,W15353,4.28,13.0606796032933,9.87,8.83121174239916,8.61462131447647,8.44695531624594,8.77948358731876,3.85120065675292,9.06212736252064
may2000,W15354,6.73,18.6503072245941,19.6,10.2075256484088,10.7172977905633,11.2893158506828,9.69165325957815,3.93242988060293,10.1929234829854
may2000,W15355,14.81,8.37199644660615,5.93,8.87645117585833,8.4452902692068,7.96700921549346,8.67713282628476,3.79514659630557,8.70046168540712
may2000,W15356,10.7,10.3269971474938,14.81,10.588463994486,11.0352003446156,11.4160052038944,10.5299247823155,3.73166314321133,11.0626071933071
may2000,W15357,10.2,10.803798461516,5.93,8.2673393050184,7.70709271538872,7.1519413423853,7.69720588479607,3.78242088873937,7.59925710983205
may2000,W15358,8.62,4.55109463835573,13.5,11.274583116055,12.2932344680984,12.9937264601828,10.8561913478397,3.62734989202722,11.1773171060769
may2000,W15360,13.5,4.55109463835573,8.62,10.8128525297032,11.4768635390686,11.4642884438795,10.7735046713503,3.63577420076042,11.441100682557
may2000,W15361,6.03,11.1136420128593,10.2,9.70889067983362,9.23427297321891,8.88535811685311,8.63706043423237,3.76999340284885,8.71912552420862
may2000,W15362,5.93,8.37199644660615,14.81,10.3438049593803,11.020193632737,11.8506602822985,9.90930500972187,3.72103763480295,10.6251722202508
may2000,W15363,7.04,11.2203671869749,7.21,7.5633597704343,7.32436267443704,7.12359749503198,7.78340218103479,3.75900622260169,7.57137576946303
may2000,W15364,7.21,6.28703654819103,12.97,8.38916358990277,9.19736145393298,10.1758612774655,8.39460684233668,3.64719535463382,8.92986709545345
may2000,W15365,4.35,6.65426678960584,5.2,5.64567534223815,5.34305647527399,5.15139881172733,5.70174313436376,3.60508958386995,5.64468827556607
may2000,W15366,6.29,4.82936359273023,5.05,7.05659304910789,6.49186339933541,6.01681106746376,6.98187154914354,3.54865797397078,7.10901879111327
may2000,W15367,8.03,7.8727790628679,6.07,7.18314224783981,7.06424135161541,6.94742238403787,7.13026694115183,3.57262340678652,7.40304357881833
may2000,W15368,5.05,4.82936359273023,6.29,6.03637150144399,6.20612805206933,6.29155189956996,6.60461928063297,3.53592525287673,6.90365344096823
may2000,W15369,10.53,5.8322837830376,6.7,8.0090634922077,7.84188853712712,7.64263627414492,7.70351360855799,3.55763502542328,8.12775236641728
may2000,W15370,5.2,6.22270232678321,10.05,7.3253486398145,7.45194660251246,7.6520441517538,7.49549403476191,3.56897345100301,7.83102767616333
may2000,W15371,5.7,9.91814538332988,3.4,6.04909002758205,5.83995047439949,5.61727827041132,6.15476653432988,3.6404378585742,6.04615281441635
may2000,W15372,5.9,9.85456420180089,5.2,5.74741281707964,5.71943779563219,5.65173568910073,6.00852321911279,3.66175855327963,6.18242002021394
may2000,W15373,10.55,8.32614126870648,5.05,7.31221996219761,7.27271321332017,7.21085360852781,6.99134255442723,3.61447192512483,7.1817662030961
may2000,W15375,10.75,4.55803650062226,7.13,7.74454693993101,8.02440430022231,8.22691656700094,7.28846211280058,3.55512333716119,7.77873023406944
may2000,W15376,7.13,3.58123693253909,6.87,7.62855533891966,7.93135699583438,8.00670931090114,7.68075960609577,3.51907302964385,8.07926704021872
may2000,W15377,6,0.502634321908409,5.79,5.60018460064624,5.77625754987481,5.78923231635418,5.63815514225124,3.51343530357679,5.63559895707479
may2000,W15378,5.79,0.502634321908409,6,5.72976168877638,5.98018406595786,5.99889860650938,5.61197349575629,3.51432454207584,5.59797522551096
may2000,W15379,8.81,6.90777661082522,9.9,6.6044589779929,6.80540707374616,6.99212135998076,6.38782175306152,3.55361957697576,6.4805650332309
may2000,W15380,4.3,3.47555902124256,5.51,6.88153063641317,6.80240176422023,6.58551811913648,6.64133965797871,3.52085650626819,6.79649319127039
may2000,W15381,12.72,4.05056423853968,5.05,7.14379910414208,6.54574702678785,5.87354764237982,6.92902686960095,3.57403291045596,7.01946843769846
may2000,W15382,4.45,9.41527029709486,10.55,6.96785216014228,6.99395153214249,7.01439772717421,6.73057429217588,3.63820917822124,6.7567153787912
may2000,W15383,5.05,4.05056423853968,12.72,8.39791376838775,9.392996099973,10.5265210228436,7.69038098815034,3.56955668254135,7.76497591313936
may2000,W15384,2.65,7.59427366588567,6.4,5.14134050803913,5.25400907979149,5.38008912310715,5.51861537355231,3.57302340949375,5.58767588062959
may2000,W15385,4.15,6.82948388391983,5.51,4.94061550277195,4.71585325473905,4.57261672792014,5.21138872360059,3.55632879300086,4.74489699690463
may2000,W15386,2.15,3.89327830478934,4.4,5.1799647116183,4.88600206663903,4.64472733621848,5.09932381338928,3.5480703078511,5.08818184597786
may2000,W15387,5.51,3.47555902124256,4.3,5.56329423275483,5.11482111508641,4.72458036171453,5.76765513172546,3.52737281581616,5.27937024071539
may2000,W15388,4.4,3.89327830478934,2.15,4.88926142493901,4.06580853534952,3.22573221406236,5.00754767095673,3.55072769692244,4.44712853689158
may2000,W15389,9.48,7.35764822996556,3.6,6.75568246916441,6.51725449919049,6.14430629031682,6.91871475873655,3.62181587406216,6.98315015591832
may2000,W15390,3.6,6.76485115209677,5.2,7.14891106005649,6.98343777671119,6.83516656542546,7.03136329785344,3.59235521450647,7.1693950855035
may2000,W15391,5.22,6.10356946616282,3.9,6.76088389777909,5.94968103918594,5.13189159097347,6.45883201605759,3.62474492614463,6.04223034089858
may2000,W15392,3.9,6.10356946616282,5.22,6.30198883931513,6.05796948283061,5.89342230846446,6.27652735797315,3.61500626332798,6.31186317898992
may2000,W15394,5.91,7.90143421331637,5.15,6.33671151583378,6.20182881923082,6.03915903077136,6.52603439017219,3.62380310972499,6.48042096539684
may2000,W15395,10.05,6.22270232678321,5.2,7.31453995732184,7.13193766064633,6.90418886243505,7.55948729707347,3.56908388689392,7.64227619539234
may2000,W15396,9.9,10.1387111499885,10.95,7.59443579413498,7.77331306289159,7.99308664049918,7.51661535372591,3.64469822245682,8.02402159052378
may2000,W15397,7.8,4.44573272475899,13.5,9.39221104439145,10.6627152806017,11.9547074085001,8.95551840834897,3.57544987639238,10.201648033386
may2000,W15398,3.85,8.55918578159013,6.5,6.22440605259269,6.00811351420996,5.84346472504582,6.08248880155846,3.57616220989459,6.07951588927021
may2000,W15399,6.5,5.73131510999655,6.25,5.35459582414141,5.43333882442012,5.54975832680099,5.97074898655491,3.56265521946885,5.89817343318065
may2000,W15400,6.78,5.55124385392501,3.75,5.98304756436211,5.65215593092946,5.24210091162644,6.28556706437693,3.59849552641572,6.21560465260971
may2000,W15401,3.4,9.19465336398505,13.58,7.46125224348222,7.67278901213241,7.93624871454253,7.26451807894173,3.62075128682982,7.81658655831924
may2000,W15402,13.78,5.83084166822926,10.87,7.85051432790133,8.50001778335,9.21600015001344,7.3430130224255,3.58700315352873,8.13653493760054
may2000,W15403,6.82,9.63726924500399,9.24,6.44691827360891,6.72323282259166,6.99846935723678,6.26029595217803,3.63142091368672,7.05335865168459
may2000,W15404,5.45,8.06158266658681,6.78,4.81739532858782,4.75210181875218,4.74614380764438,5.17033361857564,3.59359730534625,4.88946752483183
may2000,W15405,6.65,10.4468474403326,1.71,5.33361985562456,5.09539098578612,4.81515873758641,5.31966935727677,3.66615807749652,4.95679274354637
may2000,W15406,6.45,7.03941140593623,12.2,7.02685168522539,7.08009906984562,7.28472077333185,6.69182590249464,3.57353361126109,5.94216579825893
may2000,W15407,1.85,3.40935992180378,2.75,4.94413276485129,4.0899758245025,3.39461083721315,5.05463651468437,3.5514830248431,4.5894259672436
may2000,W15408,7.49,8.80707371424355,2.26,8.51539010511797,7.82306542981834,7.05234846550523,7.74378025137043,3.63138475855118,6.605749184391
may2000,W15409,3.7,6.97585604533936,4.95,6.65206844267966,6.5274070920436,6.30145993097165,7.89553640030144,3.65254084391105,7.81733580021793
may2000,W15410,8.85,8.04205478537867,10.9,8.48092883825667,8.70001450193904,8.98335931237853,8.4954849046662,3.67679602049904,8.4645929211393
may2000,W15412,7.51,10.367333948941,4.18,6.03343657198128,5.90017706594534,5.7659414510427,6.13980114384582,3.65411119681545,5.94046659410722
may2000,W15413,10.9,8.04205478537867,8.85,8.0664069431673,8.72776042510993,9.26754572908822,8.355774345877,3.66523990382446,8.67103889316662
may2000,W15414,7.08,6.22070094127433,3.55,4.93708149319562,4.6272146351759,4.36109159634466,5.3535977874253,3.5871286049105,4.79413098525242
may2000,W15416,3.55,5.90598118622967,5.04,5.10272289402715,5.25440314063712,5.44086541769119,5.29920367771019,3.56945061291989,5.1689227046883
may2000,W15417,9.24,6.14324949947381,6.11,5.92686354068799,5.96575708413487,6.00084910097288,5.97284594962949,3.58609114023421,6.48517428206527
may2000,W15418,5.15,1.74249465873745,6.88,5.5335580094112,6.19255025122826,6.61545371817258,5.41020060613415,3.50400322662934,5.4159719920673
may2000,W15419,5.04,5.90598118622967,3.55,4.74602871060315,4.57300984460503,4.35398148240764,4.91190987967567,3.57222121190124,4.59121044090849
may2000,W15420,5.2,1.38698279127663,4.32,5.36087530844014,5.00921976473674,4.77698837463687,5.77265604561692,3.48139800069384,5.40518495337957
may2000,W15421,6.08,4.56421457747253,2.7,3.99637968454758,3.61049179151584,3.2749812818649,4.48124754765472,3.5590525465094,3.95348362073978
may2000,W15422,5.15,5.86586117090452,2.4,4.5694201407416,4.16376503914282,3.74114484529886,5.0661291888826,3.59351128574663,4.39699019617598
may2000,W15423,12.2,6.3084927549646,6.64,5.67039185018848,5.76914531069353,5.97022469948578,6.19425592924636,3.59514369676417,5.66346762316586
may2000,W15424,3.1,5.18430631328376,6.64,6.38652477815856,6.60667249179343,6.72883715256132,6.95408364919851,3.62956549204403,6.43741791853871
may2000,W15425,2.05,6.34882443786524,4.32,6.25077134169418,6.04778547519007,5.78557447409335,6.42863743625298,3.56817730455706,6.35270982134099
may2000,W15426,6.27,5.27153904885918,2.26,8.57125759531554,7.70294044706763,6.8849649808202,8.80757847967819,3.56145571286465,7.56376886860045
may2000,W15427,5.5,7.20368630767085,2.26,7.56068790610365,7.46385434679434,7.2861706029178,7.73262886306239,3.58215081493249,7.15836760222171
may2000,W15428,7.46,2.55540903918482,9.03,6.90218759727381,7.93676852648196,8.64964154021828,6.79482186786246,3.56210550971571,6.60966180261321
may2000,W15429,8.4,8.39959620789006,7.48,9.73960252740002,9.48420381959806,9.08595749785072,9.56333413945187,3.6872717491477,9.8879851388113
may2000,W15430,4.78,9.85759828714912,3.76,8.28176435241147,7.94930216937023,7.64497581054531,8.57766503043194,3.66840957067599,8.31399859912514
may2000,W15431,8.86,2.83760340101025,8.44,8.83796378211246,8.42605797167357,8.39461943194765,8.40794715871232,3.59662487203017,8.66236225898462
may2000,W15432,8.44,2.83760340101025,8.86,8.36143815361086,8.40320156584395,8.63978465232606,8.15533144084887,3.57608011927572,8.20263302123203
may2000,W15433,6.28,3.62142848537786,8.11,7.31553105281106,7.60788414161272,7.88943611677527,7.27683215947923,3.6048651470887,7.14073272140336
may2000,W15434,7.17,6.08603613898345,8.11,8.23831291765286,8.46089581521973,8.59375513208902,8.08077133867487,3.62887160453004,8.62685763516618
may2000,W15435,11.52,7.94247927041348,7.17,8.57171191246772,8.04450398303126,7.58579273228257,7.81742634183182,3.64054711686903,8.1514998078882
may2000,W15437,13.42,9.5223294211529,15.25,8.42046948997133,9.1189061441347,9.8046485111875,9.13524794393716,3.67937745660483,9.66880703546373
may2000,W15438,11.9,11.0056254098714,6.55,9.78989827235504,9.33893993289115,8.77737578560851,10.7456370227691,3.75737970319173,10.2557185238893
may2000,W15446,6.75,8.94104396462553,6.22,6.87507996889394,6.34943850758465,5.88538451561884,7.35262303057868,3.76236436147782,7.06355148842868
may2000,W15448,29.7,10.0803862606919,35.29,25.2964269903942,26.0910904986925,26.8196464392564,23.5464223905967,3.71123497137339,23.6657416836681
may2000,W15450,32,11.5511084561222,24.3,22.1741258287135,22.8227020110616,23.4173018875811,20.9007230924167,3.88521871389948,20.5892643449835
may2000,W15451,11.35,11.7026217554844,12.25,11.6586277589978,11.8473875195793,11.9914882430047,13.3568011355938,3.84408594445281,12.465237595111
may2000,W15453,4.01,3.71637701884525,3.61,6.29435584446342,5.04203213864493,4.13885060052546,6.96895519048793,3.62065674851495,6.07685056293392
may2000,W15454,5.33,7.35865312939832,3.64,7.35729393674503,6.77569697588606,6.26719596566354,7.38527204736662,3.61530435108228,6.62515528862218
may2000,W15455,4.92,14.2311138514077,6.65,8.05930335317354,7.97615913051269,7.83981119771714,7.38991695967052,3.8498101647869,7.71735073739218
may2000,W15456,13.2,7.44647339072412,11.5,8.62913713361713,9.63509939434635,10.580122150096,9.26541868880623,3.76603629401376,9.6824698580257
may2000,W15457,3.75,0.845913404539733,6.3,5.74703572817126,5.48330150215055,5.75315412849886,6.6564669166741,3.52187036788885,5.63012861454574
may2000,W15458,6.3,0.845913404539733,3.75,4.32069502622535,3.39294976825562,3.3494870329559,6.05816155884742,3.50955538023253,4.63685350727524
may2000,W15459,7.25,4.10725250229298,2.56,5.74868988450264,4.29269828944847,3.43314919341306,6.25305065130531,3.5845890220514,4.89220209423088
may2000,W15460,9.48,9.40293243961824,13.85,10.2469123592092,10.2903399634574,10.2727741495715,10.1714604710282,3.69656184141444,10.1258465112467
may2000,W15461,3.45,8.71040625098864,9.86,11.5374373974469,11.434812263581,11.1281286789676,11.4102457962079,3.753128764168,12.1457456515337
may2000,W15463,8.15,6.31878527707595,5.79,6.99136290643188,6.74612512679986,6.44147905086163,7.24249181305557,3.64873330522572,6.99329071331786
may2000,W15464,15.4,6.57397127191168,18.7,11.2899408442939,12.0598181513894,13.1907661984991,10.6151450257734,3.61824705380078,10.5285873093614
may2000,W15465,6.32,10.4810308839476,10.3,6.79035711466751,6.64820994351491,6.60753085520096,7.23474366353647,3.65013889164074,6.64830655894761
may2000,W15466,11.24,9.75345736794763,11.17,8.79316049935973,8.76591779780227,8.83462713671067,8.49395527257545,3.69211755335071,7.46652654432042
may2000,W15467,3.31,5.30476933457744,4.95,9.40736895570848,9.91380010979031,9.91001609904046,9.6359340619267,3.5621839720334,9.2309312851825
may2000,W15468,11.38,8.35576451044521,4.3,9.74485799306764,8.50406347362371,7.24909110404808,8.91448058479443,3.67713855051938,7.48862400133593
may2000,W15469,4,11.4354692548573,10.2,6.52626059300601,6.87213392959485,7.21803243089957,7.09959751334779,3.70915356736956,7.47751435137834
may2000,W15470,7,4.88010885680798,6.3,6.86666945729358,6.48328953065448,6.31750253917266,6.75806670227632,3.62037379266849,6.20154658920891
may2000,W15471,8.9,13.6097377591768,14.2,8.59459284733795,8.69567924884545,8.85999408924999,8.51123828296316,3.73666306272678,7.91259403444669
may2000,W15472,9.2,9.93812193738374,7,6.81604993845481,6.60821608008134,6.47425358495846,7.06268184290853,3.70007773145819,6.60399545045717
may2000,W15473,3.95,1.02157153777242,9.1,7.8881095258261,8.96805994758301,9.09017154187831,7.28467942280083,3.59228004978846,7.17858915568411
may2000,W15474,1.88,10.4111292746266,7,7.29733871518155,7.43332025994276,7.47956940651822,8.17425417239761,3.67867689133813,8.4106266635758
may2000,W15475,9.1,1.02157153777242,3.95,4.81419747724248,4.0334409195803,3.95522458464608,6.01057659171528,3.58839764033386,4.9720844958512
may2000,W15476,4.08,6.36249448600568,3.45,7.1052068465134,6.30482721367589,5.37260423906296,7.42982539304155,3.64415381795441,6.70203735774785
may2000,W15477,3.45,6.36249448600568,4.08,9.21005885717733,8.26165452917836,7.02195050233585,8.37746669571108,3.63224665798059,7.71927125771503
may2000,W15478,10.49,12.100274414552,3.45,9.33542335715494,9.04585687111948,8.75755932791632,8.26362704795616,3.68314024944197,7.50814794803685
may2000,W15479,10.3,9.90765547754053,16.38,9.1687353553272,9.70276631930198,10.1683231404533,8.8469347966411,3.63056794304609,7.9090072711368
may2000,W15480,2.25,4.12273133096738,5.85,5.4712597107005,5.42976916227947,5.51818827070957,6.20585552740163,3.61831359018627,5.31250784295268
may2000,W15481,4.36,10.7630389585397,1.73,8.13857193777473,6.93735124190815,5.75473502593186,8.61353676101847,3.73064613973471,6.39308041370057
may2000,W15482,6.1,8.24459485518848,6.6,5.33861954519697,5.70922694258744,6.05941642160372,5.54581438201309,3.66305726381202,6.17231493752797
may2000,W15483,3.99,8.19703461084561,3.99,4.64718277725694,4.4884220360525,4.34264010871872,4.7334720672707,3.6755692184569,4.92170274315469
may2000,W15484,5.9,10.616683645055,4.45,6.19444295150286,6.00680849588078,5.87135270977202,5.72557201578199,3.67815350715473,5.86737809391259
may2000,W15485,3.15,9.80774370458293,5.71,5.48079127609716,5.41280374937806,5.3643473424783,5.40589960050484,3.73414546900135,5.79005562629114
may2000,W15486,9.95,7.97945730656725,4.77,11.5832140962621,9.88385110900983,7.93652443370978,12.3701315178558,3.72968959871762,8.74443135386063
may2000,W15487,6.24,6.24121732587599,3.04,7.08114196938178,5.74590857592916,4.62808675711834,7.66468863764394,3.63690556733835,5.94746158903517
may2000,W15488,4.61,5.7282075308888,8.53,6.16725523291089,6.73239417305233,7.22424689480795,6.20743451904629,3.60088087103366,6.74930653243731
may2000,W15489,7.48,6.19212843563347,8.53,5.45689967243748,5.88095716132207,6.4421031850176,5.52848507150632,3.63066331872297,5.70009620015483
may2000,W15490,5.23,8.87325632727835,6.74,5.51694114890197,5.56697834034862,5.63633627717384,5.44277966575284,3.64351534556335,5.82246750285565
may2000,W15491,4.82,1.23057739124298,6.74,6.10802346990811,6.63289021343238,6.72863355491538,5.55417788511295,3.58206994274206,6.05052769876638
may2000,W15492,4.02,12.2310983350987,6.74,5.3228801192961,5.29309355609784,5.2681750525738,5.38908954125812,3.73000432864588,5.71647433355157
may2000,W15493,4.94,8.39044840293304,6.62,5.68145007766209,5.63289322786587,5.66511755191929,5.49086315931101,3.6797900417088,5.73835667666645
may2000,W15494,2.42,3.66558679961767,1.99,5.37696421679083,3.81609418125071,2.72592724476387,5.75909441885028,3.59717243602558,4.49790061798386
may2000,W15495,4.53,7.81566360306701,2.42,5.1751399133033,4.28379089471555,3.53216514892389,5.11387206135687,3.65871392472375,4.37493653397759
may2000,W15496,4.01,7.1865095163177,6.54,5.73008803803146,5.8019360957388,5.93449116334276,5.58745824569597,3.67411255498004,6.01836438637153
may2000,W15497,6.64,9.68556142752174,5.91,5.92287283199378,5.99309328934877,6.07715735362965,5.73133433468878,3.66810613427887,6.40941477712138
may2000,W15498,7.08,9.33089678344468,7.02,5.51537288974828,5.55197270214887,5.63592284254105,5.55228362584183,3.66425818633446,6.00359047603958
may2000,W15499,7.02,9.33089678344468,7.08,5.70215198885301,5.89845008780098,6.07746226996126,5.78663322002848,3.67094126923961,6.42702332215249
may2000,W15500,5.4,9.27362397810711,4.59,5.63566627026393,5.81484134239544,5.93376542211502,5.72741851343503,3.6307349054348,6.24479752981552
may2000,W15501,7.11,9.48970956671728,3.71,5.74494417015524,5.7903113497162,5.79819246830276,5.71288237410125,3.6596032180173,6.22394348290575
may2000,W15502,4.52,10.4965207151751,2.42,6.92998068265148,6.4134663032738,5.85927902482919,6.80282732071145,3.73184577910276,6.2840578438624
may2000,W15503,9.15,6.79568922160912,6.71,10.3726408430389,9.72981335214626,9.05341223224916,10.5353695612866,3.69693085436171,10.7077025908214
may2000,W15504,3.83,4.75142590160031,2.45,3.8408284585307,3.19858193843594,2.75448976275579,3.84164030541701,3.6588684837235,3.58028114888537
may2000,W15505,3.23,16.0186700375392,8.21,6.60672502000195,6.64556784415601,6.67476083823516,5.58595128602424,3.87316707612765,5.29682629358786
may2000,W15506,9.58,7.98390039233197,4.2,7.40623516838085,6.30011371397181,5.28500843301211,6.96686703864131,3.77403418432908,5.80550518175426
may2000,W15507,11.74,10.0314987654983,16.15,8.46656099037191,10.2216131454288,12.0845163147401,8.19114787422602,3.88563446510226,7.83562895186865
may2000,W15508,2.94,10.9140134097236,9.58,8.17919708773555,8.60971255589899,8.85841178990284,7.82918340078381,3.84904789473357,7.39146094180053
may2000,W15509,16.15,10.0314987654983,11.74,6.98025841038089,8.04970774916844,9.29946673912563,6.51258237497239,3.89790180796813,6.25667624502264
may2000,W15510,2.4,14.6285184556993,2.45,3.07729220673563,2.97721701147377,2.88172814758335,3.37566173700677,3.78738972654895,3.41385273934652
may2000,W15511,9,2.43512309837791,7.73,7.6926482438549,8.0091637524195,7.8965050328261,7.41043592298078,3.59056676231996,7.91853262979963
may2000,W15512,8.21,10.8876878420175,9.68,6.7467222306515,7.00110742669837,7.30501339238053,5.85413464125882,3.71363619008979,5.90597290975626
may2000,W15513,6.77,4.70880298170374,6.1,5.80329023735154,5.81594031122114,5.83697616804698,5.82497572268646,3.56476216344117,6.04426323873685
may2000,W15514,9.56,6.02217002139554,4.29,5.42827174673492,5.32027755306065,5.175403817582,5.61294762836614,3.59506932007119,5.69447798707406
may2000,W15515,4.77,6.87301960579077,5.34,4.6316701420351,4.67779720615836,4.76171610135953,4.67978582864882,3.59924325859993,4.8780311138565
may2000,W15516,3.32,3.56741090402155,4.56,4.73465610472015,4.4788914585475,4.41923340444164,4.75073752774618,3.56085405591294,4.66135246480033
may2000,W15517,6.89,5.23831341566115,5.59,5.32563839842136,5.73651930115691,5.94203657689855,5.38204779145979,3.60918240090137,5.71699058966997
may2000,W15518,7.94,4.75107055090325,4.86,4.95264818864339,5.23990378856577,5.26663099380195,5.32184620235544,3.6105794887973,5.74350968277146
may2000,W15519,6.78,7.42776119390639,6.89,5.53271171720464,6.04076589338867,6.37879722459989,5.73834220711645,3.70708318271257,6.44491734035407
may2000,W15520,5.29,7.72084176203626,5.97,5.84077263393676,5.87341333776743,5.90918564757105,6.053483761329,3.62819892373108,6.39048202435515
may2000,W15521,5.97,7.72084176203626,5.29,6.76176614422784,6.55719419729323,6.32559351413877,6.57365488906465,3.64788033897369,7.01054623225494
may2000,W15522,5.44,6.26776383225203,4.68,4.2967153910378,4.3338725799998,4.40865460849728,4.27822786830887,3.62622343418086,4.46776368875007
may2000,W15523,4.68,6.26776383225203,5.44,4.180058328697,4.48019629525851,4.77077869820337,4.43665975246915,3.61494882912144,4.70157845684355
may2000,W15524,5.77,7.13248953942651,5.9,5.85025537195247,5.73161451178359,5.68559159356207,5.87525041316365,3.73607691738298,6.13929911740824
may2000,W15526,4.33,10.9697034330068,4.17,4.75969313270627,4.61617583015684,4.46903269084812,4.81117005791528,3.80578420367034,5.21511029237118
may2000,W15527,4.17,8.56601265852073,3.4,4.51003852798529,4.27565630787671,4.07158290964409,4.55412603705071,3.71616143041193,4.75438907949365
may2000,W15528,4.85,12.7183608256942,3.4,4.51565185244093,4.35033867933468,4.22766356546138,4.35278826689898,3.75500732661402,4.64931458078233
may2000,W15529,3.8,11.5985378087637,4.26,4.79158317825974,4.69770849234251,4.5725408956833,4.86038536331403,3.75125032763203,5.0420112021103
may2000,W15530,3.84,13.0162521340322,10.6,5.63587631625454,6.08036802034047,6.64575902390346,5.90151436560842,3.95551397052069,6.16361461228109
may2000,W15531,5.52,8.38048341187775,5.68,5.56093984388941,5.72465681125404,5.78489230109769,5.64906484778512,3.76597990003717,5.99175878485142
may2000,W15534,13.4,15.1113094546699,4.55,7.8719865171632,7.91736991739479,7.99345825395441,7.44870198645616,3.78367831737172,7.81766594337464
may2000,W15535,6.5,4.67219208877022,8.3,8.76442345661473,8.15660744365884,7.95697178361962,8.94463587028868,3.62050861834832,8.62151593659679
may2000,W15536,6.9,11.4662867676129,8.72,12.1508406421189,11.9905803482973,11.7806163076217,11.7065127195944,3.6962179319472,11.3093662702106
may2000,W15537,22.1,9.21396360624222,17.11,15.364399274899,16.1084997832035,16.8188737353842,15.0981026982096,3.68492156542836,16.2955633180911
may2000,W15538,10.02,3.11414393892554,4.57,8.57519772667337,6.68031511014381,5.36748834071608,8.95693121886959,3.60506197689563,7.86027956391083
may2000,W15539,4.57,3.11414393892554,10.02,10.674538460501,10.3945496398208,10.1393041694422,10.50200053282,3.60520681271364,10.4880988605609
may2000,W15540,13.75,5.15748874532387,10.4,11.6811649434187,11.9774427191677,11.6596028539661,12.1168685970781,3.63394241453997,12.6146871594629
may2000,W15541,10.5,11.5258380570809,6.5,12.2811108230457,11.9846196391265,11.6211319408034,12.6087945283775,3.70780406541542,12.2434869085802
may2000,W15542,8.63,12.6744141275552,6.5,12.1804627774127,12.0449166993675,11.8167767581837,12.1739699690871,3.71138717469283,11.8387854114807
may2000,W15543,8.67,8.22493145801587,6.78,5.72712138774988,5.77150173860652,5.84753512684019,5.98701587738819,3.62611718343559,6.21584103332066
may2000,W15544,4.43,7.41474347023652,6.47,7.17623124505524,6.9905989557011,6.82515163376426,6.8400867882721,3.60768940571961,7.30070851933724
may2000,W15545,7.13,7.61912932122224,5.27,5.25841964290035,5.33399718308948,5.38060207233936,5.44709370158047,3.63507591176928,5.78555780792373
may2000,W15546,5.27,7.61912932122224,7.13,6.10512187406864,6.24422534199979,6.38857525999369,6.15998014095865,3.59631815536635,6.70480177926273
may2000,W15547,6.47,7.41474347023652,4.43,6.15972228619433,5.91270343162975,5.62396925924952,6.17208111002347,3.62632052754622,6.36956876513043
may2000,W15548,9.9,5.71820620282313,3.9,5.82909732745517,5.84811680288828,5.80559565479404,5.95214464997759,3.5736438554106,6.17185246777521
may2000,W15549,5.95,5.78349735293634,4.56,4.94298097662604,4.71370149094723,4.57877776356782,4.86247201995862,3.6393886408152,4.94834383981284
may2000,W15550,6.72,5.76984101856968,7.22,5.78685082776697,5.96079381023487,6.20050192929053,5.52098837056007,3.61585303579635,6.03871430400833
may2000,W15551,3.72,8.21569443596408,5.62,5.2220104188736,5.25101274619818,5.30388253644238,5.21211249446208,3.62807213321599,5.45126965165588
may2000,W15552,7.22,5.48584402418466,4.14,5.4498587626779,5.38466655642689,5.31559072579568,5.37796718793603,3.58502481684148,5.65243934546082
may2000,W15553,2.99,4.09411083955987,2.18,4.61164371530504,3.8844429679047,3.26751223703411,4.51861070308716,3.61214049697372,4.33131777724457
may2000,W15554,5.97,6.30816103441019,2.99,4.84216546969402,4.40168877896515,4.02190248295174,4.69704910691293,3.62170235843564,4.74032857012315
may2000,W15555,4.95,8.58391848302309,2.18,4.58676980889889,4.17661145935882,3.77851994854764,4.37404224499834,3.65969534745202,4.27197760661282
may2000,W15556,2.18,4.09411083955987,2.99,4.57145980642563,3.9314737528971,3.42723586931159,4.37649354464284,3.65311992294696,4.37270552187687
may2000,W15557,5.62,7.59811386150888,3.9,5.69738928003872,5.22979823369559,4.84312531158496,5.47986840293177,3.60789190416622,5.39110788479302
may2000,W15558,4.56,5.78349735293634,5.95,5.51486125162607,5.55852171812035,5.65644921753609,5.61866628023344,3.62937450866368,5.92087380021017
may2000,W15559,4.26,7.66573875538607,7.69,7.30569216191198,7.44777986764914,7.53107543126733,7.11347329017175,3.6028620289076,7.84954907721919
may2000,W15560,4.58,3.65731385021755,4.35,6.05697385824606,6.16106156851956,6.06099840366401,6.04398278424664,3.52556592369318,6.08814243560434
may2000,W15561,3.94,5.17552748855264,3.56,4.82766910859343,4.18706868893097,3.76728959938795,4.9095408993095,3.72539464229332,4.77284086920003
may2000,W15562,7.7,6.44300462220116,6.02,7.71531625466456,7.62500757576897,7.27697913629655,7.98490819906132,3.6985550232945,8.51373382525709
may2000,W15563,4.15,6.61295314744279,4.8,4.95821021727265,5.04169455020805,5.0445086056644,4.99381358122562,3.68061480313583,5.40876564377509
may2000,W15564,4.8,4.26264006673301,5.75,5.1491722116503,5.29595342200937,5.41850334837164,5.12691643000841,3.630790554193,5.63758744337434
may2000,W15565,3.67,10.76876593899,3.98,4.9801709117635,4.94680987733293,4.88020077070692,5.03630358763552,3.71351967841208,5.32062021130446
may2000,W15566,5.7,11.7194238876658,3.67,4.49437278144286,4.38078741721172,4.26910763108648,4.5622160274142,3.70328018481864,4.800464991363
may2000,W15567,4.15,1.91471669842529,5.6,5.218999903186,5.54991767224729,5.59571841714285,4.96770503805084,3.70977840539603,5.53898521569217
may2000,W15568,5.46,15.0667973179881,3.48,5.21631330128907,4.79853949297293,4.43302972335748,4.95097418862709,3.9631289834407,5.3660731307451
may2000,W15570,4.23,7.30220488052826,5.22,7.09478462533465,6.54960631146328,5.9938703695107,6.45997163425858,3.73913400756628,6.38787180780324
may2000,W15571,5.48,4.79143092401558,6.44,8.79084493503621,7.93048532156346,7.1465034701986,8.93170433499208,3.64937383160606,8.57567248231078
may2000,W15572,6.44,4.79143092401558,5.48,8.57431379658308,7.65768959598102,6.7852683473018,8.47050584090563,3.62339317865609,7.90580107323732
may2000,W15573,6.99,9.57758861955877,7.62,9.63366061260601,8.76225813966024,8.04716872850811,8.77690049042055,3.73064443353447,8.25828604803261
may2000,W15574,21.3,6.06157344472715,4.77,7.65751647637146,6.4078009481895,5.46354131140701,7.83096961567628,3.7412843690823,6.93800703672097
may2000,W15575,4.66,8.92685767272902,21.3,11.5839940534223,12.3670449203775,13.4212628064717,11.0467552341272,3.71948378500925,10.947777867105
may2000,W15576,10.58,13.2428204437322,4.66,9.39588146267864,8.61182562658321,7.87841971913336,7.80758428104735,3.94439332589994,7.26550215434998
may2000,W15577,11.85,4.44437837665169,12.84,9.52416368898488,10.377611891212,11.4271308478647,9.2629554093808,3.62786166648254,9.46902187273974
may2000,W15578,7.02,9.95704147916383,5.22,8.56017556909596,8.49242447196447,8.37010760982931,8.3547091321307,3.71200780710511,8.44419918262205
may2000,W15579,10.49,10.9803641934578,8.17,8.27081232893367,8.09790248260184,7.94917249793158,8.14795386914624,3.78838849793102,8.49597235797998
may2000,W15580,3.43,11.5764524239881,9.14,7.28235541648355,6.84167878310166,6.70075912975599,6.72793821011857,3.78704605211961,6.3823368409855
may2000,W15581,5.33,11.2123587889863,9.5,8.06093253869818,7.77848178643811,7.65560705676948,7.59472456107952,3.72630535663448,7.42746190383342
may2000,W15582,3.97,13.7556399726584,5.33,6.61019157152426,6.53474543628667,6.40736541830239,7.01950875008147,3.8325194242024,6.8243174230157
may2000,W15583,8.58,9.55400919531329,10.55,7.44024835866633,8.08588679262661,8.80520299359885,7.76792475086859,3.77098797434514,8.18961211042272
may2000,W15584,5.93,13.4725597116421,7.37,7.77953608150751,7.39892462602976,7.11394153899072,7.10195411071522,3.79538599836607,7.2811163504862
may2000,W15585,6,8.12444080439941,7.37,8.57242410985846,8.07979678683554,7.67240315684713,7.93738455854874,3.7557676230812,8.2401707692964
may2000,W15586,4.15,6.82263648101083,3.52,7.59851649652864,6.82832906510061,6.03350478419126,7.22341532927929,3.69263617947239,6.72262678283892
may2000,W15587,11.23,9.60489389044829,4.15,7.53831812838668,7.50401228084609,7.47812479920951,7.62145284875667,3.67867417494894,7.65994200603185
may2000,W15588,10,11.7555742177215,10.54,7.87331851454333,8.08207357740374,8.32225350371794,7.46416996781749,3.81444145396467,7.99906059855914
may2000,W15589,7.6,6.71137668909838,7.52,8.49124592869502,8.49257978025626,8.33711882048036,8.61610623155271,3.69652670588327,9.14293479346665
may2000,W15590,5.04,6.2570976620095,6.65,6.99233983682341,6.65419952383643,6.46547819120155,6.82028953939927,3.70718928083592,6.82199254498627
may2000,W15591,7.15,6.72812992176449,9.6,8.74553690093301,8.93195465778403,9.22092613859537,8.69203584238765,3.7237030575174,9.14609438920769
may2000,W15592,6.67,9.53380209970212,4.49,6.57991797836726,5.9750305038082,5.40083085930772,7.13788404998392,3.76816396194089,6.81934118658251
may2000,W15594,10.65,11.7796920622825,8.9,8.48493746492267,8.47782011932669,8.50921201199022,8.53340287846792,3.73861350949748,8.75611308033261
may2000,W15595,9.68,3.51038785147225,10.49,9.05435428724646,10.0496991875625,10.4135722894998,9.06304939876924,3.66632778365261,10.1066162799963
may2000,W15596,10.85,11.3840502297035,11.9,8.31494525393561,8.69774416185774,9.16867646106689,8.01077252096505,3.80725736577405,8.43089122940971
may2000,W15597,9.47,2.08414078611362,8.55,7.47290386321629,8.30282974311021,8.51331109930668,7.13021074662987,3.60489963655576,7.92647136408368
may2000,W15598,14.31,9.24516860136866,4.41,6.29189560073741,5.90737691828194,5.46734290270813,6.01081275344474,3.75774948231,5.94411081195558
may2000,W15599,9.38,12.2465862214326,14.65,8.55669915827853,9.40135760051775,10.3401178954283,8.71678738481857,3.81601669832813,9.87379827764824
may2000,W15600,3.03,10.7143708020449,6.28,6.56690459483886,6.2444550893195,5.98520957208437,6.53072548906693,3.66859617449619,6.1953448929301
may2000,W15601,5.14,8.09130258191348,3.35,6.37803623064251,5.74380120187694,5.12517728476513,6.27676436187478,3.65400590701329,5.61683953326267
may2000,W15602,10.4,5.15748874532387,13.75,12.7542701728348,13.3022213711231,13.7351328303549,12.3075290399713,3.62370378991094,13.1349424763472
may2000,W15603,8.72,10.8776180435034,9.27,11.7331030052337,11.1811157111284,10.6150083254061,11.512284094813,3.68012430104529,11.2477761204828
may2000,W15604,17.1,5.26355609077693,7.6,9.60753781994074,9.02686451750955,8.5141098200653,10.1983743670318,3.61874831464005,10.2525903640725
may2000,W15605,9.75,8.31334571586615,12.33,11.0433563724845,11.2669445221423,11.6404553459403,11.4365860543811,3.80150362125752,12.4030402286073
may2000,W15606,12.33,8.31334571586615,9.75,9.71888384092504,9.64000959639866,9.55081924324999,10.5108805664972,3.69079565319033,10.8126464590918
may2000,W15607,13.96,3.62174121407609,20.15,14.6454075822371,17.4995886460934,19.1366189613239,13.6278129153116,3.62623130201732,15.0567116845674
may2000,W15608,9.27,8.99300915787502,7.7,10.7721818696295,10.0746045947128,9.49371184061961,10.8000930497581,3.62894088943274,10.4824518098936
may2000,W15609,8.35,9.18791102667249,9.27,11.4339754508386,11.7845891814614,12.0309498354013,12.0995147495093,3.62484475528099,12.4930182198143
may2000,W15611,7.72,8.80757099683318,11.95,12.8927607045271,13.1870815375228,13.4563558374136,12.8959720798548,3.66712101169367,13.6831529857865
may2000,W15612,11.95,8.80757099683318,7.72,10.7274124146454,10.2566586146584,9.83647330717753,10.9691263186409,3.6625962065546,11.1798235016217
may2000,W15613,18.15,2.26048035524856,18.5,13.5688857056525,16.7836898946973,18.1323004673581,12.7198201545289,3.59159381408539,13.2679171064307
may2000,W15614,5.23,4.06073440854438,3.66,4.04599817009211,3.99365573809216,3.96567871937772,4.22880242683075,3.5845798191707,4.42405077437084
may2000,W15615,3.97,9.02805513683668,5.35,4.39907896204796,4.51001142568706,4.64270919472188,4.63975158603156,3.71312916806454,5.09243895253563
may2000,W15616,3.77,8.34119325204986,2.48,3.38743210739202,3.23599339051359,3.07758907686936,3.49338350064528,3.64829598207089,3.53676996939128
may2000,W15617,3.99,9.78720460618245,3.32,4.46400266292503,4.41553230729843,4.36307961218379,4.45409875116543,3.66175884997923,4.79824905216234
may2000,W15618,4.59,11.8829947873706,4.02,3.98292028711371,3.95776595958331,3.92589987817648,3.91191410211403,3.71008767892254,4.07281444835104
may2000,W15619,2.95,6.7792530434613,5.35,4.00590189512467,4.17933303915457,4.39777288190599,4.04960585303476,3.63198866339879,4.34202716017157
may2000,W15620,4.02,10.5145487973538,2.95,3.37704620601235,3.29471275604675,3.22062182956168,3.52721241553247,3.67675719624839,3.5118536237931
may2000,W15621,5.93,13.9122668994056,5.83,5.10545335817119,5.10827552649328,5.11263794612719,5.05695254224078,3.74204040085455,5.54226402187717
may2000,W15623,3.32,7.3300943036256,4.2,4.49635108350935,4.35916926415716,4.25301154273274,4.5413899379518,3.6681862399622,4.8332949418749
may2000,W15626,11.5,8.54017220607432,8.65,11.6712522407258,11.1539318499735,10.4376640625677,11.9643861097194,3.75139119775057,12.2124825829789
may2000,W15628,9.43,5.88939471711892,7.76,7.4773000696203,7.58899136248848,7.69371393596145,6.97440602872439,3.78222028893565,7.62924637475529
may2000,W15629,7.76,5.88939471711892,9.43,7.10522291770654,8.28738382626174,9.03706684368378,7.47427390552944,3.75644900164855,8.50278994876229
may2000,W15630,5.13,11.3654648879931,6.98,7.13084489451453,7.01486378333636,6.88680981962947,7.06577922092231,3.78576424233474,7.4651722510645
may2000,W15633,5.35,10.1806148953544,7.9,6.77918526608552,6.87340437148337,7.0161903873481,7.53389263175115,3.77893581673309,7.6814176746109
may2000,W15638,9.78,8.74692199915021,14.68,18.7731009325788,17.942308814107,16.8836446980476,16.5329546757004,3.67835749989902,11.1427493630133
may2000,W15639,25.49,3.53566899091654,29.85,26.9627171416859,28.2621446562274,29.257564193515,24.142629711478,3.58811242343168,24.7808984717472
may2000,W15640,8.57,5.47121727366961,8.1,5.35751388062187,6.09073831906998,6.90225635651927,5.54783741865291,3.66554579364617,5.58440050571485
may2000,W15641,3.45,4.70918321809093,6.18,6.45635026982369,6.28750984882833,6.13757460780131,6.52961115833838,3.56532456118489,6.75223876904042
may2000,W15642,3.75,2.75860584466026,4.4,5.29645214743494,4.80805980201956,4.5166619729516,5.45267223358972,3.61831149409685,5.69951667984299
may2000,W15643,4.4,2.75860584466026,3.75,5.10342443331374,4.34841129842039,3.91509211267429,5.39124892518826,3.61826176781433,5.55616722722593
may2000,W15644,3.36,3.33307437042058,4.1,4.97809797582308,4.46649088904797,4.20551074946088,4.96741679887806,3.61865302424144,5.01365726614938
may2000,W15645,5.9,9.027318906669,6.18,5.35997203916247,5.2017150476627,5.11672381491346,5.38795332963188,3.61714540113639,5.44274756585456
may2000,W15646,6.18,1.47119938983401,5.52,5.52851435539167,5.41220443015203,5.46710093882447,5.86471267431705,3.53164713915686,5.61780074850544
may2000,W15647,5.52,1.47119938983401,6.18,6.15109191465673,6.03479089814319,6.12030921449837,6.14628975093646,3.53423990381598,5.97905848514213
may2000,W15648,5.1,5.82187575236551,4.1,4.93396951427739,4.63453028444633,4.35929211218307,5.02465113549221,3.64475241872512,5.27674443838295
may2000,W15650,5.98,8.01049212930223,7.62,5.64697150847493,6.07883982217198,6.4783268877464,5.69602001806716,3.63329424382153,6.20722487849828
may2000,W15651,11.2,14.8035046051139,9.46,7.37098253335776,7.65850524456395,7.97157045939649,7.2862582664004,3.85424745916081,7.55161405314242
may2000,W15652,6.06,14.5186300147645,5.8,7.05208648786399,6.75448385311007,6.46375632971851,6.92445884376832,3.87314414589227,7.27031262414281
may2000,W15653,8.16,12.4351954964389,10.02,7.47489276189333,8.10711056355082,8.66377505862313,7.85109075548311,3.82591878900738,8.47796681102422
may2000,W15654,12.04,8.13280395323373,7.5,9.2872886994809,9.23492456837088,9.23114591220124,9.00508991202668,3.63243248233158,8.94501130527059
may2000,W15655,7.5,8.13280395323373,12.04,12.5003050873173,12.2648312158908,12.134453664222,11.6010561150086,3.63591607460265,12.2826917852153
may2000,W15656,12.47,6.101040672196,17.11,15.7343996269319,16.1012833473309,16.2753807254099,15.4081326027276,3.63353679194608,16.9159648985284
may2000,W15657,10.8,3.02078993598235,11,10.3522252208748,10.4511198750867,10.7337797748788,9.7403290775403,3.58481696321496,10.0104146553781
may2000,W15658,8.68,4.66120657341169,11,10.0266190576425,10.5496436401746,10.9414379035332,9.74993645646352,3.56539281227796,10.2060417853015
may2000,W15659,6.14,6.76012930440864,5.15,11.3974346230983,10.5164591403195,9.46287898968457,11.1540859434436,3.60723855422291,9.75736428416152
may2000,W15660,5.15,6.76012930440864,6.14,11.8730870117319,11.6105107009445,11.1060459713015,11.9045555176574,3.59502767880552,11.7570379348741
may2000,W15661,5.6,10.0351032103199,9.2,9.67048075467275,9.62564383702508,9.55244965960049,10.0809213387713,3.64207842994022,10.5343350963267
may2000,W15662,7.4,6.40240531541869,8.85,9.65595434840358,9.14104920577982,8.80237653092803,9.99848592577963,3.60081842336362,9.37756604925815
may2000,W15663,14.35,9.24570604063275,7.25,10.3412490342713,9.99265229180888,9.64668991457097,10.3546687434229,3.65387398844448,10.2446025517947
may2000,W15670,4.96,11.8116857685557,7.52,9.19215076457853,9.32620037264634,9.47877742461443,9.0095644724799,3.71815279520374,9.60486827886944
may2000,W15671,7.52,6.71137668909838,7.6,8.39036648319395,8.12451157058126,7.83988516090535,8.33226950532671,3.70477571145396,8.56702890048439
may2000,W15672,7.76,4.93127648571476,13.26,9.4333215482207,11.5564600773166,12.7703324900217,9.39239706922006,3.7631645518569,10.054678230695
may2000,W15673,13.26,4.93127648571476,7.76,7.62544612585541,7.75015255677244,7.76458133784189,8.19928313661385,3.76237058818633,8.55449019902278
may2000,W15675,6.47,10.0088806353175,9.07,9.05626225942788,9.04554752525936,9.04443182948927,9.03538183898695,3.77789937428098,9.18146991119539
may2000,W15690,3.53,14.8859243964733,5.95,4.7685080487996,4.73745662630874,4.71488787451865,4.92030123044541,3.7681393727357,5.32264188865826
may2000,W15691,4.05,8.95670468356122,5.08,5.09596010368117,5.05957407426098,5.01431815402681,5.07816806948731,3.67724934822144,5.49884594605333
may2000,W15692,5.31,14.7755841997967,4.65,5.15106091835667,5.03901290287712,4.9484073470588,4.92276938539608,3.81627718241593,5.35834847755371
may2000,W15693,6.09,12.918628142123,3.7,5.22510019178072,5.17269486155515,5.05811719799059,5.12195913689937,3.80108950908501,5.51311762941893
may2000,W15694,5.2,8.5362464563131,7.6,5.74085059555691,6.36463170977548,6.84797259127426,5.80914933172163,3.71806876091519,6.69148035121189
may2000,W15695,5.08,5.62354313585789,3.76,4.65904313569556,4.26078048563373,4.0232409263386,4.61137005662128,3.63959354274122,4.67646877694023
may2000,W15696,4.71,6.70546692990256,7.22,5.35567037768599,5.57410025852547,5.70748482818641,5.42906097446966,3.64262725237496,6.05056581034356
may2000,W15697,4.53,11.3099329902624,3.44,4.68450413982529,4.74937121557122,4.77191681336054,4.98353618595581,3.74313435630428,5.32608504708589
may2000,W15698,5.83,12.9657211351673,4.71,5.37523621886948,5.43706313686084,5.48582726162654,5.41331546888745,3.74732983208438,5.87925753908108
may2000,W15699,4.99,2.36000225301706,5.12,4.77109347490588,4.9805648267139,5.05830612395988,4.74476919291788,3.59002392529376,5.11197873000254
may2000,W15700,2.79,2.78562176735385,4.04,3.84690464372757,3.97738269121199,4.02800995414941,3.99423669693998,3.6503138088109,4.21011685488619
may2000,W15701,5.33,13.3348263067414,4.99,5.12084827602242,5.19539127576512,5.26556595218804,5.18565771986158,3.75634228846921,5.63384497183135
may2000,W15702,5.19,14.6341453702589,4.48,5.47863386503408,5.5195285198434,5.5314293442137,5.49428730137844,3.8067901427456,5.92304446612209
may2000,W15703,21.3,9.27269901469299,14.3,11.6813463086568,11.7292049572546,12.1306459915464,10.7707762823289,3.76025495073854,10.6341580016275
may2000,W15704,4.4,10.2634768843859,9.52,11.761366953978,11.6840799926983,11.4200488769169,12.2530451466598,3.70508589374137,12.2961291983851
may2000,W15705,10,12.9658655858663,6.2,12.7549796325204,12.6201926535455,12.1524998256386,12.390017376083,3.80668487413723,11.6398216603881
may2000,W15706,6.3,9.92336977618313,14.3,10.4957926407962,11.7956961588882,12.9846566037835,11.7224287755634,3.80865278644321,11.5750665127134
may2000,W15707,9.47,12.3130511273332,20.75,15.2695711471175,14.9829066995956,14.782284153256,15.4999925792701,3.73241753446712,14.5107439510963
may2000,W15708,13.81,7.88571258641275,13.61,14.1980007634667,13.1452111682674,12.3861323774305,13.8698969412799,3.68072548886999,12.8062495591528
may2000,W15709,13.61,7.88571258641275,13.81,16.7462207718085,17.0490226227107,17.1288962083004,16.5734134065093,3.69470772851099,17.5748133062608
may2000,W15710,4.03,6.84255531789858,2.75,5.3371154443804,5.15364047073003,4.79346328212871,5.45034403603285,3.64365364589343,5.43434920979054
may2000,W15711,4.18,5.8604506445059,1.87,5.01546834856753,4.49351912574338,3.91612086412966,5.36618662347828,3.59379901213988,4.98212546088309
may2000,W15712,5.23,15.908446407506,4.73,5.88971220042494,5.77247213018091,5.64766477599192,5.84588352101433,3.80855850238272,6.28934382687397
may2000,W15713,4.73,10.609243070827,5.8,6.18122283943469,6.15122406410501,6.0758466484434,6.26525220594125,3.80731082024439,6.67911423787604
may2000,W15714,2.64,3.93878542284931,3.91,4.26749993755985,4.18826071401831,4.12674732531233,4.64977103112684,3.58414693443547,4.46646579287153
may2000,W15715,10.12,4.99584009718383,7.16,5.38191220552079,5.96184194394854,6.53205573691754,5.39610636656837,3.65711320680937,5.84592343970077
may2000,W15716,1.21,5.00256531975566,2.84,5.56436649977997,5.40007118151657,4.93828618751233,6.33451518748605,3.5988778815774,5.69958656627083
may2000,W15717,6.35,6.66351010942913,1.21,4.73947562283958,4.1088471837525,3.37983991805129,5.72880088954483,3.65006342683866,4.0646727182547
may2000,W15718,13.6,8.79036252038982,1.21,6.16674501119189,5.88654801011864,5.57711259211155,6.68291050890004,3.65722447544115,5.62299460147152
may2000,W15719,4.06,8.8572665063921,6.16,5.22189034936986,5.39812479467455,5.57492581581741,5.55059414095629,3.70311780785986,5.94911739923646
may2000,W15720,7.17,9.31566742222909,3.46,4.49669355804864,4.37299249809747,4.20902275335001,5.27151104068448,3.73246332281057,5.23408392472491
may2000,W15721,4.06,8.72696732345236,6.44,5.99753547079361,6.10654981068546,6.21238951382854,6.75988202953592,3.68853234842134,7.26593313764298
may2000,W15722,4.94,4.51190375787425,1.87,4.81189050918815,4.52463000640451,4.30619482678212,5.21973187613614,3.54943888987566,4.8632449604711
may2000,W15723,6.44,5.15457798078098,4.94,5.22419907433707,4.88801873532956,4.7349138964064,5.51655555249167,3.60157392728647,5.32066598640942
may2000,W15724,5.9,9.70225853681892,10.02,5.90012700779173,6.68518254600524,7.54646571681716,6.02831136045481,3.75815800102736,6.5822408702277
may2000,W15725,3.17,8.70831739912122,3.46,4.33088962434091,4.43224904836188,4.47189717167405,4.94891283637588,3.67166406470798,4.81076466825972
may2000,W15726,4.25,8.93956514825966,4.91,3.71164581439788,3.76396283310598,3.85727427178318,4.17947286974671,3.65367496481861,4.11039316805332
may2000,W15727,3.46,8.70831739912122,3.17,4.71882060707737,4.82105409051404,4.86579307308728,5.04035076054637,3.67671118757889,5.3100350794089
may2000,W15728,3.48,5.36941001131639,2.75,4.86730856548424,4.26130225355499,3.67280596952499,4.84892300941027,3.62277144624423,4.78276331452137
may2000,W15729,3.64,4.70232007215459,9.98,8.20191742615893,8.4533369037044,8.84896052534904,8.38302050132157,3.59764787709043,8.41501939279913
may2000,W15730,5.8,9.03772825987773,6.55,7.3141451938417,6.87904698193549,6.58498107748343,7.61217184831889,3.71243012125641,7.51329343160233
may2000,W15731,10.05,3.43331700692497,12.12,8.8271357873973,10.2118417088835,11.3027906590545,8.95836923946215,3.60455694834433,9.19186394009565
may2000,W15732,8.89,1.41973442709904,7.59,8.79009293907344,7.73378059992044,7.60073133689532,8.98381896321932,3.61121547090303,8.70502095295089
may2000,W15733,11.26,11.3505094350669,14.2,10.4617774023483,10.5612558479218,10.7773463684946,10.4080314381565,3.71620395695533,10.9015286684913
may2000,W15734,12.5,11.7101437123957,9.14,11.5202603134272,11.6672276455559,11.7048662972844,12.1562899731597,3.74211905192997,12.648869311015
may2000,W15737,1.74,12.6947013717474,8.47,11.8241909628765,11.3699778603988,10.9092329315407,11.5799734097661,3.74611790127617,10.4508393056414
may2000,W15738,17.17,6.04454514643667,8.09,9.92013790234536,10.964342659544,11.3665028726758,11.3646370057457,3.64871858121214,10.9737159405805
may2000,W15740,14.23,3.71116200596717,9.25,10.7544797799142,9.7936077722427,9.38697589274725,10.9563693772067,3.65866465687134,8.98999261224407
may2000,W15741,15.25,9.6913253994479,7.25,8.13976603822619,7.86660838166664,7.70051664148968,8.18998461866122,3.67452395510459,7.20544842611732
may2000,W15742,3.07,9.12545957885532,4.88,10.8508160374441,11.1496195124869,11.5312427056106,13.0593706912036,3.68863438307872,8.16984785514073
may2000,W15743,5.7,5.33091262445355,6.05,7.62970449301988,7.53737946917788,7.35981961201839,7.68361407430522,3.55960584699046,8.1860270411666
may2000,W15745,5.15,3.09385390031824,6.76,7.2157120872156,6.77947130106819,6.62772196228934,7.29843525480041,3.57965355957915,7.10395223784315
may2000,W15746,4.57,8.63878440782117,3.76,7.78215904834101,7.99285184467259,8.07032188152495,7.96995099529668,3.62662967689053,7.76790308478257
may2000,W15748,3.76,6.32813119946043,7.59,7.86012534571398,7.35099491757351,7.04041377587239,7.78228453562167,3.62205934796418,7.34342341479194
may2000,W15749,5.35,7.16370303347171,4.98,5.65517416314456,5.50554946748488,5.35228884989949,5.66788711403088,3.60820700255008,5.79168829603614
may2000,W15750,3.9,7.67248305370912,10.62,7.04678101797684,7.36335390522818,7.73809256035992,7.2994480347876,3.59853699427639,7.75914058172361
may2000,W15751,5.41,6.39773820841544,5.88,7.03742580216757,6.8866405458081,6.73974201988288,6.88478396071316,3.59494063889768,7.03461770500874
may2000,W15752,5.88,6.39773820841544,5.41,6.22592391640468,6.04551062891959,5.87088734787094,6.3255514359297,3.59264542533949,6.24223326773788
may2000,W15753,7.5,7.84428655152155,4.46,5.83906071416584,5.53838143817683,5.26277741516921,6.13019793970349,3.60886187921236,5.89466442497226
may2000,W15754,6.28,8.20350191045563,8.06,7.49675926549642,7.59790556055041,7.70809481900222,7.5824490827451,3.58531597308611,8.02880769615286
may2000,W15755,6.03,4.60258667160648,8.9,7.8639545310536,7.9609052344728,8.23946451390628,7.78931066675297,3.58508042540593,8.17658766599636
may2000,W15756,8.28,9.83054395192319,5.41,5.91625165585772,5.55584563350751,5.29546190622277,6.18542027413654,3.62820415584728,5.70052934449293
may2000,W15758,3.82,7.23475322444226,4.46,6.21566782693393,6.03224871146157,5.8363752772566,6.49687754685692,3.61372660577928,6.4268738094324
may2000,W15759,8.05,7.70928521086558,7.8,6.47673959539184,6.4370808904853,6.35688512973855,6.67272192159404,3.6073828872586,6.30536983821975
may2000,W15760,3,8.19177227189642,13.7,6.87759337921476,7.18973029343769,7.56724981282133,6.88992789786051,3.60928908910498,6.41687626364048
may2000,W15761,4.45,5.24613693975722,4.98,5.35587162459968,5.12545585687945,4.97912217066967,5.5512608175847,3.58476477427352,5.4477990876865
may2000,W15762,3.02,7.03898419983672,9.72,6.47570635888746,6.51878846685714,6.69739136753419,6.47326446847792,3.58196006757626,6.50528323139376
may2000,W15763,10.19,2.26272896700768,15.15,9.79660610958073,12.5240180377585,14.1611938622195,8.53349565337496,3.52840662895126,9.61941465887677
may2000,W15764,7.26,6.34530949760252,10.19,8.40034063171466,9.04014067393005,9.54836078096041,8.03106577730142,3.56693610622557,8.48570752990524
may2000,W15765,7.18,6.71073744682249,11.58,8.68360364087697,9.16041364047566,9.6166713930857,8.31366876702246,3.57509897181285,9.1781886721891
may2000,W15766,3.95,0.543483069899296,7.93,7.62815776370198,7.91283286747959,7.92938163489692,6.98131105716415,3.50541457294649,7.6412557383276
may2000,W15767,7.38,10.0534941469969,13.12,9.557505872323,9.9856656211386,10.3647829299865,9.87198888873965,3.74896089961408,10.6474359938093
may2000,W15769,9,8.4802115933267,7.98,7.95963035197612,7.61939864175402,7.47594317919588,8.14546840226136,3.74310839431729,7.9989441828572
may2000,W15770,11.05,9.67336099163519,6.58,8.86967273401523,8.48509566760974,8.11918457529177,8.84542070740081,3.67617215818384,8.89233429100375
may2000,W15771,11.35,6.52724896088183,6.8,8.37388374170928,7.84892456265359,7.40236692881187,8.42363108618704,3.65321700936993,8.53317640701812
may2000,W15772,6.46,8.07564514873778,11.35,9.66967024961536,9.9208098363066,10.2258713982638,9.54464322706511,3.68086443490832,10.455425922422
may2000,W15773,12.69,15.088266436479,6.46,8.55808753994389,8.52878241922919,8.47072125241195,8.19929630993528,3.7850273948141,8.73711803105777
may2000,W15774,5.35,11.9747838891013,6.29,9.16694684233921,9.07901902913698,8.97281587270359,9.01712955190355,3.72453477672476,9.15132807163652
may2000,W15775,8.43,6.04622546162167,17.07,10.1049981478195,12.1036870248192,14.315676431335,9.52009883167971,3.69364610714502,10.036545319031
may2000,W15776,6.29,11.9747838891013,5.35,9.62842354572874,9.66373421521238,9.61939724463691,9.63636290011536,3.7230084465306,9.73567426913458
may2000,W15777,3,7.46415833866976,10.97,9.15992780503854,9.81016716606499,10.3763311640269,9.38584194659106,3.81893034365516,9.8530463640884
may2000,W15778,2.62,14.4269866485558,9.14,8.17297387097898,8.65369850946325,9.06364810758194,8.48905159319963,3.87562414696409,8.92696116401328
may2000,W15780,10.2,6.51423477088786,6.63,7.88017244278725,7.43244482980857,7.00155699799293,7.79132865279198,3.75325544367133,7.71932596291519
may2000,W15781,6.63,6.51423477088786,10.2,7.87117547325398,8.51104497943419,9.11638562886546,8.13666937748991,3.70688551535548,8.3569283929137
may2000,W15782,8.59,20.7135830494508,7.3,6.82147751647071,7.01403733901084,7.18821034825223,7.25887818599258,3.95119002535971,7.4739204587689
may2000,W15784,3.86,3.29567383062464,7.6,9.2167763736372,8.21730946879407,7.75978659586048,9.18049633888545,3.62638018712418,8.5276027020508
may2000,W15785,5.67,13.1998989129003,7.6,7.1229447111021,7.25847761547807,7.36857782487696,7.40094862756175,3.7188950458537,7.27230149321066
may2000,W15786,21.33,8.24695054516201,30,15.4755073412492,17.5524833988736,19.6720945218847,15.9145116057245,3.6709060899435,16.3636139191289
may2000,W15787,11.62,6.06564925594484,11.88,12.0874461446481,12.0101589882931,11.9927905452435,11.8515123889539,3.65574646115656,11.86690019421
may2000,W15788,11.43,8.53359658395509,7.6,13.051283698352,12.2897560079102,11.5407016420431,12.5837661654601,3.66131457291562,11.7467048228398
may2000,W15789,11.15,14.5286849283003,17.17,11.6921145595269,12.083787127306,12.3090124612732,12.6399149480929,3.72609326987865,12.6798944150474
may2000,W15790,14.46,11.3567674822017,11.62,15.021540973389,16.299432362738,17.3102369847175,15.4952822102145,3.69842929377681,16.3934846580694
may2000,W15791,3.48,12.8660429192702,5.54,5.67959292363623,5.73631911285317,5.77265233691684,6.29610092811904,3.73696665293175,6.44773754490655
may2000,W15792,7.77,3.99209347199429,6.53,6.37693809772142,6.33938942038152,6.41904725798957,7.15115051704946,3.6302985662407,6.35488293063214
may2000,W15793,2.88,7.95029653111189,7.58,9.59023933153832,9.12105645667308,8.64944946376829,9.71774224429041,3.64816834035527,8.92118256185037
may2000,W15794,6.22,10.7503097101717,21,9.5729746869047,10.4157115787646,11.4513144614192,9.62015464514493,3.71397564742454,9.14603232793515
may2000,W15795,23.76,15.2283406820002,16.62,13.5471466450883,13.6113370168532,13.6401986737419,13.903241938758,3.76618624899113,13.1078348548105
may2000,W15796,2.97,3.86261898018869,3.19,8.3682149267167,7.70866894816912,6.72980559400237,8.43970984225618,3.54406988105002,7.60721840258967
may2000,W15797,2.35,0.386809654871211,13.37,12.7518731586473,13.3497989639812,13.3694960483606,10.3575658333155,3.53806062726141,11.303169991593
may2000,W15798,13.37,0.386809654871211,2.35,4.38307750320652,2.4353730519909,2.35293896809525,7.84651762818036,3.53907638044438,5.49182828865424
may2000,W15799,13.26,3.3146470973851,15.05,8.02768908104629,9.47174929326902,11.1306250548141,7.76217567855648,3.53581143301624,7.03445945980616
may2000,W15800,6.53,3.99209347199429,7.77,8.47905025853991,7.86350474604785,7.69071442450344,7.61274642911587,3.61245944942958,6.87434076286044
may2000,W15801,6.11,4.86976093700803,13.26,8.26490661851604,9.78600246517132,11.3178769789288,8.50048157511069,3.595886035459,7.96270792095713
may2000,W15802,5.36,7.84054498596731,7.58,9.44290172703361,9.48100279949577,9.57688012095526,10.4337681953553,3.64342558942225,9.06078526779772
may2000,W15803,13.22,11.481420806314,15.48,8.94354556228893,9.13673033010142,9.35904700229532,8.24483919877328,3.66839703497451,7.5320122935681
may2000,W15804,15.48,3.90955291723113,17.97,10.267620680197,13.4459840016401,16.0158064730166,9.79075818945932,3.59849713254435,10.2072457934317
may2000,W15805,6.09,11.6974598601908,4.08,8.68136894134717,8.71035326447213,8.7582378385757,8.06419332751624,3.71238903610707,7.16285358770618
may2000,W15806,3,5.85183748517199,15,11.9049157110578,13.1654241123735,14.1352627471915,11.9632056843738,3.63980714555595,12.891282770619
may2000,W15807,15,5.85183748517199,3,10.062681552559,9.65371382942588,9.18316099189934,9.90732260009638,3.607030277338,8.51667780584194
may2000,W15808,14.9,5.10914210079769,11.5,11.5477559056862,11.9930454720934,12.1301027263551,11.5429338285146,3.59524578959108,11.5302776720067
may2000,W15810,8.95,8.9653737805446,15,15.9230767250325,16.4381963941801,16.7676274657268,15.3174702465296,3.63841379300722,15.9627254469202
may2000,W15811,15.75,6.43689581169527,15,10.1466473070676,10.971081229495,11.8985175854102,10.4702695510176,3.62595082623282,10.1614931360568
may2000,W15812,15.95,9.4916012575082,15,10.1264859017369,10.2328241846666,10.3982878934075,10.1751142951343,3.6682570375274,9.20672830772667
may2000,W15813,6.75,11.4436041578329,15.95,13.1605145277633,13.8100892289963,14.3680877032549,12.9681195192277,3.70522153396837,13.4843853262456
may2000,W15814,30,8.25056617280124,18.5,13.7751806681338,14.3413871167742,14.8573488271282,13.4750993495402,3.60168121368201,14.7000893654156
may2000,W15816,16.4,4.37690558900851,19.35,16.2650892000112,17.4760559191627,18.4353066808418,15.5524045372675,3.58065772871811,16.2699145026657
may2000,W15818,6.55,14.5730103482946,4.06,5.45912138905267,5.12922042993446,4.73587531074114,5.3044632225163,3.99773260312183,5.28635002337629
may2000,W15819,10.86,9.57636322428607,3.8,4.20980395679547,3.74295775915426,3.43978303156891,4.30899502155523,3.74897881357606,4.13184765508053
may2000,W15820,5.09,3.73370799614327,4.86,5.54836155888097,5.42677246746513,5.2537635117092,5.81584442984415,3.6486012534727,6.08928438096402
may2000,W15821,8.7,7.88191931121676,3.7,5.07216489148157,4.97056792320002,4.84179576240476,5.38044884307372,3.66749676869302,5.66583609466964
may2000,W15822,2.58,6.49905088023014,2.2,3.11488085059628,3.00047152170675,2.87892330057584,3.25937810387617,3.66085034180349,3.30962860041845
may2000,W15823,3.08,11.3823319571611,3.42,3.11996888669581,3.11411551482649,3.11137332080933,3.23636192643478,3.71544801571107,3.4564940629601
may2000,W15824,4,10.3972842484913,3.73,3.80083658691271,3.65989968843207,3.54543622587135,3.58115807131264,3.69784650607974,3.83326187617715
may2000,W15825,4.07,1.62513631452513,4.79,4.16540036003983,4.68311122088386,4.77733063091549,3.95133367669017,3.61216084706872,4.38237794764815
may2000,W15826,3.42,9.92227715465685,4.07,3.72620881658747,3.71956707332241,3.73786699452534,3.49731554889135,3.68896122236766,3.75278427114028
may2000,W15827,3.97,13.9075591040521,2.19,4.11815642399696,3.98421302177177,3.8340897875137,4.0658366875904,3.79343131422173,4.28024864450413
may2000,W15828,6.29,8.77985698058447,7.02,8.11402693947062,7.87952704901931,7.69741183474406,7.7628385417152,3.70643828112184,8.37364283392608
may2000,W15829,7.32,7.91028256672131,7.04,6.84319283851288,7.02455286167472,7.16913819851218,7.46020846731477,3.72394433681018,7.77857644363174
may2000,W15830,5.34,17.0806520330076,7.04,8.3383395425108,8.30989381137147,8.27849561255847,8.2470565541173,3.81837667118088,9.24115522410197
may2000,W15831,8.35,15.3298019617764,6.02,7.58834315929815,7.47016340263012,7.33441822168019,7.93868717893968,3.82842950182861,8.50055838623511
may2000,W15832,11.68,18.9097426215306,5.23,8.21171753578899,8.03391373549193,7.79910910108177,7.89034630210994,3.93650038916063,9.02531769893928
may2000,W15833,4.89,10.2395507552455,10.17,7.75042397411252,7.70873476208886,7.7829671863327,7.74751468569239,3.7222856292335,8.04309332995059
may2000,W15834,1.24,13.7304758180668,6.33,8.50867713585666,8.52431860504674,8.42293234357799,8.45579989472598,3.82545300895973,9.13363944255807
may2000,W15835,8.25,4.38632614327031,3.5,5.97048503744654,5.77843544727258,5.59209402638718,6.06816219465561,3.53796939930257,5.94858584431449
may2000,W15836,7.75,8.3723481255138,9,7.38418562549118,7.4505582783195,7.49821597758342,7.46477872579385,3.64927990546428,7.13242337800987
may2000,W15837,9,8.3723481255138,7.75,6.10319247802433,6.15901015547473,6.32711995141371,6.35533074117523,3.66049910300789,6.16438310564902
may2000,W15838,3.66,6.38972537307908,3.9,5.62120040234632,5.56455185926056,5.33965116449355,5.97883215214331,3.60792140903932,5.76000129400952
may2000,W15839,9.26,7.16339996289536,4.7,5.73134437418639,5.6712598151243,5.52931872584687,5.80463611097271,3.62389029147871,6.00652792784137
may2000,W15840,7.1,7.98549511470953,6.25,6.65318316321968,6.68992621309186,6.66615963672557,6.53510087129146,3.64179926083052,7.15145872126617
may2000,W15841,6.25,7.98549511470953,7.1,6.62884372817746,6.75268440927543,6.89010348659691,6.85979115032624,3.66242985582533,7.20869559761296
may2000,W15842,6.13,5.86810448067915,5.55,6.46610397541253,6.30090266458224,6.11068866910083,6.25598980880613,3.59528709613728,6.47825579175721
may2000,W15847,9.4,16.0810638053913,7.58,6.14228504925222,6.03783931618231,5.9426641108532,6.67637861920268,3.82595289398533,6.69099106813677
may2000,W15848,6.19,11.8625230352581,7.58,7.83900578732581,7.85261805778828,7.87855410170324,7.66494396924741,3.74435792392025,8.37296015493832
may2000,W15849,7.58,11.8625230352581,6.19,7.36458887404835,7.42260407265513,7.4176501412228,7.32959634259364,3.7561364778242,7.95494298438633
may2000,W15850,11.4,10.0856389597708,7.74,7.57036844646627,7.56240960162615,7.56912925443915,8.20886142991373,3.77148553547388,8.41562583296868
may2000,W15851,6.5,4.00674195755496,15,10.0021487579165,11.6333040347435,13.008703930197,9.41748636749028,3.6254859600458,10.2546103921166
may2000,W15852,1.22,5.6399927289994,4.34,3.46996255248869,3.54034280124845,3.66569232474684,3.48058596972704,3.66010466020263,3.80436042970642
may2000,W15853,3.45,10.656012882086,4.02,3.95701226826731,3.94152360446688,3.92044329786977,3.94106031350079,3.81087921366366,4.2108478747726
may2000,W15854,3.12,13.4157959450589,1.22,3.22693897480678,3.08845525191399,2.89397951221502,3.4078090514927,3.82715073981786,3.46460257874564
may2000,W15855,2.94,9.64785620541706,3.52,3.80149928687843,3.86974717525141,3.87888903025107,3.94800509205029,3.7964069476477,4.31989086434411
may2000,W15856,3.52,9.64785620541706,2.94,3.669390716999,3.60686064635551,3.43092934477157,3.99503062494746,3.87754618943596,4.2638990202429
may2000,W15858,4.34,2.05953244351294,2.2,2.54366976172375,2.20406181870988,2.17211166670004,2.77883264950744,3.59204165842617,2.50189556548159
may2000,W15859,2.2,2.05953244351294,4.34,3.42631582503131,3.94952435444274,4.21862399841894,3.27267415869162,3.5903149263183,3.32416362377654
may2000,W15860,3.38,9.21205266291893,3.89,4.37079967623612,4.33339604022335,4.24528997697726,4.3340768451336,3.75979239573756,4.66239694054486
may2000,W15861,4.85,12.8107185578513,2.94,3.3282723113628,3.29838054578666,3.27448290504456,3.40741565733072,3.76899118004845,3.64664890806488
may2000,W15862,4,10.82867463069,3.9,5.03519676685504,4.78732038877834,4.56772949308897,5.17751568201906,3.73256937326032,4.85411949978015
may2000,W15863,1.4,7.73231060752471,3.5,5.8290781043513,4.99998498799501,4.25794075051586,8.10064240604193,3.78342477998562,6.38777527926483
may2000,W15864,3.22,11.766628944611,5.4,7.23101611351848,7.18472593613703,7.06139270286071,7.01825272198746,3.79370624139485,7.66184777868771
may2000,W15865,6.55,16.9171012346077,6.4,5.28957998170336,5.38009789091053,5.49368347106414,8.16095159746918,3.91315187267736,7.14226761763856
may2000,W15866,3.5,7.73231060752471,1.4,5.40897846412483,4.25857653585618,3.06762149585456,7.73786105508609,3.74425852834107,4.50398970303999
may2000,W15867,6.4,8.18007905646576,6.4,5.14006333102529,5.37308002432421,5.70555131213901,5.73481234145613,3.74759294009567,5.62867050455885
may2000,W15868,13.67,7.30768939545946,3.4,7.82799529583703,6.81442538977659,5.72726344246329,7.64449680951194,3.68662022726988,6.64942700772515
may2000,W15869,3,6.79068263011863,7.1,7.05954557461785,6.69496346949466,6.5412596612524,7.57890668569038,3.66094833414711,7.45769409400276
may2000,W15872,5.77,5.4701536436049,7.1,5.58745084132378,5.71648699384922,5.96616061697535,6.0154769087386,3.60620751365328,5.91304407787966
may2000,W15873,4.23,7.68513936471852,2.28,5.33874108493584,4.79335074358538,4.23408663959734,5.69816863265726,3.66635883869006,5.1555922340747
may2000,W15874,9.57,11.0773824261663,18.97,10.7594397752686,11.3516075188482,11.9638789432099,10.7043365498612,3.70140200394062,11.1532512446582
may2000,W15876,12.9,6.95861722211084,13.55,8.81677413777037,9.95734352023225,11.0690620393711,8.85355965007337,3.679421903177,9.25336109600163
may2000,W15877,18.97,8.21296243718706,9.9,9.24369844455063,9.37359240596731,9.53802769006122,9.27288940163657,3.71569999018261,9.39929799801853
may2000,W15878,8.12,9.59401389143019,12.9,9.99629270891299,10.5944611265807,11.1573138860098,10.199539943768,3.68649953598712,10.6993957422163
may2000,W15879,3.19,1.83093962575663,3.62,4.18101815644617,3.72951719811611,3.62806240708354,4.57617731988006,3.55854985613923,4.07351072813745
may2000,W15880,4.72,2.74359299392877,4.65,4.27831207191603,4.49707815148641,4.6104123580657,4.44921229442709,3.58896004012234,4.62164403452404
may2000,W15881,7.34,2.06534823456237,6.18,5.4234317052817,5.9181651124665,6.12141543760626,5.29250441902375,3.57625341591263,5.73073336670641
may2000,W15882,4.17,8.09788471533988,7.34,5.68295169373492,5.75279642603969,5.87797820585952,5.41994455647735,3.62977555905924,5.87094732323478
may2000,W15883,8.36,9.96315748708032,5.19,4.85881403192791,4.82230298986736,4.83617775034811,4.97389339929879,3.74660927219798,5.15270676726778
may2000,W15884,5.47,11.0166605190607,6.18,5.41951597241865,5.56361645285197,5.67923498020334,5.72840956195382,3.71466702757794,6.01449007384707
may2000,W15885,5.59,5.23831341566115,6.89,5.37721377815492,5.91564752561288,6.38097520141551,5.47191022758392,3.64239675695334,5.51748293679753
may2000,W15886,9.34,8.74262981675018,6.28,7.38938714450652,7.00662780390751,6.67857480960941,7.43527059858952,3.73284018553186,6.9933675955839
may2000,W15887,14.65,12.5774204656515,5.25,7.26581989058254,7.16993666002275,7.0439250889534,7.53397562874262,3.76817941353728,7.97009481092959
may2000,W15888,7.03,9.64222760090091,5.25,8.61913949027925,8.3520296316913,7.89287110135189,8.57955530057064,3.79139352201404,8.45242441700564
may2000,W15890,6.79,13.5594368615861,2.69,8.50926256337465,8.38864198691901,8.12488413082601,8.92280698314183,3.78358237372146,8.49602900072343
may2000,W15891,12.9,6.28860731116183,13.94,10.8271751023248,11.266367908924,11.676434375943,10.9101674522201,3.63180008864952,11.4864169607742
may2000,W15892,3.97,13.4374703737158,6.08,9.54509874715126,9.57222073545784,9.56300615089765,9.29091022497953,3.77923900274027,9.44432943874969
may2000,W15893,6.08,9.97966645385556,13.94,11.5160739873429,11.5417696602569,11.6353855481022,10.6502108203255,3.69964400837701,10.5290552870909
may2000,W15894,11.27,8.37391597963751,9.87,10.6552298816266,11.478929827384,12.0978547567596,10.2148084521265,3.69806548924216,10.9568054675245
may2000,W15895,7.67,7.7799193463657,12.9,12.2083496949447,12.2990422469901,12.3688886995612,11.7331722325557,3.65749352210187,12.4830881745482
may2000,W15896,12.97,6.28703654819103,7.21,7.72737683964215,7.71818119077672,7.68487333489872,7.79218806795571,3.63685810419795,8.38612996122959
may2000,W15897,9.57,2.12464491652488,5.93,7.3942858240364,6.51833936020016,6.08152967210562,8.01562318721763,3.60064002600478,8.01441011089256
may2000,W15899,3.33,11.2986341510636,3.48,5.38803364113035,4.99080196935059,4.66098470966546,5.41242979748615,3.71411279472853,5.26631726866632
may2000,W15900,3.48,7.18708847276986,3.23,4.70097604640087,4.08255975422361,3.64440386007055,4.7473654109201,3.73960953532719,4.70549654386573
may2000,W15901,3.23,7.18708847276986,3.48,4.77250434022078,4.0064757191476,3.59265940548887,4.45840612592712,3.7702044214793,4.47031846766258
may2000,W15904,4.51,7.57170344681797,5.85,6.95631152725326,6.60924287040534,6.27110828726332,6.83086316830229,3.65912211906814,6.46762824406811
may2000,W15905,5.77,9.53653788789629,4.51,7.27805945929667,6.53869550138587,5.8918562044315,6.91266788779674,3.71645892423212,6.29460432701965
may2000,W15906,13.03,0.333023375195044,13.5,12.0929559965632,13.4392711826288,13.4973919726791,8.24014490830224,3.55852323410598,8.49791249267119
may2000,W15907,13.5,0.333023375195044,13.03,11.7246411195355,12.974048242752,13.0276491128009,8.14960576478991,3.55816635052066,8.45428555792192
may2000,W15908,3.8,5.79982597677883,13.03,10.6539183961057,11.6532899251529,12.5091622460475,10.2723995939687,3.67317763412978,10.7810870573942
may2000,W15910,8.38,10.726044622258,12.58,9.01990536605438,9.37327138742484,10.0382079135992,9.17867713829093,3.83801753516356,9.64398419585377
may2000,W15911,3.43,11.9374833041912,2.48,3.81827597526731,3.43394098997678,3.07707772062443,4.15869973043366,3.98604662269903,4.36525911273107
may2000,W15912,2.48,11.9374833041912,3.43,4.29676491356415,3.96417547765304,3.72326857798154,4.52508018234032,3.88125324827499,4.68304852063726
may2000,W15913,8.9,4.60258667160648,6.03,7.10707363197248,6.64217805387928,6.28604285186559,7.29296884132008,3.57740369257761,7.36359132183046
may2000,W15914,6.1,6.34460378689986,10.15,7.33966627063041,7.195780205628,7.3516230993003,7.50938420078605,3.60369901576379,6.79396363483417
may2000,W15915,3.15,5.02779198707438,7.23,8.12645014097509,7.75158896797065,7.37858330056166,8.24613015153804,3.59756675687914,8.23619592646398
may2000,W15916,6.08,6.02178097079694,3.15,7.49427022470805,6.67764506509999,5.68331494483679,7.6501402440899,3.61512264391833,6.66617862673563
may2000,W15917,6.04,4.75833960711361,10.15,8.33335721628358,8.56032904922482,9.13850525874706,8.27296910104168,3.61443831366076,7.73345326081665
may2000,W15918,10.95,6.79038964119132,5.34,8.56182895796647,8.29445207552165,7.93409467298802,8.17518311733664,3.59434713906539,8.27594594085115
may2000,W15919,5.34,5.26048531907925,11.3,8.81128347351435,9.12770177890903,9.59609199783728,8.44636902861483,3.56208258150228,8.70125846943612
may2000,W15920,6.9,9.67123584903488,5.07,7.40268560314221,7.07502055209423,6.78220450113351,7.98321059588096,3.63202659334454,7.7527521110818
may2000,W15921,11.3,4.27102753723843,5.52,7.9565636986716,7.19202782759441,6.48203542299852,8.10690285859666,3.53900719644481,7.93251548006503
may2000,W15922,5.52,4.27102753723843,11.3,9.55121388695459,10.1979453515696,10.7538731811321,9.45583036816322,3.55671334150315,10.5933430244319
may2000,W15923,13.86,5.18709303658604,10.8,8.76567533196361,9.01498466757569,9.35786168198984,8.64153726047525,3.57397909671138,9.14612263315375
may2000,W15924,4.95,9.88260351402045,5.9,7.96249139238572,8.11800844736159,8.22367630359373,7.96622405930729,3.62858359996365,8.56659420716279
may2000,W15925,5.9,4.99319572106138,8.57,6.78506328078447,7.19290556048073,7.70234704805996,7.06476521789973,3.60461326888774,7.19494008990377
may2000,W15926,5.57,6.07177043756803,9.45,7.66630642469038,7.66095282334262,7.7230822458457,7.61093028175957,3.57911978093455,7.5320760128154
may2000,W15927,9.45,5.67591152353717,5.79,7.45308362501662,7.01075203747196,6.62624382840053,7.62897848588566,3.56005595197196,7.49423445383739
may2000,W15928,9.73,6.92456805433013,6.07,7.24605818318969,7.31692552614894,7.26922040390504,7.37745153014998,3.6036608030891,7.83091547219632
may2000,W15929,8.12,9.3610269403426,5.2,8.79134074744523,8.81276838457082,8.82951408432727,8.3037513559692,3.61355239718423,8.59918698185542
may2000,W15930,9.2,3.66128161481208,8.3,6.86496682297111,6.58785315813906,6.45002823299411,6.55519436622476,3.46578454873524,6.62292196891032
may2000,W15931,5.7,4.12380281076469,7.4,6.35684268846598,6.46733554947548,6.69191266654276,6.20560953065589,3.50964013111894,6.50306489743565
may2000,W15932,3.33,6.47931250459885,7.4,5.13038696385236,5.20208540778707,5.34970177994607,5.39089836320258,3.56060959965461,5.14198471566667
may2000,W15933,6.35,2.92670044982427,4.85,4.93154009432612,5.02765970632504,5.115218699058,5.0180551484304,3.50519619776702,4.90410329299417
may2000,W15934,3.72,5.39175568493136,4.85,6.10662877468186,5.75399031157412,5.51490937911083,5.77573180810725,3.51493351552244,5.73922979114597
may2000,W15935,4.05,5.76190064886764,4.85,6.48681008337493,6.57820097846807,6.6497348259301,6.38495431837994,3.53330332374729,6.5879981693936
may2000,W15936,4.85,2.92670044982427,6.35,5.49220204116904,5.6206689687676,5.84020116457391,5.5010103727656,3.50035640463255,5.45356549956658
may2000,W15937,6.22,6.45871456079113,5.7,6.18422564935431,6.08410887569001,5.94359836852139,6.54751722404032,3.55063781622597,6.78598811202983
may2000,W15938,6.2,7.13569125954528,7.57,8.61324957283381,8.44916529853507,8.23246100389004,8.15110952374442,3.63697232587663,8.67317339384364
may2000,W15940,13.5,9.18481387253024,5.5,7.6262287823596,7.42900662086569,7.26861063449581,7.54973560160483,3.62605431059395,7.59972928317465
may2000,W15941,10.2,6.54890036606638,5.96,5.63596443579144,5.5775629491621,5.5387406421496,5.64216264672611,3.52391564256257,5.61395475410252
may2000,W15942,4.25,2.33746207055967,4.13,5.15619638059473,4.81482691286203,4.45217337710722,5.22498614082965,3.48495756642106,5.18521958133155
may2000,W15943,5.96,3.64406967188012,2.15,4.68950299366731,4.29288318475703,3.68664733959355,5.03557657396205,3.5096281173265,4.50992928894728
may2000,W15944,5.3,1.54885265713494,9.35,8.01404950677714,8.99512706374452,9.29814908903101,7.371100344935,3.50279835175765,7.96370911759427
may2000,W15945,8.2,4.22712858475383,8.3,7.46842185364592,7.75853128356672,7.95825950410105,7.27322348804548,3.48214860017445,7.7550105033103
may2000,W15946,11.2,0.906710148269633,10.2,8.42546905134199,9.8755762853698,10.1606507390842,7.45046777947688,3.48841805612285,8.40675719292401
may2000,W15947,10.2,0.906710148269633,11.2,8.88672395448149,10.7853415093341,11.1510432161894,7.60188760689276,3.49234922508751,8.60317950245167
may2000,W15948,9.35,1.54885265713494,5.3,6.41000854465506,6.18806068224935,5.74343328016427,6.73979532575702,3.50040939921517,6.96320969343318
may2000,W15949,6.97,5.84638671656222,8.57,7.03040281518588,7.27781753807372,7.65709032073427,7.0035160903234,3.62862752455157,7.37848028168071
may2000,W15950,7.6,7.67429732801247,9.35,6.83653675751504,7.07546579859713,7.319203775372,6.81869756115094,3.6195267212425,6.70232427461556
may2000,W15951,7.98,7.16092274420377,12.82,9.39647003534546,10.3493287788331,11.1982163071978,9.56976153718149,3.61997619940253,10.5793061432703
may2000,W15952,10.05,5.49696779425843,6.52,7.06126242688537,6.86482173379533,6.67088887750687,6.95045634542492,3.60025783807625,7.06507252276203
may2000,W15954,5.13,6.40436245070171,3.45,4.65682033764481,4.51666758647102,4.37418358320683,5.06057604518197,3.56264124074168,4.94820159132875
may2000,W15956,4.05,4.25772348550429,4.95,4.41956455921957,4.5377240062548,4.66024408150629,4.84361511141989,3.50186744063049,4.82637389031575
may2000,W15957,4.36,1.74837668536735,4.95,4.769460304665,4.84597717452786,4.91457308712073,4.85785744626311,3.49694595959582,4.96243465585396
may2000,W15958,4.45,7.78140978376626,5.15,4.89150874965309,4.91863645404912,4.93365186412121,5.15066904479281,3.55849274893627,5.10039817056603
may2000,W15959,4.95,1.74837668536735,4.36,4.53625860804337,4.39516834818947,4.35706840085721,4.72385303135839,3.48634019735034,4.70787465854794
may2000,W15960,8.2,10.2976967642619,12.04,8.62378851593459,8.60544389225832,8.73122012354271,8.2081422223293,3.67628352960443,7.87077501982654
may2000,W15963,4.97,6.59770603774043,4.95,5.42115403441181,5.2943856420354,5.15838076993397,5.64206081178496,3.70141819093156,5.99318131386413
may2000,W15964,4.95,6.59770603774043,4.97,5.24375279246228,5.32740649294015,5.30436370664432,5.40727599742482,3.66468637900818,5.94323698595639
may2000,W15965,4.36,11.6697579410933,5.48,5.51658417073559,5.43833606180674,5.35762084227438,5.79147262342066,3.70456781529219,6.00808393364413
may2000,W15966,5.48,10.1800647873292,7.32,5.34448666677911,5.37684672281124,5.47289803586183,5.37852658493365,3.67546328786,5.77460011309704
may2000,W15967,4.91,6.20624039005844,4.56,6.16511369337658,5.61696003271236,5.09459473892745,6.48058867938048,3.70335337030426,6.45282147754464
may2000,W15968,4.56,6.20624039005844,4.91,5.97279504930326,5.70366469185091,5.39294754550751,6.39041302656916,3.70571356267063,6.50418260364042
may2000,W15969,9.3,12.5677865468503,4.56,6.10392985764273,5.79475346497298,5.46642520458736,6.53071841026282,3.86990981104994,6.76181753069108
may2000,W15970,3.91,4.82344572996912,5.78,5.41039136782486,5.52627250513339,5.67515153646165,5.34754962899572,3.74969263920888,5.65630086716258
may2000,W15971,3.65,5.08285461062021,10.57,10.3724472629148,9.79485552251539,9.92243618564333,10.1726031707896,3.73211574043268,9.10377619757901
may2000,W15972,9.34,6.45026035635785,4.98,9.03313855747585,7.42783558204806,6.41338199285791,7.79505206566564,3.73629875366195,7.54755031263359
may2000,W15973,5.88,12.0945691453866,3.65,13.1150245562357,13.223314430687,13.4133621350953,13.0426616559517,3.77141345070055,10.4257933711158
may2000,W15974,10.57,5.08285461062021,3.65,8.31778038764337,5.71609905057048,4.37632616414052,8.16649496956545,3.79253372784039,6.27974061482005
may2000,W15976,6.86,12.1143362771288,10.5,7.45273999754149,7.94437946256508,8.51962384246032,7.76768447160556,3.84486816063559,8.14664767087666
may2000,W15977,4.41,20.7454160818091,6.86,6.71448154664991,6.60550420953111,6.51586810276297,6.8146793639433,3.95653672154738,7.28370771473094
may2000,W15978,35.92,3.80860227883538,5.84,12.4262863011165,9.51529551448311,7.2478332821794,10.945018405195,3.62570656977861,8.98536531062634
may2000,W15979,4.48,11.431686422795,8.46,5.54361951855231,5.85095901122073,6.12959889385914,5.61817432721568,3.75989959005873,6.17722548698388
may2000,W15980,3.98,5.64436133104898,8.46,5.55744195242376,6.60458375586653,7.54536202445124,5.54652696973003,3.69867846192588,6.09235645426849
may2000,W15981,5.34,16.3186846693573,3.89,4.68779633026242,4.64609835793919,4.59617471354819,4.61459695692501,3.80795119908072,4.97732212161386
may2000,W15982,6.5,11.0655962788442,5.22,4.69353772888253,4.60758024032476,4.53423057079639,4.60499109918061,3.76905582102758,4.98611309882525
may2000,W15983,11.69,7.12939727432219,6.2,7.70721226344552,7.79068809908787,7.66179041998886,8.3932304394117,3.64268324981137,8.63658340395958
may2000,W15984,6.2,7.12939727432219,11.69,11.0435601298597,11.2515917539052,11.4862443755956,10.3229226362912,3.65439314869029,11.5061586443556
may2000,W15985,9.01,8.6153642364596,11.69,7.37760756690057,7.88679422988617,8.56674659480783,7.62783968834247,3.67214295063943,7.96235631958752
may2000,W15986,10.02,5.07728510454393,7.42,5.81525506864502,6.52896692959111,7.03840457109862,5.67543775799815,3.70550579694738,6.27607109829644
may2000,W15987,2.67,7.53288401719489,5.47,6.84869938631395,6.86157514470199,6.79231316179384,6.69392526041792,3.68393488569979,7.17460210427656
may2000,W15988,6.76,13.3399940397155,7.47,5.90168631433231,5.98775311864325,6.1574541267678,5.8836057234677,3.85161520116969,6.17194881401461
may2000,W15989,8.48,15.0462770691476,5.58,5.79610667945569,6.00809287178503,6.1404490175222,5.85171268365057,3.88593435444667,6.36510665577643
may2000,W15990,5.47,1.61208826255807,8.12,7.06181660551282,7.8283323164186,8.06010308041365,6.48193078802625,3.61200687050618,6.6991371841977
may2000,W15991,3.82,14.3179708322551,7.47,6.63727572434,6.54177420074291,6.50563494351625,6.44731524814393,3.90450870262903,6.8258248681579
may2000,W15992,3.8,1.21693926191145,4,4.59837506203304,4.06578273046546,4.00509909842456,4.92243582900429,3.63740070169395,4.93942414102279
may2000,W15993,6.15,1.6552462158678,4.55,5.55134826670306,4.76547449563393,4.58402655727151,5.46553653809491,3.55729636381276,5.55633467660103
may2000,W15994,6.1,12.701489028321,2.72,4.69128147475954,4.68385958598894,4.65216788499,4.77301775137128,3.710095304566,4.80441003768841
may2000,W15995,10.19,3.95836484168168,9.68,7.31453192028022,8.22401586900897,8.94288611876092,7.0828364373809,3.5924854244821,7.74479635679905
may2000,W15996,4.55,1.6552462158678,6.15,6.10444358432526,6.06431296982698,6.11636933521621,5.79207178283655,3.55543910550861,6.17026449866964
may2000,W15997,5.35,5.93387307922483,6.03,6.80471861888725,6.74192879341228,6.69732868862748,6.54975196339036,3.5950161101441,6.82236710688809
may2000,W15998,3.27,4.06240074179322,3.61,5.77086103030982,4.88929949848293,4.2790394016369,5.74399491736815,3.64325337714122,5.33224688653795
may2000,W15999,3.61,4.06240074179322,3.27,5.69432571385023,4.53332634719376,3.73785843716693,6.01990953964808,3.71578589777407,5.33345282974448
may2000,W16000,3.84,12.0874346849969,5.24,4.88918443009893,4.77964350596655,4.71823142722522,5.1511315681426,3.82948849649884,5.00596711697034
may2000,W16001,5.24,12.0874346849969,3.84,4.81231264118285,4.75451473653682,4.62438371881555,5.24604744211875,3.89564347136953,5.17129747328187
may2000,W16002,4.26,8.05344326290112,4.26,4.28451309931404,4.3481368628857,4.38413286131759,4.42973569036429,3.70839038371526,4.81029662638144
may2000,W16003,6.33,12.7528772499089,5,4.34399668191101,4.34130433024503,4.36784932681401,4.25098821086307,3.75748913913965,4.67333390039784
may2000,W16004,4.61,7.58068310752488,3.76,5.21864871883577,4.8821526518039,4.5981137569928,5.23549232380183,3.6635115178879,5.34389890619989
may2000,W16005,4.91,5.87957193249576,5.35,4.84273438776999,4.90304639960695,5.02553147297543,4.88519960886868,3.60177386147936,5.10309729478807
may2000,W16006,9.07,11.8697385262104,6.03,5.56905779251435,5.46301104252514,5.38410827391699,5.67540313891384,3.73573846243178,5.84034414658742
may2000,W16007,7.32,8.64158216570736,2.84,4.95674210487704,4.48088545774683,4.00029243804579,4.43178013459264,3.73512396270718,4.45059362892154
may2000,W16009,6.23,5.96339394781614,2.69,4.08972019425379,3.75569495211862,3.3486467359958,4.0841139090588,3.66713105261235,4.13113440781803
may2000,W16010,2.69,5.96339394781614,6.23,4.61160854396769,4.84363300879003,5.07498102059833,4.28244036421093,3.66927062120122,4.62915931589962
may2000,W16011,4.26,12.1046613722474,5.09,5.75889075219697,5.73046420606621,5.69064560119893,5.89185691721512,3.70535985348787,6.21867455400731
may2000,W16012,5.03,9.66854461292139,8.34,6.89035216670452,7.34893724253444,7.6647039647347,7.00638179245684,3.69761081020563,7.78796485644267
may2000,W16013,7.16,4.99584009718383,10.12,6.48477338155773,7.86424719326587,9.0244729987285,6.52416524136135,3.66025750039226,7.34924584098837
may2000,W16014,3,7.46718819093077,2.69,4.10897832952708,3.81180043339095,3.44127407718331,3.67409594536427,3.73151504437617,3.76982290731994
may2000,W16015,8.32,11.0525533325012,3.19,5.62037570410429,5.35622707058024,5.05347095082207,6.17399638003838,3.76721093891857,6.13842044885277
may2000,W16016,7.79,17.4368503670605,9.38,8.54829145115462,8.54988313267655,8.52419592766485,8.3560534443739,3.9545511888885,9.04768710478049
may2000,W16017,6.15,10.8255520290867,7.21,7.97521022202881,8.01733912779161,8.09962940058069,8.15022822250486,3.70433790761105,8.26173171060291
may2000,W16018,5.8,8.51807768028388,13.4,10.328477496654,10.9164947241596,11.2882850072356,10.4281213855261,3.65886796199968,10.7951405436653
may2000,W16019,19.6,6.12210471448937,13.5,9.72055712333242,10.5326493152709,11.4036474495407,9.47439897562686,3.69355778055905,10.2217986278519
may2000,W16020,7.87,9.37970862630712,5.83,8.02896755658317,7.38903110547595,6.7713943340307,8.34367177395547,3.84334830364478,8.23900040093423
may2000,W16021,5.83,9.37970862630712,7.87,8.45050157773345,8.21591191149952,8.01656357709286,8.44179374613336,3.72799588265144,8.87143961557223
may2000,W16022,5.2,6.65426678960584,4.35,5.95731786735939,5.36487943193091,4.88210418785454,5.99933117499552,3.5883717708977,5.55622529084846
may2000,W16023,6.25,5.73131510999655,6.5,6.06682613141097,5.9760570733247,5.96728670122569,6.22615342899908,3.54138240238724,6.27251570578468
may2000,W16024,4.75,4.22765000271991,5.07,8.04577243544595,7.63196618049035,7.08611332409635,7.98255689783073,3.52896619033517,8.14490080385149
may2000,W16025,11.7,5.56294198080718,10.75,7.68050227762555,8.18343811601681,8.63710397341193,7.56429030928527,3.55268853086799,8.22862189174089
may2000,W16029,5.1,7.15800317553164,5.2,6.50328404322877,6.27017954194335,6.04185094944075,6.67030711208246,3.57681334244486,6.73183168318175
may2000,W16030,10.87,4.90109258348748,9.9,8.46691036599604,9.31284717982293,10.0251332724141,7.82830206092243,3.54756343249961,9.0267069073281
may2000,W16031,9.9,4.90109258348748,10.87,7.07642719109988,7.49673571319245,7.77587313421936,7.12819157266221,3.5310543769817,7.56693512125551
may2000,W16032,2.95,6.90484253024533,5.05,7.3438988353587,7.00559115977643,6.66659325813825,6.89413425124454,3.61282180716207,6.79688073433171
may2000,W16033,10.95,9.43342578979621,5.7,6.92665963648564,6.92592318158941,6.91693780699686,6.92770800951507,3.60744207063778,7.12062912203254
may2000,W16034,5.4,8.88757178302378,6.5,6.27034362611728,6.49400827356056,6.68510898117002,6.69942157652691,3.5924465311031,6.81227981427985
may2000,W16035,5.15,7.90143421331637,5.91,7.13363195252804,6.76986981821187,6.42523630174803,6.73769740320028,3.60701623294065,6.92249843287138
may2000,W16036,6.7,5.8322837830376,10.53,8.79918062061152,8.99355802609384,9.30574802243619,8.2002047914566,3.60284664924186,8.97162529314975
may2000,W16037,5.07,4.22765000271991,4.75,7.2838415306574,6.62373534891554,5.89654149049656,7.71465119245159,3.55656570414994,7.35155082581689
may2000,W16038,6.87,3.58123693253909,7.13,7.58284981374593,7.36986422844984,7.21208618976215,7.55216727322612,3.52425483977443,7.61121403579476
may2000,W16039,6.17,5.55143529913485,5.17,7.66349028437422,7.08485908750367,6.63789684965303,7.76406091575927,3.54518949400494,7.45999092732353
may2000,W16040,5.47,7.89286056189921,13.58,7.55464000869616,7.86372058899592,8.19355372335791,7.28883329800811,3.58722153899045,7.61176653252399
may2000,W16041,5.07,4.54926955219626,3.75,6.31443790869621,5.75541689816315,5.1235079249996,6.22047549523844,3.55402451795361,6.02279489232989
may2000,W16042,3.75,4.54926955219626,5.07,7.45654187568983,6.92231105388713,6.48454130864827,6.89231824980166,3.55332553824871,7.21556247977473
may2000,W16043,8.63,6.30686599656996,3.75,7.30613462145691,7.22059165620166,6.96176584383695,7.11023220898723,3.56272345880008,7.42114346822669
may2000,W16044,13.58,7.89286056189921,5.47,6.62302993512188,6.36902368930776,6.07212203595318,6.34867599576541,3.60705087557441,6.35125521077203
may2000,W16045,4.95,6.97585604533936,3.7,6.12435590263642,5.77666110178788,5.26338526997302,6.64268245377521,3.65336653706256,6.25797375951143
may2000,W16046,5.22,7.23211981007484,6.08,5.0396548623119,4.77806461307034,4.56780680276437,5.12197059765504,3.57756721827351,4.49009820832442
may2000,W16047,2.75,3.40935992180378,1.85,4.46783944788583,3.34499554067037,2.49425785141493,4.74214696532951,3.55369434120506,3.83361393883466
may2000,W16048,5.55,5.86810448067915,6.13,6.6939628376568,6.8290642244909,6.83568339328271,6.89449164914687,3.59417015838733,7.06143421414177
may2000,W16049,1.71,10.2913518494774,7.08,6.73593912242687,6.63553970098738,6.57800552938913,6.580478781027,3.62988591169927,6.93543692216933
may2000,W16050,6.11,4.95546626108229,5.05,5.9630088383621,6.06521331491137,6.14067322625688,5.96341529688942,3.57039945027717,6.14538857686019
may2000,W16051,4.88,7.09934352318596,6.22,6.64940254234267,6.77378349628517,6.8532730190741,6.7742400421242,3.58304958611227,7.34717580757774
may2000,W16052,6.88,1.74249465873745,5.15,4.96117673772953,5.02035620742702,5.09157071618087,5.25755765242235,3.48296347279682,5.06177241940551
may2000,W16053,4,7.40906618852263,5.15,5.08916569429316,5.12429186430546,5.15628828257819,5.41489428427235,3.60195372239202,5.2867922060598
may2000,W16054,2.7,4.56421457747253,6.08,5.04469610263125,5.33729063941588,5.65065917427116,5.23432471800739,3.57475917854552,5.48652575654391
may2000,W16055,6.78,3.67726571013287,6.27,5.36502857826536,5.75197259448235,6.05054687526839,5.69255672466088,3.57577068671133,5.93037859449534
may2000,W16056,5.05,4.95546626108229,6.11,5.47523372715452,5.27994438067437,5.16557377881059,5.64173234102813,3.56959787741004,5.14666158496527
may2000,W16057,2.4,5.86586117090452,5.15,4.4967345115128,4.35646790550879,4.31105647327188,5.11044846364971,3.58532208836485,4.67511845649132
may2000,W16058,4.32,1.38698279127663,5.2,5.58838709215295,5.3563344634134,5.2648552588037,6.07695219547047,3.49732336356905,5.64018687557036
may2000,W16059,8.05,9.12160731887239,3.7,7.03005759517868,6.37484518412929,5.90506393571666,6.96880415594785,3.6203437130194,6.39678222875476
may2000,W16061,3.1,3.92662955353124,3.19,8.50552303970458,7.62201331258155,6.55144499990833,8.19744218204404,3.52859465920443,7.27359933299084
may2000,W16062,6.64,5.18430631328376,3.1,5.97235411681437,6.28075852355622,6.23067479986486,7.0156974074609,3.60577782857432,6.19876831083501
may2000,W16063,8.1,6.48205835700229,15.43,9.23565226340641,10.3524468228806,11.663853017717,8.99400839360483,3.61088938988548,8.98432971198176
may2000,W16064,3.19,3.86261898018869,2.97,8.23310656243516,7.30304344458399,6.47308658768382,8.15817059881586,3.50864210792727,6.7158533558492
may2000,W16065,13.93,6.50810485681993,3.1,6.51328140327081,5.89803378584479,5.28766872362296,6.72660442857543,3.57427009265066,5.62326908712417
may2000,W16066,5.2,6.95367916739288,13.93,6.57183521299342,6.94477578332309,7.45820898878044,6.7069170375395,3.57020670996971,5.88295189263846
may2000,W16067,2.1,6.32657359506444,5.05,6.08749488800226,6.18971271564454,6.19763984249408,6.36194035603071,3.59031383270967,6.39497416034985
may2000,W16068,9.03,2.55540903918482,7.46,6.41223128634999,6.89073275542886,7.25251151498753,6.56010351070652,3.56214960854489,6.18604319131999
may2000,W16069,2.26,5.27153904885918,6.27,9.0940995308937,8.44242546668009,8.00929518955052,8.66317976644096,3.55697406907938,8.55204412123508
may2000,W16070,7.48,8.39959620789006,8.4,9.60252012652901,10.0776553213339,10.3127782277859,9.7527383569828,3.66486642727708,10.7099710605647
may2000,W16072,8.11,3.62142848537786,6.28,7.22767395316727,6.88123675498751,6.59868942147665,7.33104499440085,3.58963895346952,7.34624636256931
may2000,W16073,4.21,9.24882622981088,12.1,7.47343984880971,7.61617242746017,7.89351118114172,7.48133804249599,3.6772356885234,7.36085967228237
may2000,W16074,12.1,9.24882622981088,4.21,7.45192298513206,7.08549328306601,6.67009817641683,7.5055497441179,3.67235256670461,7.4151919595574
may2000,W16075,7.59,6.32813119946043,3.76,7.68788436466297,6.98808674039494,6.55187254117818,7.52941047714857,3.59556970464753,6.85975585043522
may2000,W16076,4.56,9.41739670186297,11.52,8.81504608532097,9.51112891917054,10.0786919233094,9.00971316187887,3.63576877065219,10.0774115263879
may2000,W16077,15.25,9.5223294211529,13.42,9.93017075090082,10.2615730333061,10.7716302536611,9.81607926363942,3.71754786501926,10.5183368702337
