vintage,WLCODE,truth,nn_km,nn,idw1,idw2,idw3,ok,ok_se,ok_log
may1996,W00665,7.21,6.22409898630137,15,9.6653930643158,10.8453740371005,12.1768303342136,10.2177551424301,3.21347874209679,9.9592584239764
may1996,W14593,6.55,10.8651328971416,6.92,8.83268364845048,9.20040239809364,9.45504815737056,10.0575396282408,3.30488909082835,10.0719083762391
may1996,W14594,15.3,14.0941648273724,12.25,13.3843398475632,14.2928065365908,15.0118135408537,16.0099605036485,3.50526738147608,15.4764035117607
may1996,W14597,14.58,14.6381949159448,11.5,14.1766079916459,14.1478488988127,14.114564319072,15.4849124875598,3.65880824654698,14.8446320842596
may1996,W14600,23.5,8.95128063021195,22.5,16.2287569526152,18.2358517460241,20.0070517938057,19.5143574952065,3.49958479871472,18.5455311142593
may1996,W14601,10.33,9.97582761475971,6.92,6.50015423126905,6.40676182327907,6.36088893662166,6.24657672299711,3.26125766667915,6.82604766293967
may1996,W14602,9.7,6.86438420237454,8.5,5.56917479751932,6.27301306324284,7.11852110804616,6.84431784184417,3.32483648514158,6.95988405071857
may1996,W14605,26.3,11.7566155883952,29.7,24.4550292198361,25.3951077794361,26.0671614711301,25.1467630672228,3.56771032718498,22.787884521779
may1996,W14606,19,13.9985299632425,9.14,11.7773635575814,11.7620209700689,11.7075243357593,12.959573757461,3.53899114633688,12.9051789318847
may1996,W14607,12.25,11.7026217554844,11.35,10.1521471659518,9.63259240203233,9.23756406825989,9.72953885222762,3.35544455429253,9.68824204849454
may1996,W14608,3.7,10.0448640778271,6.75,8.39162035108947,8.37680566063241,8.29317924061974,9.00235317553335,3.31431528219297,9.50137228476306
may1996,W14610,22.5,8.95128063021195,23.5,16.6405751502882,19.0395664636424,21.2007056067371,19.9393172549288,3.55480753376981,18.8339612679326
may1996,W14611,3.61,3.71637701884525,4.01,6.90462860224247,5.64395078310776,4.70263309205018,6.58890703528052,2.9682998634211,6.5328497399419
may1996,W14612,6.55,8.0131208936328,3.61,6.88230674445839,6.10001212406028,5.3740471748617,6.03043523292201,3.22312524256838,6.27208734361897
may1996,W14613,14.2,13.8126671397839,4.49,6.65249165811651,6.8084041175444,6.91927712903008,7.12717157739347,3.41219057605273,6.7559081082206
may1996,W14615,2.73,1.49286865956498,3.75,6.17979883667254,4.18668948180696,3.80935059649022,5.97549556514551,2.82760679414748,6.08998457702241
may1996,W14616,14.75,6.48419166378409,13.07,7.21333396857841,8.52155432540212,10.0515294973734,8.59938198045579,3.1842878516152,7.62210413451829
may1996,W14617,13.07,6.48419166378409,14.75,7.96964193575427,10.234067330389,12.4817465318224,10.2366089042168,3.30149119216219,9.0355051591635
may1996,W14618,4.91,9.77717762853024,9.48,10.6882425653672,10.42034207648,10.2249109165394,10.053803714393,3.24681033767686,10.5620512630763
may1996,W14619,9.62,10.0682851584678,8.89,10.2282980937909,9.74875117386332,9.37003030621607,9.677293930734,3.26499154341049,10.1899274280051
may1996,W14620,4.5,9.33634900530695,4.49,8.14716664440084,7.33415603728236,6.65493824791216,7.78623765798616,3.3095403977961,7.89496144027842
may1996,W14622,13.85,5.26890371625348,11.82,8.53481754172445,9.67520083314978,10.6598383532582,9.10877374840259,3.11643955992052,9.11178792055337
may1996,W14623,11.82,5.26890371625348,13.85,8.95119892763572,11.0502658355757,12.6757728076818,10.9497147113379,3.19148241654319,10.3806061896642
may1996,W14624,9.86,12.485197059748,14.13,9.71184552354665,10.3776756988214,11.2066750184262,12.0150377426774,3.60091103654874,10.9198052856071
may1996,W14625,15.3,1.83829361157951,16.56,13.4281076850465,15.1938260136877,15.9743484001289,13.2671131035097,2.69467505199021,12.0480443048168
may1996,W14626,4.05,2.32345648261065,15.88,14.2286209387415,15.4319738137345,15.7898968311273,14.8415369760503,2.7784628965261,14.4100058943064
may1996,W14627,16.56,0.515874388862979,16.38,14.4338645285448,16.1517589055259,16.3452191037779,13.5495802498978,2.57707189913336,12.319030860202
may1996,W14628,16.38,0.515874388862979,16.56,14.5523949053747,16.3531678545246,16.5348582373344,13.5553182192551,2.61488526741865,12.3002949932918
may1996,W14629,15.88,2.32345648261065,4.05,10.0576392174946,7.12623980827554,5.14466772267593,8.89781048731274,2.88927513638382,8.43031534487781
may1996,W14631,4.5,5.96659324853926,12.4,9.69605683624312,9.94310591060856,10.5071598795835,9.19002802139081,3.14816482990413,9.01619022617869
may1996,W14632,4.37,9.18659771551492,4.5,9.87391769227446,9.37946689246746,8.6792330381036,8.83894424129569,3.29813131211985,8.62126567794165
may1996,W14633,3.87,8.26520219674056,4.3,7.62822455569497,7.24823187304546,6.71030223201032,7.02577478381282,3.27569916791585,7.46132592111761
may1996,W14634,4.5,6.39714705260625,10.35,7.45071649517219,7.64486682599529,8.01303962632649,7.47858356051363,3.12741614345677,6.54983386291251
may1996,W14635,3.2,8.76814695421741,4.5,6.59548622827851,6.12828951053568,5.81822495400045,4.6801994018463,3.14790180241024,4.94060847046861
may1996,W14636,18.7,6.46576981693083,3.31,8.69984781550216,8.83415233784561,9.05606034140164,9.44127828914329,3.00632427851816,8.30686897132231
may1996,W14637,10.35,6.39714705260625,4.5,7.82611848196717,7.93678352737103,7.99916015012958,7.87833784042087,2.97284854289642,6.55818253446118
may1996,W14638,11.17,9.6586461661049,3.31,10.6093382133274,10.3368603243609,10.0093136119345,10.1558951812208,3.1630219925043,8.99556804753835
may1996,W14639,4.95,5.30476933457744,3.31,8.02206461351621,7.21575144306129,6.04683589531496,6.61723740142103,3.07339781716825,6.30376811331613
may1996,W14640,4.3,8.26520219674056,3.87,9.80606822796304,9.31921997627166,8.86372150548463,8.90175732201729,3.1581057223208,8.47489876408513
may1996,W14641,10.2,7.24840118245034,8.55,7.14025745441497,7.31724459722566,7.59240306399787,7.3655834748508,3.27554804433696,7.71904973767311
may1996,W14642,8.55,7.24840118245034,10.2,7.7157958839019,8.15268258175369,8.72905979457284,8.08936521106418,3.21943365634454,8.37315947977408
may1996,W14643,6.3,4.88010885680798,7,7.06107644487597,6.8596661845229,6.85319359186648,6.47330406913168,3.08232509604633,6.62611566322932
may1996,W14644,4.5,6.28227506455628,11,7.70844422918916,8.64622949308033,9.56164262584559,8.65152647469004,3.16157651229512,8.85707434776164
may1996,W14645,1.73,7.93865088092114,2.25,5.947673379461,5.09351915400719,4.37090126394282,5.08044287500178,3.20989009185615,5.22784864217858
may1996,W14646,5.85,4.12273133096738,2.25,4.49199829280479,3.4156785128498,2.66527889934598,3.87865770808152,3.08651913079123,4.05721684388181
may1996,W14647,6.6,8.24459485518848,6.1,5.29070963689094,5.46388788488623,5.63278415547606,5.47482877869586,3.25001342815958,5.82444089361258
may1996,W14648,2.9,8.64109131691189,5.17,5.25033856147095,5.01247811737189,4.85405639046926,4.89319948280347,3.19525721251891,5.24596642741354
may1996,W14649,7.62,2.62767859633719,7.28,5.69606246784821,6.6639618105384,7.11613432872268,5.89651341367321,2.89812551907149,5.99221833936
may1996,W14650,7.28,2.62767859633719,7.62,5.84651212495167,6.97224191681638,7.46636152338768,6.15933579763262,2.93924861984319,6.2372309677564
may1996,W14651,7.97,10.0127231253536,6.1,5.01038879091816,5.06705048462145,5.18744536385677,4.98045962860775,3.3722244544219,5.3391417525188
may1996,W14652,4.34,8.99137036909295,2.9,4.98820048219062,4.78800424951854,4.50100061100239,4.88201080307339,3.27862022682776,5.1394845307064
may1996,W14653,5.05,12.6672659316381,5.9,5.45693609727882,5.51914792079123,5.58490575662991,5.41175221827022,3.41518940954368,5.77282903479338
may1996,W14654,5.17,8.64109131691189,2.9,4.53261385071333,4.20315398474954,3.85207245404571,4.21895681943016,3.31903391442427,4.53798534882518
may1996,W14655,6.54,12.8297914140359,4.41,4.32008005619519,4.24899367849671,4.20192823750573,4.10600613746855,3.42334456698516,4.65681261395889
may1996,W14656,4.55,10.3754975169195,7.09,6.35344562632726,6.56441365014412,6.76782861811839,6.78842973791348,3.37142598862857,6.991990069704
may1996,W14657,8.09,6.04454514643667,17.17,10.5139584150341,12.1683293478605,14.1135288569212,11.2299832429706,3.16922226152963,9.95145182759729
may1996,W14658,4.77,7.97945730656725,9.95,12.1452676572102,11.432848470528,10.8223600915505,12.7558473703779,3.24808680708259,11.0489864412101
may1996,W14659,3.04,2.62197112637228,3.73,6.06526518440179,4.7051632987878,4.03900496552835,5.45229677778906,2.88121933056929,5.97246836424689
may1996,W14660,3.73,2.62197112637228,3.04,5.82206249635205,4.17060921834891,3.35185279611985,5.12290824083357,2.91045480140793,5.49473367962956
may1996,W14661,3.94,7.3394524758548,4.6,6.52867689821515,6.47640514002813,6.37566103028319,6.52108313414571,3.11806332241661,6.77027362467283
may1996,W14662,4.6,7.3394524758548,3.94,6.32954332936945,5.86323450651524,5.32689184280659,5.68363071849496,3.19906789316054,6.12394865968729
may1996,W14663,10.19,8.38750569889546,3.94,5.47848208142641,5.42453080797198,5.2909468697886,5.45769965573672,3.19196268457624,5.86801748580444
may1996,W14665,6.45,10.7080721765333,7.09,6.11636030248982,6.45031981692844,6.79194797066804,6.82959574139732,3.45006442348116,6.73606149362101
may1996,W14666,7.09,10.3754975169195,4.55,5.74899281758209,5.84896277069107,5.89993423459995,5.72391780177567,3.28172365186237,5.78409798038084
may1996,W14667,8.53,5.7282075308888,4.61,5.43685842295813,5.58353543136014,5.68326436380358,5.57051338445297,3.00769318891726,5.771881855724
may1996,W14668,5.71,9.80774370458293,3.15,5.16748151491989,4.8378539721525,4.43841277505087,4.77861069739064,3.42765958165309,5.1211828693658
may1996,W14669,5.37,9.9179550894909,7.02,5.95715817633201,6.11210722662286,6.26862207377588,6.26812684021811,3.34062775073567,6.55068770255996
may1996,W14670,5.92,7.85411811539596,6.54,5.63494270011916,5.53844388534527,5.52183104206542,5.45270129569518,3.18957041065247,5.80178543822138
may1996,W14671,6.74,1.23057739124298,4.82,5.08816301603868,4.84932194072158,4.82222398201549,4.88571978990796,2.79644812566921,5.26093403852941
may1996,W14672,5.32,8.20645292381529,6.23,6.03558715930983,6.01959058245957,6.01111204394455,5.94200654998016,3.11430070243338,6.05613026326774
may1996,W14673,6.23,8.20645292381529,5.32,5.09488314827363,5.12570647614449,5.17465181564191,5.00085521782847,3.17288010102304,5.34135985875065
may1996,W14674,3.88,10.568563341859,7.22,5.33514969044835,5.37895480166634,5.45493533486552,5.37327282163739,3.27693613623862,5.74205076632102
may1996,W14675,4.59,9.27362397810711,5.4,5.56995213689777,5.55248886417867,5.49227011783176,5.58758465094151,3.19456801824636,5.92397755999395
may1996,W14676,1.99,3.66558679961767,2.42,5.66394917604566,4.06986017629069,3.00308888757455,5.00027406600584,3.00583443549138,4.96486895933602
may1996,W14677,6.54,5.31925142998431,3.71,5.24564900509896,4.83132890837497,4.46310904011398,4.88718043886283,2.97986011787088,5.2860347041254
may1996,W14678,5.32,8.731967647017,6.23,5.79300950487786,5.58050251251738,5.43192896341801,5.23493976099616,3.13262044067154,5.7695464362532
may1996,W14679,4,8.77087966431165,4.93,5.69698818998901,5.65848090037997,5.58734639285912,5.7215439761075,3.18748208187796,6.26755221630123
may1996,W14680,6.62,8.39044840293304,4.94,4.58716516985406,4.57209083333573,4.62875962918628,4.92301388283095,3.37810723269717,5.22721202171865
may1996,W14681,4.49,6.44837935337849,5.91,5.55750430966263,5.71508421270985,5.83015569785709,5.70670721212357,3.20815463546735,6.00564053376763
may1996,W14682,5.91,6.44837935337849,4.49,5.51453962320969,5.42031391437723,5.22816372976939,5.47729632684828,3.13360077643032,5.81422599728084
may1996,W14683,8.43,10.1830125377524,7.11,5.52687371427489,5.51952503306085,5.54850572783917,5.4289708999277,3.24299894510462,5.8104855792007
may1996,W14684,3.71,5.31925142998431,6.54,6.20120984999528,6.32716938076797,6.43504058499277,6.54707156501534,3.05835606966198,6.8083883231607
may1996,W14685,12.69,12.5355192907349,13.7,8.03353008433139,8.67218957168735,9.38027631935276,10.0695034496041,3.5238525233889,9.67413562534974
may1996,W14686,10.4,18.6885088602346,12.69,9.81096634484367,10.0014841554965,10.2029475179402,9.60012351642032,3.83430359793231,9.7133760854206
may1996,W14690,9.07,10.0088806353175,6.47,8.99918711212172,8.87944500857745,8.52944702591374,9.28911399232252,3.45325562845028,9.32808956243295
may1996,W14691,7.14,10.3378533536292,6.05,4.54083623652608,4.59602517096457,4.64141025452027,4.51809806589023,3.2855476031614,4.63922104461759
may1996,W14692,7.3,3.99145260156096,6.05,5.0995005493791,5.47942680261429,5.80582156111718,5.17247123348433,3.03943474523487,5.3823918438368
may1996,W14693,6.05,3.99145260156096,7.3,5.49326119097255,6.24887567852983,6.84956215527145,5.95584914363357,2.99656677011193,5.92078565477399
may1996,W14694,2.87,11.7758476628274,4.22,4.67512820782284,4.47047273237268,4.27968525921213,4.29935674263528,3.44494652672621,4.59462235151838
may1996,W14695,5.68,11.0426870839666,5.97,4.71474489854621,4.76108464328664,4.81994234455274,4.5140504540821,3.41060700457477,4.77491978006052
may1996,W14696,4.22,11.7758476628274,2.87,3.6609268407843,3.49165700461659,3.31601391509532,3.29591160337254,3.52265328942638,3.69695807822097
may1996,W14697,4.2,7.98390039233197,9.58,8.32746524523831,8.53688034230712,8.81607289159719,7.96606051615158,3.36495219921582,7.63349040653061
may1996,W14698,3.25,16.7135601148729,16.15,9.04397343933122,10.9569491357297,12.8892922512043,10.6483018777421,4.14396745188435,8.67667087777914
may1996,W14699,9.82,4.20006019509852,7.73,7.05156606623718,7.63695559609692,7.80541525151096,7.4820595587704,3.13117591038385,7.40966815502297
may1996,W14700,2.45,4.75142590160031,3.83,4.07011423011323,3.81760633141797,3.77832570998022,3.50700895829716,3.13109840256693,3.75434999206059
may1996,W14701,7.73,4.20006019509852,9.82,7.60976385670272,8.88350279063733,9.54044754693931,8.30500485441018,3.07270265873536,8.00012328620477
may1996,W14702,9.68,3.95836484168168,10.19,7.2233884164718,8.55336749321995,9.48998537396181,8.18354393256077,2.99456796191624,7.91563989133812
may1996,W14703,2.38,1.87567376355438,2.05,3.06081208538302,2.21629750580234,2.06807453760109,2.76145416374993,2.92488649432528,3.02673716333287
may1996,W14704,2.05,1.87567376355438,2.38,3.35312497586408,2.53064801768967,2.39503861828715,3.2021052198245,2.95405326633445,3.40204490313494
may1996,W14705,6.93,8.20744827069446,7.71,7.24433035893445,7.45199264201812,7.54956359143271,7.53771484230633,3.22269566530955,7.81777709877134
may1996,W14706,6.1,4.70880298170374,6.77,5.95559230053413,5.98167262079961,6.0750687621111,5.97294011782842,2.96230958809976,6.27424413701985
may1996,W14707,4.63,6.37384512835591,6.1,5.96448555730559,5.8702547226703,5.84200187676057,5.63021411088955,3.06840515701419,6.0852120824745
may1996,W14708,8.77,12.5714025828677,4.29,6.40255807809789,6.28249685878348,6.15953725707417,6.32491950694926,3.43410576356769,6.79736971337159
may1996,W14709,4.86,4.75107055090325,7.94,5.78388823681416,6.56016382961418,7.23532731209583,6.44423955685549,3.09983575294424,6.48182651570057
may1996,W14710,4.29,6.02217002139554,9.56,6.74567722756166,7.2671863545062,7.70413547664506,7.64681840293944,2.9962998851446,7.71263416882647
may1996,W14711,6.13,5.9487310499542,3.92,5.08761874610235,4.8208113023099,4.54676511882909,4.78289245474961,3.03300546373051,5.1232447947726
may1996,W14712,3.63,8.80390648860766,6.13,6.11986090375623,6.24579442576334,6.36935606131293,6.56535663942313,3.23526970308579,6.71870726864018
may1996,W14713,3.92,5.9487310499542,6.13,5.54332930566493,5.58104350646326,5.66817753325291,5.57858518688576,3.04381625481133,5.76052707104523
may1996,W14714,4.62,6.25207556619801,4.88,5.21827612642383,5.15769356334351,5.09429613451453,5.12477136586349,3.05925764805179,5.49099895941596
may1996,W14715,4.88,6.25207556619801,4.62,4.68235310343877,4.50085908248571,4.38576603775575,4.47230299590513,3.02563643777823,4.8440111652174
may1996,W14716,7.71,8.20744827069446,6.93,7.65544086309692,7.67983047805396,7.61299628815003,7.35281372986603,3.20621136266707,7.71205712714119
may1996,W14717,7.12,8.39996151954759,7.71,7.64804797905862,8.09464388655381,8.40965405508901,8.07458973646988,3.16016527876787,8.27052774129022
may1996,W14718,4.51,8.56487776519771,1.09,4.26537405500515,3.99691586337667,3.63565038364869,3.96291596957095,3.21822013682317,3.82750310377607
may1996,W14719,1.09,7.62740450657482,3.62,4.81005801889624,4.49721149727878,4.22435077541728,4.6029067530438,3.09423163864071,4.92459303004422
may1996,W14720,2.36,6.92520329573975,3.32,4.89791345552058,4.60155251768557,4.31031573201912,4.58762220265815,3.13384029769197,4.90446745489555
may1996,W14721,4.56,3.56741090402155,3.32,4.53537455059243,3.98735234583827,3.59762232819257,4.22601350864745,2.93759623246436,4.49608293709377
may1996,W14722,4.36,11.6383217645384,4.48,4.91602958318007,4.8737514546032,4.83898790171641,4.99312157438106,3.42810242089531,5.41389970281311
may1996,W14723,4.48,11.6383217645384,4.36,5.37650825920766,5.0301796609095,4.7306803444255,4.86252336696888,3.50895305224528,5.33995950397766
may1996,W14724,3.95,12.6533235295631,3.8,5.24241676901996,5.50561302287529,5.78608351888043,5.76690691270189,3.43530889828448,5.69144984392974
may1996,W14725,3.4,8.56601265852073,4.17,4.90041375651217,4.69773520435894,4.53546978450131,4.6323266574282,3.30725680337546,5.07250723984738
may1996,W14726,10.6,12.8660204102219,3.95,4.71103589853121,4.52513763747348,4.33654750501306,4.66799705382475,3.57703210574751,5.04492479517054
may1996,W14727,8.49,9.47244974747938,5.68,5.35765107338841,5.50593637626747,5.59515998447676,5.74386583769299,3.57796919935467,6.01538533345406
may1996,W14729,3.96,14.9743751851941,3.76,4.42631593185386,4.41604903896887,4.40311335544825,4.43083243151859,3.54716699648994,4.93061446198409
may1996,W14730,5.01,12.0262332121261,4.36,4.75782226802669,4.55425923653565,4.39853706761941,4.48829237585106,3.38737837205153,4.9631862683689
may1996,W14731,5.68,8.38048341187775,5.52,5.77474765411642,6.2783077722842,6.53699561313855,6.60857890825597,3.3112636810115,6.67005876998134
may1996,W14732,7.93,11.0875928436285,6.5,7.9263237895912,7.7153592284157,7.49788220303268,7.82987279112534,3.34631203310981,8.08769497209203
may1996,W14733,6.15,6.96435560928661,23.3,13.0656459155394,16.3571644564672,19.7772950720536,16.013050661898,3.34776701633724,14.2875919862149
may1996,W14734,8.3,4.67219208877022,6.5,6.37252204549522,6.24071591553108,6.24802380313908,5.84718889773005,3.13753956096028,6.58426528215873
may1996,W14735,6.5,7.60806758179191,6.5,8.48952828718495,8.0087266270059,7.63207489036682,8.02579060650765,3.16210862183582,8.57999425937249
may1996,W14736,4.1,8.52377651242989,8.3,6.97028013613639,7.07566080290376,7.19337193522733,6.62048563604498,3.19865145830969,7.34701537937547
may1996,W14737,4.5,12.4206028590884,6.9,10.8975328249132,10.9282952102095,10.89736940831,10.5620728550679,3.35127163178339,10.1955646009055
may1996,W14738,23.3,6.96435560928661,6.15,8.5664675702434,7.67517733773629,6.9031737621887,7.77558838440866,3.24793873818215,8.33194575113581
may1996,W14739,25.95,9.84069393039695,13.61,16.0487069656019,16.3773646574305,16.6166121081745,17.3026441550075,3.32617530594436,17.1729826285118
may1996,W14740,17.11,6.101040672196,12.47,15.2182434083568,15.3593122884934,15.0797727497456,16.0880715545445,3.0995287892723,15.7506876500747
may1996,W14741,15.4,8.83547242453349,13.46,13.0622038710749,13.4127447198665,13.6828495787002,13.8066865455587,3.31897902962319,14.1985697730954
may1996,W14742,17.92,7.96138692137082,12.45,12.3791029936804,12.4227787744474,12.4665759960715,12.4465757737522,3.34897019791989,12.5865820451632
may1996,W14743,6.4,9.98618154189417,14.6,10.5397288329745,11.1028998069188,11.6308351398924,10.505126589761,3.22230926408834,9.51772857574818
may1996,W14744,4.15,10.3310162745472,8.2,7.38975774216283,7.24907411425212,7.15728304747428,6.5670890757741,3.36035198317031,7.17675697312389
may1996,W14745,8.2,10.3310162745472,4.15,7.59799075304405,6.73971291444056,6.04076676727934,5.53919531412463,3.26806400329714,6.27398803282228
may1996,W14746,14.6,5.08585857918487,25.3,12.8173596683372,16.4852802917499,20.1956409167493,14.7194720190595,3.06600254893688,12.562525075459
may1996,W14747,14.3,9.22536415442852,10.02,8.54303314935563,8.27600087059733,8.28725589618281,7.41967987907911,3.27099638290983,7.6723715429874
may1996,W14748,25.3,5.08585857918487,14.6,10.0730864640704,11.5232294614821,12.9553581348448,11.2728968235806,3.12369890973699,11.0113859482699
may1996,W14749,9.72,8.08239556844051,10.02,10.4438822718495,10.2954996368269,10.0652406727826,11.3541383443277,3.29159154871585,10.4347719552192
may1996,W14750,7.69,7.30804244577094,9.9,6.87969958714488,7.00016722808522,7.12110018713721,7.15102417727229,3.0809348166871,7.04267809570726
may1996,W14751,6.37,8.00031647116401,5.27,5.54666664580986,5.54887354249498,5.50597997422389,5.97996985515911,3.14000446880819,6.38682316001286
may1996,W14753,4.63,2.29586664623146,5.22,5.58068907974323,5.35346561250865,5.25146611216396,5.70946271641245,2.87735346968897,6.08259172249428
may1996,W14754,4.89,11.0737174896465,3.06,5.10199409992488,4.95380395527818,4.81049195183129,4.67305802296877,3.30198375768576,5.0003364824068
may1996,W14757,3.96,8.3625361110157,5.22,5.01406152306325,5.05395492244703,5.0775081963129,4.97253187625304,3.20591429266643,5.34431974628951
may1996,W14758,4.78,8.25805202865651,3.7,5.30616040959784,5.23839307827616,5.13928116823366,5.5328957630788,3.04468543721244,5.52501936554529
may1996,W14759,10.85,2.32691796047563,4.35,4.93988628476877,4.59026783570796,4.41871357598449,5.22103963472902,2.81628493018294,5.37348703852608
may1996,W14760,3.7,5.42274989443662,4.35,4.98134632270936,5.11097192496124,5.19589352889495,4.91278295747137,2.91068783730311,5.05783817395504
may1996,W14761,6.67,7.76465134520516,5.27,6.36868034146839,6.19080836008838,5.99701314345402,6.32265824123102,3.14283986032686,6.5673569823279
may1996,W14762,5.02,7.87343253952013,6.72,5.6744887694007,5.84387545725123,6.0139816188326,6.11088612511595,3.15357735451609,6.26205439651601
may1996,W14763,5.22,2.29586664623146,4.63,5.29585229337379,4.84162546058979,4.66997935663109,5.09531876547283,2.87008039003063,5.51306604364718
may1996,W14764,8.15,6.74981778042758,9.9,6.41812680082104,6.71576361310384,7.14670170456691,6.5906067645499,3.07720979872917,6.66847868468248
may1996,W14765,3.06,11.0737174896465,4.89,7.01019788473857,6.87413850405767,6.71287456559269,7.13871527376909,3.31589550521699,7.25632843456305
may1996,W14766,6.6,11.225165640037,3.06,6.37507806895722,6.01770384214485,5.64593412187884,6.09457361545128,3.31767133757624,6.15584450726157
may1996,W14767,4.89,7.09963173248214,7.22,5.60320673347575,5.58720202088529,5.61568701737466,5.13346791975831,3.10199289261148,5.4405627025453
may1996,W14768,4.14,5.48584402418466,7.22,6.36857832216221,6.58551297480278,6.74976692098781,6.67972122764068,2.99991384591395,6.79233399234128
may1996,W14769,3.9,5.71820620282313,9.9,6.59600047028064,7.15447102093512,7.79544175360607,7.10828663606928,3.0437534766618,7.10819616428936
may1996,W14770,10.18,7.76783923111106,6.2,6.50328903098559,6.38291766058637,6.26333131242442,6.38464983182693,3.09519618223492,6.46161220525388
may1996,W14771,6.2,5.79953828028024,11.67,6.65660156625802,7.39277571276996,8.14168177494399,7.52409015256096,2.97638653389124,6.95327340139947
may1996,W14772,4.35,2.32691796047563,10.85,6.49236442981287,7.90832895172305,9.04519315228063,6.73609243355871,2.71886001607243,6.29237576963357
may1996,W14773,10.66,10.8286411857227,7.7,8.40045893746769,8.50606112135569,8.63515714772655,8.48018998021194,3.38720993315847,8.59303664543391
may1996,W14774,5.8,14.4792188784859,4.15,4.51614443296962,4.51228116635101,4.52922154654196,4.30799739226545,3.72359923001971,4.67480358631856
may1996,W14776,3.56,5.17552748855264,3.94,4.89102351418302,4.44157598669137,4.11530747964649,4.67309072679693,3.23695003678746,5.05414546800328
may1996,W14777,4.95,1.70856061903655,9.6,7.60575578912833,9.36404196772166,9.58074496416331,7.62274605441037,2.965762098606,7.17789222859366
may1996,W14778,9.6,1.70856061903655,4.95,4.96951011044033,4.9667898060615,4.95326495736955,5.07717498590659,2.93418962072796,5.41648534802816
may1996,W14779,6.68,12.7527557907447,9.6,5.93289190790236,6.34201593714144,6.70113284446119,6.45938734718925,3.54755748024647,6.7315918062767
may1996,W14780,4.96,12.0308129493897,4.36,5.174179794013,4.95641451480846,4.76939394492276,4.75289262294934,3.40653454128953,5.29105523363553
may1996,W14781,5.5,14.8803054079734,3.56,6.36681663702247,6.14494882070361,5.9091335952453,6.05256883742291,3.62851910724643,6.32058740483422
may1996,W14783,6.02,6.44300462220116,7.7,7.43294149835494,7.93228445468897,8.10500064245185,7.84761735239142,3.20590849078486,8.10036433291785
may1996,W14784,9.06,8.54531958460952,6.02,6.6072409779143,6.57052688285189,6.55052372515061,6.32866719342344,3.32487476459302,6.82816898944887
may1996,W14785,3.99,6.39634853396413,3.7,4.5673757024892,4.37385010268953,4.14279839876837,4.53028051849743,3.11276464143161,4.89601476408449
may1996,W14786,3.7,6.39634853396413,3.99,4.81844506643096,4.69074381326862,4.47090791729981,4.97436365692029,3.19241467486032,5.28905940765061
may1996,W14787,3.98,10.76876593899,3.67,5.02680530134445,4.88873105118649,4.71713354048708,5.02131246364119,3.43774387927468,5.34384630363054
may1996,W14788,6.71,12.7547991611762,3.7,4.50237131031702,4.41184807306272,4.31500084132716,4.5244885464149,3.53789057047444,4.96842352885074
may1996,W14789,4.41,9.10058267079809,4.85,4.650085963903,4.65699871861824,4.68412189873188,4.62547563738355,3.23703993076038,5.01220797967334
may1996,W14790,4.85,9.10058267079809,4.41,4.50858156022341,4.47127796721495,4.4428870810819,4.48591675970676,3.3336175822631,4.96733467592325
may1996,W14791,4.44,9.4798444432349,4.85,4.64886538669105,4.69118755363202,4.6961417638188,4.89761205057947,3.31373457803056,5.24179323464991
may1996,W14792,5.6,1.91471669842529,4.15,4.36966088494396,4.17994852735657,4.15252593770249,4.45503128269395,3.00448823938334,4.80343890899329
may1996,W14793,4.34,11.1321768313338,5.1,4.98864603407549,4.96508613369882,4.93878882305917,5.10887424296488,3.44212470964027,5.40872445236913
may1996,W14794,5.22,7.30220488052826,4.23,7.25098196679875,6.93778355432804,6.44429859570399,6.56552653623694,3.15206153676329,6.89203695938805
may1996,W14796,16.76,16.3360578069657,21.3,9.12673083625306,9.86814190808286,10.6178494131661,10.6663286927918,3.65804431810166,9.28558316487919
may1996,W14797,7.62,9.57758861955877,6.99,8.09799303958163,7.3609479497907,6.91284100515056,5.79905830624097,3.54451992994852,6.62373846026618
may1996,W14799,11.57,16.3473266574927,16.76,9.46696021398577,10.4262615424247,11.563666703277,10.468921711961,3.82323709762777,9.35361067779534
may1996,W14800,4.77,6.06157344472715,21.3,12.0498974032865,16.0509293596723,18.8042089997892,13.91663682456,3.4429382877587,11.1672920952935
may1996,W14801,12.84,4.44437837665169,11.85,8.79794134215604,10.0623823208677,11.1166027858608,10.3054850450463,3.18399335163173,9.91390524696959
may1996,W14803,9.5,11.2123587889863,5.33,8.20803954380875,8.01879885914492,7.67897396917632,8.65737940508315,3.48036838194121,8.66113810708104
may1996,W14804,8.2,11.0689611012711,8.34,8.3260508849989,8.35994792656129,8.37748397802657,8.72935180269514,3.53939020143589,9.01886743511603
may1996,W14806,7.37,8.12444080439941,6,7.40844406788361,6.82710458903702,6.35714523937346,6.28410475295306,3.46249393964461,6.92274635550335
may1996,W14807,3.78,9.36749669074382,10.2,6.86983413862476,7.50303446367227,8.25356097466438,7.24349563565766,3.431640828664,7.25792237689228
may1996,W14808,4,9.97941841463272,5.04,6.36545425226844,5.92443821022246,5.64279540544073,5.30195022624305,3.33866362888597,5.90130664232741
may1996,W14809,10.55,9.55400919531329,8.58,6.90637821594944,7.45893977513043,7.94630324675559,7.68536179348206,3.43673574003532,7.8407379240269
may1996,W14810,10.54,10.2411778311889,7.26,8.00576997777044,8.17815050280453,8.23418915768845,8.29551822071292,3.37479367525368,8.59959570172503
may1996,W14811,7.13,2.84181779662703,7.26,8.23173026586034,7.78077886432809,7.43038583058868,8.4581167266083,2.955700260386,8.58224939367551
may1996,W14812,7.26,2.84181779662703,7.13,8.15538407250443,7.62447018332532,7.27646858842161,8.16766574614072,3.00053930764801,8.4364501501506
may1996,W14813,5.78,8.29317001565856,12.5,9.43008652613014,10.0639576791312,10.8202810214572,9.73257744932887,3.34748376970723,9.71316938406449
may1996,W14814,12.5,8.29317001565856,5.78,8.10105166838651,8.01244803849802,7.65676322307032,8.69287623888003,3.30960549822805,8.79911745568415
may1996,W14815,12.65,10.2339172283234,11.23,8.06036773828373,8.32811612832088,8.56106110631311,8.95614067320367,3.30679505536904,9.01032756294598
may1996,W14816,3.52,6.82263648101083,4.15,7.15477510315875,6.05287771694816,5.07292143336516,5.47147735820671,3.41665452889653,6.16793397288282
may1996,W14817,9.14,11.5764524239881,3.43,6.30409369974058,5.85420923844273,5.39693867732409,5.8363653078699,3.49314482635519,5.87265367526999
may1996,W14820,9.69,9.41750811173227,5.84,8.79928235082896,7.97332796652374,7.19342372340484,7.9937319788385,3.48195688130936,8.52198065861251
may1996,W14821,6.65,6.2570976620095,5.04,6.6894273672162,5.89267671409584,5.33221400320576,6.12636683065926,3.21471630357472,6.22643016543609
may1996,W14822,9.6,6.72812992176449,7.15,7.8517659768645,7.32945576473186,7.07886350772731,6.90597342034979,3.30154545063907,7.44071633220583
may1996,W14824,4.49,9.33634900530695,4.5,7.8106891498571,7.14063838123794,6.67177643713395,7.22593881621605,3.24532955343845,7.1963901736554
may1996,W14826,5.84,9.41750811173227,9.69,9.69369539803234,9.90004272069394,9.93445021210712,10.8822769431717,3.4956262379152,10.8979395046418
may1996,W14827,11.9,11.3840502297035,10.85,8.16654262934251,8.60861836025831,9.08114289282462,8.87086592184745,3.50329304972262,8.63546019958976
may1996,W14828,10.49,9.90697477181965,7.6,8.7729173993357,8.77758623106647,8.69146909273561,9.35404097672365,3.40298877104485,9.6088954498491
may1996,W14830,8.3,7.46672822985652,9.47,7.62157922758351,8.04677738123108,8.36701856850194,7.98770952773886,3.11841668440092,8.20880007513129
may1996,W14831,7.9,8.18627666049068,8.3,7.18246376924469,7.33907004203845,7.52675701931077,7.35429165246,3.35665949624283,7.41030898000742
may1996,W14832,4.41,9.24516860136866,14.31,7.70830497744244,8.16877817303053,8.71484828463809,8.54082365422423,3.24608426331105,8.11990105988049
may1996,W14833,5.3,12.3654089594819,14.65,7.81737805600781,8.33541961888913,8.98995185870503,8.62861966895251,3.48300957934233,8.44177309894648
may1996,W14834,7.26,12.0866314853904,3.35,5.8423214886734,5.34149242401929,4.90492013471077,4.76059649696262,3.39664842930755,5.41108978578147
may1996,W14835,3.35,8.09130258191348,5.14,6.40378065582951,6.13160258392872,5.83246952354218,5.94817337226345,3.24856521881402,6.41193189466412
may1996,W14837,14.65,12.2465862214326,9.38,7.38047493370754,7.53852778654776,7.63368931089475,7.59924812212715,3.3772001328623,7.9310196886098
may1996,W14838,7.7,5.62299950373877,7.6,10.2744451453507,9.98678381712395,9.55123603586551,9.78663920994945,3.0435622415269,10.547869181502
may1996,W14839,7.6,5.26355609077693,17.1,11.0206438827531,11.677084934984,12.305524102646,11.3954783923021,2.99838624304536,11.6338614568018
may1996,W14840,7.4,3.37677900753737,10.7,11.0262141683641,10.7450215895056,10.6919909223838,10.3679579954052,2.95382402070814,11.1425427462648
may1996,W14841,10.7,3.37677900753737,7.4,10.1765824279892,8.81367812816149,7.9178432574252,9.12414577180584,2.94571759049771,9.97212921184176
may1996,W14842,17.7,8.23252814240889,13.96,12.358149813902,13.7261604875621,14.8679103649574,12.4501515562475,3.3217466190377,11.7695214474845
may1996,W14843,12.45,7.96138692137082,17.92,13.1199134827872,13.3990570686337,13.827199767663,13.3572690283949,3.16002273576712,13.5353726222061
may1996,W14844,11.93,8.12930525551354,12.45,13.4069988612997,13.2654468965115,13.0151209947419,13.6048844549448,3.20995455810996,13.9159996034033
may1996,W14845,7.2,14.5734758915862,5.26,4.64213305503969,4.65098903478066,4.66691511821047,4.53629204350533,3.53161251756125,4.9506289115422
may1996,W14847,4.15,4.42730235798262,5.35,4.1093787591339,4.39585032434397,4.76141754471698,4.23589591396551,3.00448324197483,4.40799487212956
may1996,W14848,5.35,4.42730235798262,4.15,3.84219484083475,3.80895339085936,3.87323849452314,3.83713469631169,2.97464820173444,4.116950286071
may1996,W14849,2.48,8.34119325204986,3.77,3.72418285736056,3.64667005261325,3.58104608263218,3.48374172550303,3.1569748017722,3.82899375819973
may1996,W14851,3.44,8.22743191130999,4.15,4.00299789843067,4.01915963396212,4.05568412745803,4.22196126999099,3.21591970467648,4.49556875709016
may1996,W14852,4.2,7.3300943036256,3.32,4.29150385190596,3.98295299818506,3.66667365909095,4.08857070726175,3.36324410061821,4.49158678186418
may1996,W14853,5.6,10.9709744978859,10.06,7.91184883699501,8.07761910237656,8.22603594870376,8.09575107450912,3.40128087146338,8.35520065619577
may1996,W14855,6.98,9.89115406238593,4.8,5.96345344920281,5.5524328642638,5.23694563735296,5.44879353897901,3.40981692299952,6.11377522693306
may1996,W14856,8.65,8.54017220607432,11.5,10.7042538311028,10.8923323543218,11.1233858779897,11.3805137007836,3.51388829065977,11.6980666724551
may1996,W14858,7.9,10.1806148953544,5.35,6.73755969686675,6.6312983371347,6.51401525136132,8.25264534738141,3.54779225651539,8.2016608616845
may1996,W14859,4.15,6.64606346076403,6.44,6.58377917107984,6.42397499453803,6.30174147890323,6.20607891861053,3.23298077026067,6.82225073727328
may1996,W14860,9.15,8.77086619290391,6.44,6.85283525159539,6.71202730139032,6.64092349961347,7.0745934896228,3.35415305628355,7.49534347949995
may1996,W14861,6.44,6.64606346076403,4.15,6.53037275828031,6.19230993616403,5.81793636903126,6.33401831801513,3.14437988156202,6.67268324883649
may1996,W14863,4.8,9.89115406238593,6.98,6.4118814816052,6.05583604491072,5.81406548370602,5.81937274369932,3.37146895115023,6.40276700607238
may1996,W14864,29.85,3.53566899091654,25.49,24.8819273528453,25.3686644548725,25.5319728996824,24.9802109007361,2.98203856979616,24.2083184723975
may1996,W14865,14.68,8.74692199915021,9.78,20.0059962363091,18.490230992822,16.9774864140129,14.8720048375471,3.21857641355912,11.2556068992081
may1996,W14866,35.29,10.0803862606919,29.7,24.8098096202682,25.0209070706596,25.320356670703,23.6646348031814,3.2710422440816,22.4981983927698
may1996,W14867,2.3,11.5026389682801,14.68,11.9618161563755,11.403325449057,11.1264618639702,7.76477781193436,3.42056691294506,7.2771884203701
may1996,W14870,36.45,8.27181281062374,38.65,23.681572518977,26.4086961000489,29.142155729393,27.605315071448,3.20099176953636,23.2005864599289
may1996,W14871,38.65,8.27181281062374,36.45,23.1169056943717,24.4152738791322,26.5314663499909,22.331207406553,3.33803531017171,16.7573156374174
may1996,W14872,11.62,13.9112760814023,35.29,19.9399208429593,20.5181637640356,21.2688516376499,18.2948064018096,3.52911127696977,12.3448424981345
may1996,W14873,5.69,11.6463011655743,38.65,17.3887935201948,19.3295483041634,21.2258465347766,18.1000157720466,3.41396756253378,12.7234550987227
may1996,W14876,1.77,11.163177333016,8.57,6.73114241787428,6.77309928007946,6.88089250362722,6.02338536359984,3.40865752775763,6.61866058436258
may1996,W14877,7.05,9.61434297891317,3.45,7.00074995781914,7.03042976312895,6.99558072957518,7.00701122130564,3.26445382957621,6.7389430024609
may1996,W14879,7.37,10.8341011163527,5.98,5.57372483385677,5.5388743732934,5.52530982142127,5.39968059558516,3.36722929534827,5.7902507403535
may1996,W14881,5.98,9.50970563726356,5.52,5.63680766490922,5.52846372347153,5.48660593191947,5.52824735560311,3.20849552170746,5.89872381114814
may1996,W14882,8.32,10.5817102383876,4.4,4.76434112182469,4.63582658706871,4.51605924590065,4.43212543896743,3.41944082946637,4.95594157831707
may1996,W14883,4.1,3.33307437042058,3.36,4.88261690896987,4.15014537457237,3.73132312347993,4.45867151835722,2.91050986965191,4.81381828082349
may1996,W14884,3.15,10.3138973579289,7.62,5.71217434321223,5.85212674475846,6.01173802456565,5.701613014954,3.31167329790064,6.00295455683077
may1996,W14885,4.65,12.1556233975949,5.9,5.01151325001477,5.0289843764642,5.05290913642934,4.89524430410803,3.39090737123812,5.37359816718673
may1996,W14889,10.06,10.9709744978859,5.6,7.389405965271,6.82631743896826,6.33473381511113,6.37336473497712,3.44337186496815,6.96569657929601
may1996,W14890,9.46,6.56523672421487,10.02,7.40688302391315,8.24922570477946,9.06783292248955,7.87377086158878,3.25551074782642,7.78213887448866
may1996,W14891,10.02,6.56523672421487,9.46,7.59028466049964,8.31783272664596,8.89264970243409,8.34062825704742,3.22967784887948,8.4256685990001
may1996,W14892,10.1,10.3299436103589,11,11.2311091228661,11.3043951065829,11.3907198192022,11.2703209011369,3.16963580117079,11.973142845758
may1996,W14895,17.75,9.39571555084078,20.65,11.4640446305316,11.5823598336733,11.801099506223,13.0211258614093,3.21121143238429,12.3893353240204
may1996,W14896,6.45,12.1839371800687,10.8,10.7725321810716,10.5789412970252,10.4122562522676,10.6487810291148,3.41866041025339,11.4719323450761
may1996,W14897,21.6,10.1734298284575,17.11,11.9183129692423,12.1449671490262,12.3984614410514,11.2786149006054,3.26861422840345,11.8396017010792
may1996,W14898,8.41,7.95997750651273,7.25,11.4830996609835,11.2155030955615,10.6056738390076,11.6668774808047,3.31414424990191,11.523806251732
may1996,W14899,11,8.47726715999268,12.47,13.7418593600963,13.9099329563373,13.9794898553388,14.2427525232284,3.16559677146331,14.3895054616051
may1996,W14900,7.25,7.95997750651273,8.41,11.2822467924694,11.1417653667874,10.9260297525102,10.84092861228,3.18863681023588,11.3686203320415
may1996,W14901,4.2,10.405633479689,8.68,9.79358807566387,9.88564258983011,9.96634773767229,9.49272687800735,3.24322124967217,9.48480475855756
may1996,W14902,8.68,9.57823039131872,9.2,9.63989793763018,9.82868308194632,10.0142963226209,9.67019149237222,3.23184434873331,10.0589268319694
may1996,W14903,12.82,7.16092274420377,7.98,9.22081731487449,9.48227081392,9.68684681425386,9.59306514385039,3.05597332170608,9.64405730331209
may1996,W14905,15.2,8.36952712244068,12.82,8.14938640066749,8.20462580430713,8.35674653291553,8.03389760742911,3.108084004483,8.10014428116972
may1996,W14906,20.65,9.39571555084078,17.75,14.318609162253,15.0182696279568,15.810218288306,17.4329338270037,3.37559639220433,16.7883613337837
may1996,W14907,14.64,10.5547621492059,11,12.3399659167249,11.922598709131,11.5465033409597,12.1799468527111,3.27680707908647,12.3543446383148
may1996,W14908,19.35,4.37690558900851,16.4,15.3447059617984,15.7403900780766,16.0830382904034,15.0274424214624,2.9338759642263,14.9115595184792
may1996,W14909,16.5,4.96116681291743,19.35,15.8353259172824,16.7826688782822,17.7186732837131,16.2920798420354,3.05714056006749,16.0311834382973
may1996,W14910,8.14,6.24233871657088,14.03,15.3217464564236,15.2033625085658,14.9522846333973,15.2762242968583,3.11406163799563,15.6101780952861
may1996,W14911,11,3.02078993598235,10.8,10.0137886776845,10.1339444764322,10.3253085134982,9.79819912102132,2.83745361753109,10.219215719189
may1996,W14912,12.2,5.41358070798002,8.68,9.36895995640622,9.36369457437798,9.31505421141383,8.90406822964758,3.03136393489226,9.22257307355096
may1996,W14913,11.7,5.23125770542311,17.97,10.4452520265309,11.7036515020054,13.3616919872973,10.7202030176416,2.99932314639896,9.82585403919018
may1996,W14914,17.97,3.90955291723113,15.48,9.64328198538067,11.732874658405,13.319499982268,10.9244750684082,2.89442374367166,10.0662790155265
may1996,W14915,10.7,7.32473300944923,15.41,12.3548956175637,11.9757507476134,11.9774273388012,12.8603404475403,3.14165007545214,11.8044233617305
may1996,W14917,8.85,6.40240531541869,7.4,10.3480112245478,9.94835522208073,9.32796333578561,11.103978108791,3.13414632515026,11.0269808297966
may1996,W14918,9.2,8.5798085584071,12.82,10.1244139032624,10.1015510393905,10.1102698706709,9.77471540097382,3.13761883320441,10.1293916662422
may1996,W14919,14.42,0.897471869294639,13.46,12.6210765242539,13.3926142154664,13.456424248634,12.9151094365364,2.7675340618604,13.4126287672583
may1996,W14920,13.46,0.897471869294639,14.42,13.2043583198878,14.3160374101375,14.4138539659859,13.3062141022217,2.77123552676542,13.6694882204187
may1996,W14925,7.18,11.7499575370318,3.38,8.38645599191552,7.66745826414272,6.69149373257474,7.53111381975661,3.62786004849574,7.55467124768269
may1996,W14926,15.15,15.7625073541616,10.65,7.02585627832927,7.54211988577398,8.08514813861614,8.56574516679879,3.75940969470942,8.53011387531928
may1996,W14929,14.13,12.485197059748,9.86,8.24129753616338,8.08561576044184,8.07562487107361,9.42822504456358,3.59316504877708,9.06042984118583
may1996,W14931,3.38,11.7499575370318,7.18,8.42317060017299,8.3506877300768,8.25715495171921,8.13959968467974,3.51093328739828,8.8714458229948
may1996,W14932,10.97,12.1055396062872,4.96,8.15559762410993,8.04498224368278,7.71540545467172,8.50956421345551,3.605291588801,8.59350757590483
may1996,W14950,5.03,13.1327800162515,4.65,4.62557146273153,4.58526970297252,4.55629598271355,4.50394545287032,3.56417259171845,5.02276008884924
may1996,W14951,4.65,13.1327800162515,5.03,4.79001060011769,4.85146187082423,4.92125818233538,4.93168573598833,3.55735995661687,5.39578624568496
may1996,W14952,6.67,12.027765284485,7.35,5.27670257300595,5.51707741244689,5.75605494295475,5.44905923605065,3.48028039967832,5.77442957229988
may1996,W14953,7.6,8.5362464563131,5.2,5.02767008929648,5.0793852412923,5.10469156716857,5.05417938304546,3.33350345902533,5.42918750514813
may1996,W14954,4.58,8.97348719778548,4.05,4.9423590440611,4.83346246309523,4.65863263836109,4.81868368036675,3.41451820660263,5.08902000243229
may1996,W14955,3.76,4.89618452889229,4.1,4.86230423039907,4.64565370440518,4.52536646714114,4.57725897425845,3.01367999946093,4.9760886772335
may1996,W14956,4.1,4.89618452889229,3.76,4.81247588547746,4.46175795572058,4.1821155137669,4.57023386952488,3.09759903369639,4.94384432820399
may1996,W14957,7.35,11.5338382175084,5.2,4.9971101069219,5.27116411055078,5.50667992632835,5.24336790144517,3.44047443995904,5.50820072254766
may1996,W14958,3.7,12.918628142123,6.09,5.41549600183716,5.58441318359763,5.72244420010842,5.733269722341,3.58857833213544,6.01837632066231
may1996,W14959,3.19,12.6157669701302,5.12,3.96236180750033,4.01593193909321,4.06927664015609,3.68134795082035,3.42661244526771,3.96506045522239
may1996,W14960,3.55,3.97352420810195,6.93,5.14986795714573,5.74679275172466,6.16381970140329,5.38895395992818,2.94016230856661,5.44116710905975
may1996,W14961,6.93,3.97352420810195,3.55,4.41380733767035,4.12486737959083,3.86503179766178,4.55483572455296,3.05996357495895,4.79076355992151
may1996,W14962,5.12,2.36000225301706,4.99,4.68461946794559,4.88279789620682,4.95689492106577,4.60382538613863,2.93572817300489,4.84291341067414
may1996,W14963,7.53,13.5349240020042,4.53,4.83375703963647,4.96165532383021,5.04658612348376,5.29717781834502,3.5347052284194,5.59214736356204
may1996,W14964,6.7,14.5196925310863,4.48,5.39831868416788,5.41192735139281,5.40211408186439,5.53087621926489,3.51015862090129,5.81337744374099
may1996,W14965,4.04,2.78562176735385,2.79,3.22437151593098,2.92440628613222,2.81405508706262,3.20512961813971,3.01248121068679,3.50532504499418
may1996,W14966,14.3,9.27269901469299,21.3,13.0832281979264,13.508385952462,14.0348147969137,12.9100450448449,3.33529151814919,11.658875424611
may1996,W14967,20.75,7.29588154462475,25.72,16.1872064789341,17.6858845769287,19.7617299201395,17.0350365142123,3.23365990211059,16.0839730355084
may1996,W14969,9.05,11.5612655412093,20.75,18.0744760174494,17.6028667532019,17.2880093718503,17.191668213276,3.45300669121235,15.3444688200721
may1996,W14971,6.05,11.8632409762856,4.4,9.61298785446931,9.6558110069114,9.67352114214476,8.52075956454466,3.51270860298891,8.33703779824409
may1996,W14972,17.78,12.8370750594017,6.05,9.85786280107305,9.41053940775328,9.07098409761885,8.47223304213988,3.41956316475262,8.76527141280784
may1996,W14973,13.96,13.0894284909126,17.78,12.5099387870878,13.4730747818078,14.4284497115856,14.950609913017,3.46324814965778,13.4616689575215
may1996,W14974,6.2,12.9658655858663,10,8.71957776456661,8.75794163876528,8.82171700192183,8.4235661694722,3.58327484551976,8.19405319101966
may1996,W14975,8.65,6.96173383417433,31.68,17.6796097108292,22.6366519061652,27.2738831619806,22.3050613292107,3.32789124767287,17.9849803426864
may1996,W14976,29.62,15.111233326701,31.68,14.184415800557,14.4420353388528,14.8041542626841,13.6930509054826,3.51563836436256,12.1793049808344
may1996,W14977,31.68,6.96173383417433,8.65,13.3566928131316,12.5941328087633,11.3598932806857,13.3709448171015,3.25686936893013,11.6123489111368
may1996,W14980,9.52,8.21492957464307,13.81,13.2105968995537,12.2476429616824,11.6625562064777,11.3417126262665,3.24012959331647,11.3696150961186
may1996,W14981,3.91,3.93878542284931,2.64,4.12721154329915,3.51498875288881,3.01149609204765,3.94864835000005,3.05589931813085,4.0883673708568
may1996,W14982,4.18,13.2201341825717,4.84,5.18203637563875,5.08583885518219,5.00966141680889,5.16952745659818,3.51462642973034,5.65684086788062
may1996,W14983,4.91,8.93956514825966,4.25,4.13896310503215,4.05043621342996,3.99493575584255,3.86172096596294,3.18458209361524,4.33534609739512
may1996,W14984,5.98,5.24614277154117,1.87,4.43315226431737,4.03331658170792,3.74681191209624,4.27453400854068,2.95972513394507,4.41698885740672
may1996,W14985,1.87,4.51190375787425,4.94,4.96504388230542,4.91958566858175,4.88660381675288,4.94735898813331,2.81073637588402,5.32312135086573
may1996,W14986,7.26,11.0090584202894,4.06,7.18337875284442,6.81160356249944,6.26747922645637,7.11552057211046,3.53082333432626,7.24626983650354
may1996,W14987,3.67,9.77282348058911,6.35,7.7423989843582,7.52691603449214,7.2125288036057,8.90461427116616,3.4662456246354,7.7391669135194
may1996,W14988,6.16,8.8572665063921,4.06,5.38726921576999,5.44616102878362,5.44907622455471,5.82316264580173,3.19959865738379,5.95569045672249
may1996,W14989,7.03,11.2401982169229,3.48,5.08197154396246,4.94067088275906,4.82061269818043,5.14844884894034,3.31596773022782,5.36950467179436
may1996,W14990,7.3,12.8897025483328,7.17,5.65687624235157,5.81167230656318,6.05171228046688,6.58250860263016,3.64444774348266,6.81819200236077
may1996,W14991,4.64,7.55022602274305,3.69,5.29770640246345,5.08975216672478,4.84889316925931,5.5327697265496,3.15272477937693,4.94452699671313
may1996,W14992,3.69,5.49157171839529,1.87,4.75843602265102,4.36784575337625,4.00460755309278,4.49012917511352,2.93456921777127,4.56670098290007
may1996,W14993,5.15,6.16126845257725,2.64,4.35731834472726,4.01798586274409,3.7454053103156,4.13894133348857,3.03395658317591,4.25113266302541
may1996,W14995,3.57,6.06702207134991,5.47,5.95779490173935,5.42071639051726,5.10573743043784,5.62896127358725,3.25226820265764,5.97086650455626
may1996,W14996,5.47,1.38116887097377,3.7,4.75330976595741,3.88335814821405,3.72336914336042,4.67042490200675,2.77053907288489,4.99884898430688
may1996,W14997,4.84,10.1557578099297,3.48,4.42070189935219,4.39178811301,4.35407586831763,4.5112648653122,3.28773673252322,4.9082189656436
may1996,W14998,2.75,5.36941001131639,3.48,4.96697090271191,4.46054512515655,4.03727378907815,4.47922783603284,3.02234000674113,4.83926859333071
may1996,W14999,9.98,4.70232007215459,3.64,7.44877041597364,6.14469801719162,4.9347317681673,7.04213910412745,3.13307676148909,7.27654027447152
may1996,W15000,14.2,9.58767679546534,12.12,9.71315556904302,10.1844183116326,10.6423210430147,10.6477521263555,3.31591551005753,11.0023587591939
may1996,W15001,12.12,3.43331700692497,10.05,8.95568858453521,9.65251945009853,9.97716061852019,10.1458905987705,3.0053175069748,10.0256042692182
may1996,W15004,7.59,1.41973442709904,8.89,9.53426298092464,8.95832526136892,8.89400307220898,9.14769866990854,2.85738096395916,9.55794390487111
may1996,W15005,9.14,10.1473533375312,3.4,11.3489010810328,10.7752301656493,9.99037786294929,11.0357084885446,3.33698813623438,10.4302540945976
may1996,W15006,7.03,14.6831263664631,6.55,7.84344519334777,7.98702819050719,8.09540278244638,8.49775580960211,3.58840824175708,8.46836032873878
may1996,W15009,8.47,12.2219713086827,8.51,11.6546501312203,10.9523321050046,10.2751685167339,10.1960341896966,3.40395506498674,8.18911772642016
may1996,W15010,3.98,14.1919987137965,6.74,6.77856683449151,6.45840263472551,6.1828282600256,6.04096423691167,3.46525884475581,6.58296918070865
may1996,W15011,8.51,12.2219713086827,8.47,9.34658688944801,9.48815770747382,9.52850736041955,9.74459137535271,3.56767711502437,8.9370922747793
may1996,W15012,5.18,12.9334836732406,4.45,7.09411284370356,6.9370286036445,6.73921437184844,6.02226112656534,3.40603872368633,6.39186218638589
may1996,W15013,3.12,11.276118523922,20.77,19.8355708740535,20.4959323980513,20.9402603378516,21.6090647838875,3.44513655070045,20.4060665906335
may1996,W15014,20.77,11.276118523922,3.12,16.069135505926,15.6178624714899,14.8772715279614,15.7685368693612,3.30980793631309,12.5247523551014
may1996,W15015,10.03,11.3775242136267,20.77,14.5896759332432,14.740326899623,14.8782120610054,15.1058564477306,3.35040187175692,11.8893753450757
may1996,W15016,4.45,9.9675620172268,7.25,6.07204029859516,6.06819611506654,6.08900923836821,5.39792359069368,3.25269738708082,5.98947136329333
may1996,W15017,6.74,10.6952763239618,7.25,8.52235114876135,7.91820455113045,7.40763961862114,7.32215932935289,3.38275968305335,7.56634649635592
may1996,W15018,6.07,10.6886464154509,4.88,12.1371320801655,11.9757033310839,11.7131246261931,11.8303483837594,3.31210921423996,10.0245208901029
may1996,W15019,22.07,8.01811581354153,17.17,11.4653426969071,12.3288038895769,13.436088883058,13.1087282186403,3.2745259610432,11.3809090001465
may1996,W15020,9.25,3.71116200596717,14.23,14.1168613901759,14.1447740559913,14.2434224932661,14.0070479546344,3.05271366416305,12.9393059649522
may1996,W15021,19.57,10.6637393555101,9.25,11.7478207556287,11.5400508255853,11.242178682601,12.1491057624311,3.35565471932322,11.7852228159125
may1996,W15022,19.9,5.17748146383926,30,19.0703222523927,23.220108421064,26.9447932172586,20.9519507387846,3.16406931144665,17.9846553417637
may1996,W15023,5.12,9.48655778930622,0.91,7.02347402855614,5.85328769840089,4.81036475482841,4.29782483625608,3.23758279766597,4.30845287109043
may1996,W15024,0.91,9.48655778930622,5.12,10.2303772218896,8.98760011669183,7.90706932628688,8.32005084361648,3.2686081812451,7.87060885982731
may1996,W15025,8.34,13.2811631752415,12.9,10.1562077528351,10.1803403097562,10.1786953773841,10.035576039291,3.41070623127927,10.207428113507
may1996,W15026,7.25,9.6913253994479,15.25,7.63065063308398,7.91019531972317,8.26386741035285,7.81809748717793,3.21584972746144,7.18363921493796
may1996,W15027,4.88,9.12545957885532,3.07,10.2990477082229,9.74466855074471,8.90899095493594,10.2993320655329,3.24940162177546,7.73672244763849
may1996,W15028,30.47,10.056471947944,3.07,10.4590627925107,8.89308256677651,7.21621099795816,11.8814912228027,3.44247920184799,8.13973463741297
may1996,W15029,8.06,5.67693752705041,6.78,7.57146737960644,7.34127219698224,7.14899387145176,7.30934472332268,3.00248116571864,7.76683486216078
may1996,W15030,8.73,7.09398009396106,3.95,7.02014412964683,6.87558314370299,6.70766447982564,7.15431467243697,3.00864490503687,7.36196710988968
may1996,W15032,11.58,6.71073744682249,7.18,7.84890531423554,7.71023984911322,7.54205428734576,7.47975405320953,3.07362492272725,7.83312535395885
may1996,W15033,6.78,5.67693752705041,8.06,7.85262657680641,8.1659608124612,8.40528232313553,8.3942436896606,3.02531579696635,8.57236973209166
may1996,W15034,6.76,3.09385390031824,5.15,6.70732476134654,5.77668628690448,5.29856225038135,6.2755114175342,3.00375481154979,6.55803366055719
may1996,W15036,10.4,9.01017125844319,5.41,7.17326366298063,6.77209744684797,6.4334656944618,6.51537883728549,3.19220815244698,6.97547626220812
may1996,W15037,7.8,7.558981057859,4.64,7.64728344568552,7.30126739968443,7.03596841280227,7.00375627005382,3.02872278212221,7.18970323545921
may1996,W15038,13.39,9.58736922522823,13.7,7.1939177885576,7.5454373486853,7.9441683013127,7.96100552699974,3.2478929323514,7.17966484607199
may1996,W15039,4.64,7.558981057859,7.8,6.69446911827141,6.62156445642309,6.58831775971783,6.54241298072871,3.06669974160209,6.94382535428215
may1996,W15040,13.7,9.58736922522823,13.39,6.83821898426274,7.25512285621996,7.84937184723853,7.15765828409459,3.258498542342,6.57673814591263
may1996,W15042,4.98,5.24613693975722,4.45,5.55145180018461,5.20676510908192,4.92009892778989,5.36060981568003,3.06223833630684,5.72675842857133
may1996,W15043,4.93,8.77087966431165,4,5.98629617036611,5.82543922148242,5.6670230852794,5.48567850078313,3.13404270057431,5.99821565973047
may1996,W15044,5.53,8.47776251278727,4.64,6.38610165228686,6.23936719697801,6.04483861532765,6.4547197196953,3.16125108434265,6.80418153613053
may1996,W15045,4.46,12.1615399819666,6.32,6.6906046981594,6.67311445596852,6.65346886124706,6.40661701278548,3.37037443517748,6.97449513219273
may1996,W15046,4,4.18683159761132,10.62,7.9169721018647,8.35339490337763,8.88483578143715,8.17224241722022,2.91767262778352,8.03565292144494
may1996,W15047,10.62,4.18683159761132,4,6.42462604356265,5.44605838682749,4.68716518682604,5.58056174224499,2.95523235856731,5.93185326073793
may1996,W15048,15.15,7.30585820644774,7.26,7.18392549752126,7.24863302269391,7.34546797518064,6.9279036888592,3.07917903603128,7.23502366852015
may1996,W15051,9.1,7.64717956519921,15.15,8.28206599004143,8.87704490278018,9.46362726031897,9.08860059923956,3.06328876797702,8.74678353532634
may1996,W15053,9.72,6.51733376578353,7.93,5.83646295247153,5.7596750755509,5.66049043379258,5.86482739852103,3.00857967401799,5.87608065517248
may1996,W15054,6.38,6.631505065423,3.95,6.74667094819198,6.65068735113458,6.52180508952708,6.65861756766955,3.02033965736914,6.90191147654669
may1996,W15055,7.93,0.543483069899296,3.95,5.00185638809683,4.04691178995317,3.95694426422391,5.6978789154907,2.65828357190676,5.9030349862284
may1996,W15056,5.42,11.766174831412,7.54,7.1851424139903,7.21362864715004,7.26387449809561,6.84670265093401,3.58409050195572,7.19237279268097
may1996,W15057,7.54,11.766174831412,5.42,8.3111083679855,8.20671092607095,8.09672221961795,7.85712743322254,3.38232311908668,8.32412984682611
may1996,W15058,5.72,8.0517493666252,13.15,8.95308303582252,9.73325744579442,10.4081277994209,10.1990073136286,3.25501627685398,10.4110550657227
may1996,W15059,13.12,10.0534941469969,7.38,8.43491309229868,8.15104173917528,7.89199197991505,8.271243419437,3.40815843521706,8.80543054451841
may1996,W15061,17.07,6.04622546162167,8.43,7.19882667529775,7.47890298200527,7.86667264216097,7.10536832923339,3.23964161019487,7.65408767646793
may1996,W15062,4.07,10.8399413459875,7.46,9.61419561113694,9.8349606946317,9.97114476875121,10.476274597696,3.41907453284323,10.508399848555
may1996,W15063,10.53,13.6828250363875,6.8,9.70427139224912,9.41257506350248,9.10308153366072,9.61568670290004,3.60296501782095,9.65392060862527
may1996,W15064,8.33,14.3033726260845,6.46,9.3212511937215,9.36130560519661,9.3244309124628,9.66283991269676,3.62244747644403,9.95940139393498
may1996,W15065,10.57,4.27241597496463,7.46,8.12931652414701,7.68744818709958,7.49733685811396,7.67881690502004,3.15639048869788,8.19554646679395
may1996,W15066,7.98,8.4802115933267,9,8.337450516658,8.44194058652266,8.63284459070398,8.89625437758583,3.47602089689302,9.28385693641835
may1996,W15067,7.46,4.27241597496463,10.57,9.1231549734208,9.58353052920879,10.1038954773508,8.77289530271007,3.07781957192708,8.90540143342844
may1996,W15068,6.8,6.52724896088183,11.35,9.60254942386705,9.92347897923825,10.3984743181233,9.75954646789214,3.18280497923329,10.0325273020197
may1996,W15070,7.38,10.5459981163677,6.9,6.21339431580697,6.96155827658852,7.58546340518635,8.2216903965408,3.47550353324096,7.95985216515234
may1996,W15071,6.9,10.5459981163677,7.38,5.76402430498859,5.84617361603051,5.89278935101048,6.36734642729103,3.42545102572764,6.43317971447337
may1996,W15072,5.11,11.2278301399394,6.63,6.85774305385831,6.66294242215028,6.45279203197104,6.66001475492029,3.44425381769639,7.03504370691112
may1996,W15075,9.14,11.5637735232415,6.63,7.08489193003416,6.90163764763765,6.73344896575088,6.92520895429199,3.44281834598419,6.75923231976821
may1996,W15076,7.6,3.29567383062464,3.86,8.7518865768379,6.10449986640034,4.60284620181237,7.24814672424248,2.96895083247804,7.30104577172259
may1996,W15077,11.88,6.06564925594484,11.62,9.31894647822775,9.71324028082316,10.3436933555378,8.77568866987728,3.16549207706632,8.9156935502159
may1996,W15078,4.63,9.58261590272913,5.59,6.87226603207135,6.58075751720085,6.2980972003682,5.83689130637974,3.32651947422315,6.4073985548924
may1996,W15079,3.81,13.8302036578986,12.62,9.12753771683172,9.18610140104599,9.23851550674687,8.7680372272177,3.48744320965177,8.45601095913569
may1996,W15080,4.08,10.1057378441438,2.35,8.83645259043758,8.94988095853635,8.91647902167247,8.687185299164,3.20377877934579,7.91941447458478
may1996,W15081,30,5.17748146383926,19.9,15.7038214449641,17.8551183175343,19.2022450817273,18.0194783918612,3.07829494779165,17.0777259776227
may1996,W15082,5.54,12.8660429192702,3.48,5.94735130588328,5.58288396480761,5.25433695305003,4.95905208358995,3.42770516418438,5.75092463718519
may1996,W15083,5.59,9.58261590272913,4.63,8.44287972889187,8.25121252414087,7.93652262101158,8.0651865496509,3.31001619313907,8.15763677914737
may1996,W15084,6.49,11.8813162998109,3.86,9.729529917335,9.41071879634187,9.03487840019176,10.2004271178509,3.35472119626659,9.19763078972803
may1996,W15085,15.41,7.32473300944923,10.7,11.4088054384578,10.9680450347162,10.6637956437258,13.1189885370908,3.19673243121625,11.9631699083216
may1996,W15086,19.11,9.30333608352913,12.62,8.46256044766179,9.37099364203913,10.390413615838,9.83928719362407,3.41912184029472,9.09496854257215
may1996,W15087,12.62,9.30333608352913,19.11,10.3067978278883,11.3605563696141,12.85487406317,10.9798199121102,3.34857269115523,9.45992171372848
may1996,W15088,21,8.48849783091489,15.43,8.22631895558839,8.62587426478046,9.13494565427089,8.26551035495124,3.16075716837421,7.5851582344506
may1996,W15089,25.72,7.29588154462475,20.75,15.1139308991906,16.5788940239877,18.2927391558577,17.5308975746471,3.32289831728994,17.0804915484327
may1996,W15090,16.62,8.7175854794747,5.36,11.3363543800758,10.815835728727,9.95789097009213,13.2721336266239,3.28931796750927,11.5058827864011
may1996,W15091,15.43,6.48205835700229,8.1,9.22032712205301,9.77384106184654,10.0050230359991,10.6612558617402,3.04137273524483,8.71462015596902
may1996,W15092,15.05,3.3146470973851,13.26,7.72729740390973,8.12708937715052,9.112357961909,7.57116425518919,2.79949711133021,6.42208106150457
may1996,W15093,7.58,7.84054498596731,5.36,8.50277517395969,7.89933342299727,7.22609442246175,7.96489434489518,3.0918554425433,7.48488778395962
may1996,W15094,3.77,10.1082973105788,5.36,8.16849193872195,7.67881632097262,7.23187284995045,6.52662422174928,3.24602180614448,7.12983277033545
may1996,W15095,14.03,6.24233871657088,8.14,14.5502763124449,13.8429518499042,12.7448437299263,14.186595850038,3.08847211652474,13.5464761679071
may1996,W15096,18.5,8.25056617280124,30,14.9025519726466,15.8961417780443,17.0430894081803,15.7262690846558,3.12950639524923,13.9984715556017
may1996,W15097,20.15,3.62174121407609,13.96,12.2472156520869,13.4357794090435,13.8736212774047,12.9448414767268,2.96873969848868,12.7856263352062
may1996,W15098,15,8.9653737805446,8.95,12.7933856029166,12.0035291308165,11.2038164506247,11.3829901179155,3.272729207595,11.8337582500389
may1996,W15099,16.72,5.9483601290281,6.79,11.5031898149061,10.3550444136567,9.03670049831346,10.4164516130071,3.14459593970251,10.0643561797053
may1996,W15100,5.5,10.4892520883217,19.35,15.9866222072292,16.2405684692168,16.5319321751342,15.8563424795113,3.26488587386966,16.3822326914864
may1996,W15101,18.5,2.26048035524856,18.15,13.9444507226638,16.7067682482873,17.8504751218109,13.9672720756915,2.90917677768856,13.4827772158848
may1996,W15102,13.05,7.46375739789261,20.15,14.0592970724398,14.8378280742179,15.7987640130071,13.6439787517714,3.19598301666804,13.4322779301597
may1996,W15103,4.06,14.5730103482946,6.55,6.52583462507311,6.86189628502413,7.03395615154164,7.38961319086847,3.88105188131218,7.10527659980221
may1996,W15105,6.89,2.45899733859221,4.86,5.58896146779716,5.01253288222783,4.88816055412669,5.56407938193351,3.01114639851915,5.84572979344621
may1996,W15106,4.86,2.45899733859221,6.89,6.31850092622834,6.36049923668403,6.49110884965871,6.29026949046606,2.84567171866976,6.56396823201291
may1996,W15107,8.26,7.28293744463502,5.58,5.69418621469714,5.64936265059119,5.60818840828917,5.65771013340016,3.44887483647839,6.01438894041789
may1996,W15108,5.58,7.28293744463502,8.26,6.76498664903939,7.39617532085539,7.9001886885278,7.57792871457932,3.37061499587104,7.59658577121612
may1996,W15110,2.52,7.79315885933711,2.87,6.31867291078763,6.00514867881321,5.54929085605116,6.2720227134288,3.36165712682211,5.91973136508111
may1996,W15111,2.87,7.79315885933711,2.52,6.50932620906212,5.38058390219979,4.33627166440091,6.05665117287049,3.517409696429,5.49973529882478
may1996,W15113,10.86,22.7734890592233,4.06,5.49281822272533,5.12107369416814,4.76543595164532,4.88965132697607,4.34535902566766,5.327574364349
may1996,W15114,3.7,1.38116887097377,5.47,5.72860609482011,5.51508271139004,5.47585516191232,5.85765046609083,2.78880598978801,6.08261259660254
may1996,W15116,5.78,11.9327762008571,4.79,3.94979557981021,4.00851282887272,4.10288019203879,4.02251954169478,3.54253740700167,4.30736155197175
may1996,W15117,2.19,12.2914690046167,4.59,4.5666202309372,4.55288507521397,4.53058455571904,4.42219130903256,3.4501069279532,4.75541852889302
may1996,W15122,2.27,6.89656791842735,3.35,3.94221186547947,3.77225396350806,3.60908406315139,3.84493231710145,3.23954060335939,4.21828495264813
may1996,W15123,3.35,6.89656791842735,2.27,3.53268039365471,3.30174961318486,2.99250415700637,3.51034844731502,3.21417363261495,3.7418531786627
may1996,W15124,2.77,8.74264455534927,3.77,3.42833414294828,3.35785796034718,3.30920139569867,3.22323633707171,3.25192040398767,3.5780394482391
may1996,W15125,4.79,1.62513631452513,4.07,3.90966573643929,4.05740027569049,4.06999480617296,4.11688478133596,2.87380218115375,4.30430042549344
may1996,W15126,3.73,10.3972842484913,4,4.01050631408722,4.00672551627429,4.01454288306681,4.10855047776506,3.3173026062939,4.34722728621772
may1996,W15127,8.72,10.4620870606864,11.77,7.3232044074937,7.99350382680893,8.75343020743167,7.94580628991504,3.45037123030268,7.8773992307103
may1996,W15128,7.84,9.13817284355512,6.29,7.70338187194012,7.44172447373202,7.13485520481131,7.34890536686088,3.35778140511524,7.98224672461231
may1996,W15129,5.74,13.7550553977197,7.32,7.49259942341211,7.34565833638151,7.21097793737836,7.13070831079849,3.55768858604354,7.86621664666777
may1996,W15130,10.17,9.4330186077369,6.02,6.79045102870374,6.40013033463465,6.14592270929481,6.17581916720121,3.25315512920243,6.90743626512163
may1996,W15131,7.04,7.91028256672131,7.32,7.02553353758658,7.14680854195449,7.25529417461574,7.14951882022954,3.4147912414193,7.87642550281792
may1996,W15132,6.02,9.4330186077369,10.17,7.63098739830542,7.92802831639837,8.38068705828757,8.03308416719916,3.37342246467679,8.48325224469885
may1996,W15133,11.77,10.4620870606864,8.72,7.36819015557449,7.46754192720212,7.72034360263564,7.17954348304035,3.43124530545701,7.14026366554632
may1996,W15134,8.59,13.7524895595889,11.77,8.04594148130396,8.40798821560811,8.80821290025866,8.57454450262209,3.55595300977106,7.71384585784642
may1996,W15135,7.02,8.77985698058447,6.29,8.18930905774606,7.92542455949936,7.66304901702189,8.08635674490838,3.30175936203276,8.71866618319268
may1996,W15137,6.33,13.7304758180668,1.24,6.51806356367157,5.95555749512574,5.22527565827218,5.48340416365627,3.62843290671301,5.44307094773325
may1996,W15138,9.98,7.92259787807712,12.7,8.98867845414831,9.86448446770086,10.7598758500669,9.99087547860909,3.27510032147675,9.67744305998984
may1996,W15139,11.1,6.84738443258668,12.7,8.50435594387214,9.56278507247999,10.7111769315602,8.87653328373352,3.25380890511706,8.50423225587072
may1996,W15140,6.91,6.76312744489936,7.98,7.76118364039051,7.64225719157681,7.65789013116986,7.78554191189026,3.21845220506196,7.93512164071639
may1996,W15141,7.98,6.76312744489936,6.91,6.37027530441242,6.43751911581764,6.56630305255456,6.96536255438186,3.237824417918,7.23368625702578
may1996,W15143,11.67,4.43594257795892,3.9,5.45062276024994,5.54142349320841,5.54990638872283,5.80439001725139,2.85330833326682,5.82474230901699
may1996,W15144,3.5,0.453571983066179,4,4.99210675969094,4.07826935711504,4.00602589868552,5.75893693147014,2.66606332765715,6.05874055226423
may1996,W15145,4,0.453571983066179,3.5,4.62871769666622,3.5845580689981,3.50615449586251,5.51873856416158,2.67559483115683,5.77205426153461
may1996,W15146,3.9,4.43594257795892,11.67,6.62797681186622,7.5213090880751,8.51633179602767,6.84798150810495,2.90799421812453,6.47674470057814
may1996,W15148,14,4.96662480681981,8.65,7.82941159211202,8.12926943877914,8.40209917554178,8.54570382822993,3.12252731703643,8.65183499723162
may1996,W15149,8.65,4.96662480681981,14,8.55224207030893,9.92654018605463,11.4348583108425,9.43818245559458,3.03410007093753,8.85573464403831
may1996,W15150,7.95,10.1603983666092,12.7,8.7659792269609,9.32262662708866,9.82189262710656,9.83132346274817,3.31133237054143,9.56443234806613
may1996,W15151,12.7,6.84738443258668,11.1,8.92930553740246,9.54526828815561,10.0095719318736,9.75321235186561,3.10758085288148,9.70805886802281
may1996,W15153,8,11.6096908781162,6.25,7.40068240077296,7.42969042727119,7.43910381211012,7.61527714730052,3.26657665565547,7.91764942406898
may1996,W15155,6.27,3.67726571013287,6.78,5.87884317117428,6.3148942030859,6.60627113264642,6.51182130151205,2.97951479530844,6.74987886216451
may1996,W15156,2.7,13.3954901479604,7.7,7.05440176119149,6.86969598741673,6.68659322031072,6.94174107010359,3.53683828058736,7.65433968468338
may1996,W15157,5.68,8.5698548904965,3.93,7.28415693912734,6.81799651305215,6.44315220076962,7.02900995089679,3.30161445610427,7.47442356308787
may1996,W15158,7.74,9.57870008271742,3.93,7.37399735726154,7.20547642295951,7.10555976956468,7.4310097487325,3.26765066553744,7.58322362177392
may1996,W15159,3.93,1.70538010669033,7.7,7.43404518202934,7.5906134017967,7.67744434946403,6.95604853174986,2.84257778857002,7.24845940374554
may1996,W15160,7.7,1.70538010669033,3.93,5.57609390912693,4.21254985405828,3.96643581570297,4.94099466161009,2.86928080917584,5.43586313506726
may1996,W15161,4.55,16.6377373979241,9.4,7.56341851031518,7.60880526371386,7.67889842508793,7.25441288619298,3.71673628135233,7.80090391505308
may1996,W15165,3.89,9.21205266291893,3.38,4.40061348577035,4.18659385635429,3.92085948587209,4.05380284360689,3.46987387983336,4.39977437295781
may1996,W15166,4.21,11.5093998044784,1.22,3.11968584637015,3.02267304516787,2.88623842894457,3.09421331623685,3.42223503169481,3.21812133522783
may1996,W15168,4.35,15.315827811121,3.52,3.60830566708384,3.56343223303427,3.51231619870839,3.845226820635,4.01684413152415,4.29809954336808
may1996,W15171,3.9,10.82867463069,4,5.10021325301337,4.97903760186558,4.98323111613822,4.66133974869481,3.42778579634635,4.91246300971477
may1996,W15172,6.4,8.18007905646576,6.4,5.81137119539909,5.9724832260965,6.14977198865811,6.13197806591275,3.41598643850162,6.58270361810804
may1996,W15173,5.4,11.766628944611,3.22,5.92714397298219,5.78424439496539,5.5665010412899,5.73516158657737,3.41005003101807,5.99577311085736
may1996,W15174,3.4,7.30768939545946,13.67,11.2797601142636,11.5676724265003,11.9976038475876,11.101182602868,3.23397041799431,11.2618006903896
may1996,W15175,9.9,8.21296243718706,18.97,10.6563828214678,12.3378507144638,14.3124472980872,11.7385465103982,3.33753051096565,10.4792321381987
may1996,W15178,5.7,9.7687057592646,5.63,5.02135522295805,5.08934062097981,5.14449605791788,5.21368524803506,3.19368416661838,5.62632352102547
may1996,W15179,2.28,7.68513936471852,4.23,6.44963547195762,5.90295887144848,5.28808150834604,6.45246210515393,3.33710166590274,6.68130181130382
may1996,W15180,13.55,6.95861722211084,12.9,10.158332008966,10.6823923223616,11.3646597463582,10.0549757213079,3.23115733911882,10.0678759678196
may1996,W15181,5.63,9.7687057592646,5.7,7.04154605656427,6.6448785877177,6.27036054826025,6.85416302362382,3.31805955462561,6.41500440919079
may1996,W15182,4.35,5.15108128652168,7.1,6.7260225019379,6.81182566256627,6.98923583188246,6.91871397629403,3.04671470763261,7.00892336273721
may1996,W15183,7.1,5.15108128652168,4.35,5.40962669607515,5.00705231956066,4.8061932837312,5.04701018300217,2.92081075952182,5.417449136929
may1996,W15184,4.95,13.6098385137968,12.64,8.54860826932132,8.56156378843507,8.63677246722699,9.17775364185349,3.48352176458353,8.50944990272049
may1996,W15185,5.73,6.20672094937639,4.32,4.8601917068761,4.9306993978381,5.00241187170699,4.79367737955478,3.01777831729756,5.1143768085277
may1996,W15186,7.22,3.7239238982465,4.32,4.80414248494509,4.65457417190241,4.53224834865197,4.72364823283541,2.91497068668163,5.10684277217355
may1996,W15187,5.26,10.9937136948935,4.65,4.57629601523935,4.52687473728855,4.47184117478494,4.6612491498602,3.24800816468247,4.85692211556734
may1996,W15188,4.32,3.7239238982465,7.22,5.45036869737177,6.06031365731463,6.53799263409879,5.78757713501307,2.90035154201791,5.94376192985072
may1996,W15189,3.62,1.83093962575663,3.19,3.96693302042986,3.34727108136524,3.20370706977785,3.64337378929011,2.81346448376836,3.72582806926506
may1996,W15190,4.65,10.6752128880064,3.62,4.20871280746796,4.06666606658473,3.94753940038693,4.14948474716074,3.22911753439259,4.17839058704596
may1996,W15191,3.79,7.93735766697378,5.73,5.14235816838725,5.08540046335679,5.08182207203752,4.97769008886352,3.11998914450865,5.29243623693496
may1996,W15192,5.19,8.77523796608172,3.19,4.74983005447042,4.65839691795812,4.58215886941881,4.9617815685136,3.1584431517064,4.91439923515345
may1996,W15194,3.42,11.2190019025843,4.59,5.7423930141809,5.64012422517077,5.51627915064143,5.97886376589915,3.40206124925944,6.33006433379809
may1996,W15195,4.4,13.5619618457858,6.28,9.03489630441387,8.67467707761643,8.26576186681253,8.86709061015987,3.72703631554637,8.90944775612022
may1996,W15196,5.25,9.64222760090091,7.03,9.0319554203025,9.07909719215456,8.99635843523411,9.11755194394797,3.43773638805184,9.38055209358455
may1996,W15198,6.28,8.74262981675018,9.34,8.30070757661483,8.44011608760883,8.61417876185985,8.36471051530521,3.40003773701921,8.3367390628673
may1996,W15199,12.56,13.0431555796714,4.96,7.8198965483112,7.26692321638108,6.6954750131343,7.0384844319732,3.66202195444467,7.39845779731396
may1996,W15200,14.2,9.08339500811756,13.94,9.68383835795429,10.2095460558595,10.8125341888495,9.93139406395367,3.28098975126336,9.62007727655776
may1996,W15201,11,6.28227506455628,4.5,6.20925566085439,5.82089232932757,5.27206445599175,6.17881184866717,3.24596059480411,6.8109721677446
may1996,W15202,5.43,16.4120515399968,11,8.06318506460823,8.04949337250101,8.13304277224027,8.77656265619868,3.84799886417726,9.03597836821165
may1996,W15203,6.85,8.69399619826977,9.87,9.54300547954244,9.65554215568675,9.72994073317238,9.20770305212264,3.31533630144084,9.16438152052351
may1996,W15204,9.87,8.37391597963751,11.27,9.21857248729566,9.25338372123339,9.20553601995052,8.51111042275863,3.27389863201171,8.68242730165353
may1996,W15205,13.1,10.2728743699199,17.91,10.8341132261494,11.3044169069086,11.7972161907698,10.7604191619739,3.28720428682836,10.6586056211497
may1996,W15206,13.94,6.28860731116183,12.9,10.6155291866025,11.1829374490943,11.7222419889938,11.2349651141825,3.0570242822808,11.1070024813821
may1996,W15207,5.84,12.0222594948257,4.11,6.60000260161994,6.25928936126465,5.88725777028176,5.86685331671867,3.39213213862223,6.39812151465552
may1996,W15208,4.11,10.1773813200245,5.93,7.98573252887127,7.82425647784702,7.58177037249965,7.59642346725582,3.35384501957369,8.02388897350514
may1996,W15209,8.9,9.9684764079909,8.4,8.96983126370239,8.94482002134083,8.86700483713809,8.92519775243116,3.42759781144979,8.98287552982902
may1996,W15210,11.58,10.5329710772944,7.67,11.2191419518804,11.6151640267389,11.9588518258259,11.9744254108877,3.29678800640369,11.8926433706406
may1996,W15211,17.91,9.07851468947422,11.27,9.61796277032619,10.3074116054062,10.8575230464526,10.4472504386176,3.23710931622417,10.7069615857546
may1996,W15212,5.93,2.12464491652488,9.57,8.73183079134471,9.38289605287833,9.5413568967083,8.92874004338984,2.89961798254722,8.92206142655593
may1996,W15213,10.2,9.36749669074382,3.78,6.19259083706996,5.90900982867322,5.38270346397497,6.37545030210588,3.50843712175616,6.48799042590462
may1996,W15214,8.34,11.0689611012711,8.2,7.92551009603891,8.13956862503038,8.27718644816877,8.63793338392681,3.60294913215614,8.75532378309518
may1996,W15215,2.88,10.1301522006935,3.23,4.88484261849731,4.39177396347012,3.98128709427132,4.28362471384865,3.38849396954258,4.77005729613856
may1996,W15216,10.7,11.4403895396101,7.38,5.63816391836966,5.91051852176371,6.29887601739754,6.68141042112758,3.66612179038815,6.85819146407172
may1996,W15222,3.82,23.2687559351186,9.34,8.11622470755308,7.90903425932884,7.73970116359091,7.49521613322174,3.9960351337155,8.00466210718058
may1996,W15227,3.37,2.36275750667863,4.38,6.26181868998498,4.58093541089273,4.39414005113566,6.10324175884073,3.1025360868635,6.20934119485612
may1996,W15228,4.38,2.36275750667863,3.37,5.52813720357548,3.59956201029885,3.3868249596868,4.86760754906617,3.0788057408533,5.16429766160873
may1996,W15231,3.65,10.0992148853001,1.63,3.72489175325146,3.17004958269674,2.59785751012015,3.51729390859551,3.58961386147084,3.72055481860424
may1996,W15232,4.65,9.53551042071873,3.37,4.41231786890704,4.0711959143198,3.74386187809902,4.18725185742719,3.50222035726203,4.57575049204678
may1996,W15233,3.37,9.53551042071873,4.65,5.44102067896159,5.29412452466845,5.05837606528938,5.45667987262483,3.54611079821889,5.7374929927512
may1996,W15234,3.84,10.653080696615,3.87,3.82480373415699,3.64593843636876,3.62123031612413,3.52758286663464,3.41522560492596,3.95924673937781
may1996,W15235,3.55,11.2520823103918,3.84,3.56651596840514,3.54282056041246,3.58358941279227,3.89073235980228,3.65459582366112,4.23446159467933
may1996,W15236,3.87,10.653080696615,3.84,3.84761991788105,3.75822043733625,3.74716568838966,3.62536721828383,3.53082392621249,4.06077288391774
may1996,W15237,1.63,10.0992148853001,3.65,4.3572465028675,4.11369804235881,3.90279473805602,4.09251613982574,3.55997453851239,4.61188436107932
may1996,W15238,3.59,12.7199119519202,2.48,4.18933608608264,3.8810344887129,3.5270293438265,4.34309067412486,3.6592473133099,4.62560348568668
may1996,W15239,5.98,9.75853326776637,8.9,8.39964835089608,8.28156807572628,8.16882395243566,8.34765897923825,3.24337622501041,8.72859651856734
may1996,W15240,5.2,9.3610269403426,8.12,8.75023364558005,9.14474940088727,9.54774240992413,8.79293716232379,3.21725967344976,8.76043639253899
may1996,W15241,5.79,5.67591152353717,9.45,7.76802096307241,7.88596338720537,8.03905655691943,7.66878311688728,2.9674818463102,8.00776801066711
may1996,W15242,13.25,6.25582580392031,14.9,10.8298227077618,10.950161943865,11.6074817753611,9.34170828104253,3.11217194827464,8.7024459290036
may1996,W15244,6.79,5.9483601290281,16.72,12.1454272358243,13.4355184982063,14.7636293607349,12.9119115924308,3.11098846330862,11.8881386616238
may1996,W15245,3.1,8.48106954311994,6.1,9.82182066638886,9.57871188835862,9.18526823010311,10.0957450209232,3.19509481370635,9.92031347446058
may1996,W15246,11.5,5.10914210079769,14.9,13.511606882048,14.5253104178738,15.0426866762169,14.9129117699329,3.02989272485669,13.2045407007286
may1996,W15247,5.17,5.55143529913485,6.17,8.20730965663794,7.9979289988733,7.59899378629352,8.64630090487681,3.03720931043604,8.8407936862694
may1996,W15248,11.98,7.37426781348384,10.8,8.85012031398519,9.1897559250703,9.50606870080037,9.4139759577807,3.06248409906581,9.4446378697387
may1996,W15249,13.5,4.44573272475899,7.8,8.46430859552904,8.37111544192198,8.16248140939185,8.76117070175144,3.00772283557619,8.9725170178636
may1996,W15250,10.8,5.18709303658604,13.86,9.92293497157703,10.803879713466,11.753520980473,10.9994381277141,2.97993414711571,10.6626994177223
may1996,W15251,8.57,4.99319572106138,5.9,6.8854079891117,6.57432289476303,6.38755845630775,6.48071979166176,2.96427170931226,6.8416004449095
may1996,W15252,6.07,6.92456805433013,9.73,7.26361792707242,7.63451794706886,8.07790481486202,7.34935868077269,3.11768091033863,7.3635754154988
may1996,W15253,9.8,10.0068797317189,10.88,9.34021408019732,9.61623105188496,9.89973334907954,9.33466734830009,3.20318139374649,9.33939344493433
may1996,W15254,10.88,1.39001662662625,14.92,11.216199119189,14.2833955723892,14.8492303092138,11.3295514636395,2.82475223345717,10.544999283818
may1996,W15255,14.92,1.39001662662625,10.88,9.14569437712133,10.5697517219834,10.8432150482452,9.12664413213858,2.80954568765874,9.12110510170731
may1996,W15256,10.15,4.75833960711361,6.04,6.25517862015437,5.99731817044587,5.95108302338658,5.58066270651616,2.96402378994843,6.12420861137071
may1996,W15257,5.54,8.35008156270261,6.1,6.42960136567958,6.58610131994765,6.76289868904814,6.19444842028911,3.15404171866969,6.68651398003107
may1996,W15258,4.9,9.83871028386433,5.54,7.01423084080146,6.88994723918061,6.71881017143576,6.30947904929244,3.21755026371558,6.92559413610051
may1996,W15259,3.7,2.36460788061812,5.15,6.51698733734813,6.35034107742504,5.99397047483939,6.71337306681278,2.70117979454346,6.75372641477795
may1996,W15260,8.3,3.66128161481208,9.2,7.7469626836444,7.94559376390186,8.15969698686995,7.91884464065893,2.71996682495557,7.88936228579102
may1996,W15261,5.15,2.36460788061812,3.7,5.64799072177431,5.02959722616171,4.36771150650949,5.37088607270313,2.74850955357666,5.59545519820839
may1996,W15262,5.32,5.17538028262893,9.2,7.01858809649111,7.00283659242441,7.06367049246572,6.67613052232847,2.83901007954807,6.76967327621851
may1996,W15263,5.15,5.04276929539653,8.3,8.01897888431282,8.29435076820968,8.49040549148498,8.64697045991733,2.90210201020876,8.514680171784
may1996,W15264,7.4,4.12380281076469,5.7,5.66165852757561,5.44387315490114,5.37848239785691,4.9511012580454,2.84387374347299,5.28634482950668
may1996,W15265,4.7,5.55166436153754,7.27,6.22167276549644,6.59580530177125,6.9046688026138,6.71633667048274,2.95608687058563,6.68764526605783
may1996,W15266,7.27,4.94505688070782,5.7,6.18474709333172,6.02797658159138,5.84715517342166,6.43687651111526,2.91949311135748,6.63780457704532
may1996,W15267,5,6.00862553923324,8.15,6.18513024416159,6.20006599122108,6.2124212272537,6.41060357387454,2.89182363120917,6.58214860591958
may1996,W15268,6.4,3.94503720857782,6.35,4.84390998640179,5.01981158210432,5.35953344715335,4.39557966250155,2.87897108657221,4.6049207514678
may1996,W15269,4.85,5.26863902162611,7.57,7.62695405370152,7.84133509308627,7.91348465466688,7.55881282972677,3.08366807442695,7.5684090606202
may1996,W15270,7.57,5.26863902162611,4.85,8.07528890398306,7.46789682965213,6.76814252332554,7.69482321399912,2.99539298018394,7.55775050511143
may1996,W15271,3.86,7.43416860079893,6.67,7.23780924436778,7.37573472822178,7.4519035885035,7.16833174466929,3.13592007076216,7.49497513253068
may1996,W15272,4.9,7.80573618746767,4.05,6.10022217029292,6.0347302048253,5.9178081874506,6.28405203987956,3.17805017657547,6.239661616957
may1996,W15273,11.8,3.72160097581272,9.35,6.03777074459804,6.73693207509166,7.46000187913073,6.16343947747342,2.89567788403177,6.19741655199219
may1996,W15274,8.15,6.00862553923324,5,6.91036975114958,6.40995596144657,5.92712853378169,6.49984003231795,3.00438638927818,6.65678009572441
may1996,W15275,4.55,10.8571448201542,2.8,7.48712079955527,7.13794384450241,6.7581119879493,6.48782387498926,3.31678464657469,6.60868391988028
may1996,W15276,2.8,10.8571448201542,4.55,7.71522819018474,7.33349575097982,6.9871475905149,6.52928322651412,3.29616987702153,7.01586467484389
may1996,W15277,5.75,8.44556195274862,7.46,7.12581748006232,7.14310562694561,7.20999057233385,7.43959464611345,3.177191980487,7.40363218929899
may1996,W15279,4.13,2.33746207055967,4.25,5.49131212648421,5.4057281823812,5.06540637610338,5.95046596603017,2.72984813457338,5.77223083192779
may1996,W15280,9.3,4.13958434170562,4.13,5.62808458222876,5.30967377596194,4.96274849714496,5.39122430410144,2.81659687849368,5.45719921994027
may1996,W15281,3.3,6.4644809071035,5,6.24584259347324,6.44817389866438,6.62741714338272,6.47405580332385,2.94513472466681,6.38238750143754
may1996,W15282,6.67,7.43416860079893,3.86,6.91310006510235,6.68023075039044,6.36249578935936,5.92326959993791,3.11117712370814,6.11816489611976
may1996,W15283,5.99,5.39581516129068,8.2,7.96807766651035,7.93722088789749,7.83850954529399,7.42491232923011,2.91183882770869,7.49240922551521
may1996,W15284,10.2,5.69791970695205,6.27,7.60385939311653,6.5202744207304,5.62107959272115,6.69039884274128,2.98337044836549,6.67500989830307
may1996,W15285,9.05,8.45160527033442,6.52,6.81854231748919,6.8401681734548,6.84310482660511,6.88072386386841,3.15299192806154,7.30673980767052
may1996,W15286,6.52,5.49696779425843,10.05,7.68061405568051,8.29847719094449,8.92805719251624,8.40558591907636,3.03354062434059,8.48695005696277
may1996,W15287,4.9,4.66422409587781,4.05,4.35889603658207,4.08918801535362,3.85749324755604,3.85775536458717,2.83970948321848,4.18966150744294
may1996,W15288,3.1,3.73626383102354,4.05,4.15426996633374,4.05306121563499,4.01322629868761,4.03607279807079,2.93057524632047,4.43994748392955
may1996,W15289,2.15,3.64406967188012,5.96,4.91744764962373,5.16704791136414,5.4260481179839,4.88157483445911,2.83375869335342,5.10088164151125
may1996,W15290,4.05,3.73626383102354,3.1,4.42252510188948,3.98045502796633,3.56164372017633,3.86408646807534,2.89839292099685,4.24094646169576
may1996,W15291,3.45,6.40436245070171,5.13,5.29926431450861,5.19938003258478,5.12436493580504,5.32630128357289,3.00136807551434,5.67782269442356
may1996,W15293,5.75,4.26264006673301,4.8,4.98996886198778,4.92451328201867,4.84246996584383,5.22668969947479,3.1138573631782,5.54821331024627
may1996,W15295,7.32,8.90106278015193,4.95,5.00802504697621,5.06014453971918,5.0991924219135,5.14290082944759,3.28031973283813,5.61836341642478
may1996,W15297,4.83,6.8543384663876,4.95,5.09563271885421,5.13028988509562,5.08986362710881,5.18533623260585,3.3486434061081,5.67700676643161
may1996,W15298,5.78,4.82344572996912,3.91,4.96592555191748,4.39859346480469,4.05288607516109,5.1953017842201,3.23399127872351,5.31215024248048
may1996,W15299,4.71,17.4073084465402,4.38,7.3618867282351,6.15593004520596,5.20892207997454,6.11531111108795,3.95423539103395,6.75910613480443
may1996,W15300,8.07,11.2333564644193,4.98,11.0230272607875,9.93607079739392,8.84552497615453,9.97378563507494,3.53929642237203,9.37793069007722
may1996,W15301,4.98,6.45026035635785,9.34,10.3136787776503,9.20267610953849,8.84259833410855,8.58556233686421,3.13625176631409,8.79230202300824
may1996,W15302,10.5,11.4104823067043,9.34,9.72385104824851,8.64324340599893,8.17366239884143,7.35453128436788,3.60898979869434,7.87168254658824
may1996,W15304,8.46,5.64436133104898,3.98,4.45072346238873,4.25388735242315,4.09911477165049,4.28594400541939,3.2237917833332,4.75467344610751
may1996,W15305,4.25,15.4842373969263,3.98,5.18990180466183,5.00675312145469,4.82442022501982,4.82835326759068,3.5711923808788,5.26450970476473
may1996,W15307,13.74,9.0551909477612,6.2,10.3844484181,10.5651281151247,10.6125065800658,11.0417542965509,3.20167960026982,11.0158945409152
may1996,W15308,7.56,11.4634021853476,6.2,8.96249653731003,8.88424400925693,8.70516770760229,8.81190644514198,3.44369921779115,8.98199733376329
may1996,W15309,12.4,5.96659324853926,4.5,8.76881819034429,7.3761026618021,5.99585333920273,7.85437075315403,3.20479374281056,7.71427950925849
may1996,W15310,7.42,5.07728510454393,10.02,6.48711362409492,8.04827563780855,9.23601277915256,6.99052888451747,3.20886208545957,6.66340228393191
may1996,W15311,5.8,10.609243070827,4.73,6.23672950604556,5.83637090121686,5.45815713814957,5.80920311311241,3.55045740681465,6.42069788599355
may1996,W15312,5.39,12.8608942391024,10.06,8.16359385581001,8.69017974727511,9.19656800615297,8.62624133767779,3.63181340962712,8.86757040458974
may1996,W15313,7.47,9.15287823663837,5.47,5.9791163507635,5.63915852477821,5.39996913034867,5.30442012574298,3.26577275447962,5.55329364939491
may1996,W15314,8.12,1.61208826255807,5.47,5.77343597131788,5.47974831522119,5.46343008968462,5.6547793210392,2.88288527878371,5.83406068161167
may1996,W15315,4,1.21693926191145,3.8,4.59682552885985,3.88594089287985,3.8066673710484,4.61185554944713,2.86358620469724,4.97825043297171
may1996,W15316,4.78,4.64095993576933,6.15,5.66998259397388,5.67199381116272,5.66331378215899,5.86839890793843,3.01714394537349,6.09917778432226
may1996,W15319,6.03,5.93387307922483,5.35,5.72918445576707,5.23456695588149,4.91650202540885,4.95032254006267,3.0007392695621,5.29004796364043
may1996,W15320,3.21,10.4960102450797,7.14,5.19644696898357,5.46853063765988,5.7509467942358,5.44146870949756,3.3184934154117,5.49662554378998
may1996,W15322,4.1,9.3324409859218,5,4.62376564180493,4.49777389870583,4.42983069108908,4.43225843084882,3.29028521943455,4.78502770659726
may1996,W15323,3.04,6.10340998147901,4.16,4.52359212247229,4.36389305904086,4.24672656790209,4.35881234973533,3.25317510564782,4.80306088059612
may1996,W15324,5,9.3324409859218,4.1,4.53936622166799,4.47524701436384,4.42679538238843,4.54959770802738,3.25976211332029,4.8514486525743
may1996,W15325,4.26,11.5985378087637,3.8,4.63363356936393,4.4952101315039,4.37492386695762,4.34734389388896,3.49545075954654,4.8259807742333
may1996,W15326,4.68,12.4003316682263,4.26,4.41724710228057,4.35973067533402,4.31572425291691,4.31817871302826,3.65817871870239,4.80075188017262
may1996,W15327,4.22,8.50811122340738,5,4.48158033909911,4.74696381478904,4.92230681083095,4.78470965838719,3.60822320026089,5.12404099900753
may1996,W15328,3.76,14.9743751851941,3.96,4.38977150501547,4.37469101733038,4.34825470733048,4.36392185196289,3.5486894516719,4.81794645967923
may1996,W15329,5.22,14.3906532049849,4.85,4.01894621910385,4.03402604669392,4.05701945368596,3.9845540563381,3.51395015159449,4.48338503384614
may1996,W15330,3.52,11.3998236640433,6.5,4.87550892215062,5.0363713477038,5.16753369139084,5.28870770085286,3.39922578415029,5.52793129210081
may1996,W15331,4.16,6.10340998147901,3.04,4.33842027435085,3.92507546608981,3.54954305758548,4.03289595321672,3.18901371388279,4.42091967224069
may1996,W15332,5,8.50811122340738,4.22,4.38320387765938,4.55570972083378,4.61885704099662,4.76209683746572,3.30169880907579,5.04413819203517
may1996,W15333,3.96,9.19370565181331,6.6,6.66029153558245,6.73682875049259,6.78081528075767,7.01700633338465,3.37264594535983,7.33917817195911
may1996,W15334,5.35,5.87957193249576,4.91,4.65355499261,4.7150137121928,4.83517201768946,4.44541118959289,3.07429433669721,4.70828437721083
may1996,W15335,5.85,2.21748817278849,6.03,5.99912598559333,6.01816242383013,6.02556643731326,6.10335355513369,2.97587660717954,6.28084266162794
may1996,W15336,3.19,10.2382868452795,4.91,5.27882910806545,5.59391796463338,5.81779606752996,6.38050213995162,3.3026540451715,6.61352492733206
may1996,W15338,8.34,9.66854461292139,5.03,6.41011343529659,6.40010623838119,6.19415306229484,6.62884413746308,3.47829550609457,6.89606928412864
may1996,W15339,6.6,9.19370565181331,3.96,6.09149608366851,5.81614183876031,5.41834803409369,5.97151736602789,3.37979615603207,6.25812926982207
may1996,W15340,8.05,9.73865963278813,5.03,6.05859112362652,5.94196461272996,5.7904550149587,5.91416813168324,3.37392416539449,6.21095368990272
may1996,W15341,5.52,3.70974863520092,6.12,5.22211882555853,5.66447640696414,5.97184670683684,5.4353186005569,3.03113994120232,5.58612174491967
may1996,W15342,6.12,3.70974863520092,5.52,5.46057420669092,5.4434818076069,5.48335351601587,5.53183607849821,3.03186582309873,5.67069781526209
may1996,W15343,4.44,8.93197261685485,6.03,5.81101492978761,6.06021802196828,6.20520321628863,6.29787262281081,3.28599736918462,6.4162875490479
may1996,W15344,6.03,2.21748817278849,5.85,6.00566150573465,5.8736575555607,5.84913820191589,6.00670305450317,2.90668252289845,6.22391617623827
may1996,W15345,5.35,6.09365004267356,4.91,4.5441136258451,4.56430276595734,4.64540351637292,4.39123546199158,3.0064444971939,4.69485861732824
may1996,W15346,3.76,7.50759600161906,5.35,5.22481878775973,5.1717266585692,5.17357244586645,5.1806187374502,3.30027729136091,5.45679462656195
may1996,W15347,3.17,10.4408112258907,5.35,4.64068246538966,4.69645374343638,4.80127506936386,4.20533761227899,3.47009884611564,4.54867957619014
may1996,W15349,7.95,9.09960990552524,5.6,9.1918141239603,8.81216579870187,8.51270432423499,8.2192422918788,3.35776355696251,8.5048278835274
may1996,W15350,5.6,7.9377954390195,13.4,9.99792409492005,9.80612306594447,9.90139841043461,8.78398164788722,3.1749566424865,9.13122129219802
may1996,W15351,13.4,7.9377954390195,5.6,8.26133793981934,7.47594350266847,6.79639219404726,7.03361419419086,3.23239209171244,7.63151728182856
may1996,W15352,11.37,17.2087512440367,19.6,10.1294872570421,11.0473324743707,12.0662926652387,10.8698897025417,3.86590009346943,10.4714797137216
may1996,W15353,4.28,13.0606796032933,9.87,8.83121174239916,8.61462131447647,8.44695531624594,8.09687415870504,3.62097880049396,8.98543142206889
may1996,W15354,6.73,18.6503072245941,19.6,10.1667347996909,10.7118133492032,11.3064787534457,10.585433619411,3.84575165093451,10.2959397586736
may1996,W15356,10.7,11.3826038060583,8.62,10.1053786271576,10.6297925536778,10.9911284045951,10.1472376832031,3.60591449434465,10.3027340477082
may1996,W15357,10.2,11.1136420128593,6.03,8.63490376440544,7.96403854330085,7.31359960053308,7.04526406193236,3.57957650384335,7.79147755643063
may1996,W15358,8.62,4.55109463835573,13.5,11.0452448762477,12.2650341103186,13.0039827021192,11.4217467311259,3.03981946878053,11.1710938564455
may1996,W15360,13.5,4.55109463835573,8.62,10.6173901044182,11.4407072236545,11.4591224876405,12.0164644022156,2.99854230173396,11.3774486334053
may1996,W15361,6.03,11.1136420128593,10.2,9.79391737226721,9.32615217626721,8.97163927713875,8.29039713237323,3.46421119336504,8.8761281828338
may1996,W15363,7.04,11.2203671869749,7.21,7.5633597704343,7.32436267443704,7.12359749503198,6.69501144312778,3.41139073343316,7.46480302639731
may1996,W15364,7.21,6.28703654819103,12.97,8.38916358990277,9.19736145393298,10.1758612774655,8.79587553568643,3.11034065014074,8.89896840978309
may1996,W15365,4.35,6.65426678960584,5.2,5.64567534223815,5.34305647527399,5.15139881172733,5.14913030989003,3.07563517918037,5.60231712326551
may1996,W15366,6.29,4.82936359273023,5.05,6.98315832571347,6.4588337304242,6.00068933298963,6.70308381466529,2.93743132543275,7.04650398686152
may1996,W15367,8.03,7.8727790628679,6.07,7.19663264664522,7.1183600318776,7.01158888405136,7.13509260202117,3.02930962884894,7.31539128197113
may1996,W15368,5.05,4.82936359273023,6.29,6.25208856658957,6.34521492470222,6.38045902041991,6.44422450265266,2.90929981126821,6.81167151053596
may1996,W15369,10.53,5.8322837830376,6.7,8.0090634922077,7.84188853712712,7.64263627414492,8.20150307536568,2.94641801278688,8.12040972455061
may1996,W15370,5.2,6.22270232678321,10.05,7.3253486398145,7.45194660251246,7.6520441517538,7.56635101036709,3.00562490447472,7.81118741797024
may1996,W15371,5.7,9.91814538332988,3.4,6.14014139295546,5.95151623964831,5.7128340633553,5.80571738400872,3.27108665684982,6.12189441173571
may1996,W15372,5.9,9.85456420180089,5.2,5.74741281707964,5.71943779563219,5.65173568910073,5.86042915951434,3.2678194751455,6.15159300009126
may1996,W15373,10.55,8.32614126870648,5.05,7.31221996219761,7.27271321332017,7.21085360852781,7.31028676353199,3.12618091186495,7.17251474915697
may1996,W15375,10.75,4.55803650062226,7.13,7.74454693993101,8.02440430022231,8.22691656700094,7.81766002977845,2.94231575025871,7.79201622531855
may1996,W15376,7.13,3.58123693253909,6.87,7.62855533891966,7.93135699583438,8.00670931090114,7.99252772157081,2.81057937437753,8.06329985525701
may1996,W15377,6,7.50022114714531,5.05,5.2175702036866,5.15655180410822,5.07133161581793,4.84097822755745,3.07705990164343,5.25516140142985
may1996,W15379,8.81,6.90777661082522,9.9,6.76830425154023,7.18702512296551,7.62277579248153,6.94851422395209,3.03149348254317,6.78500957029079
may1996,W15381,12.72,4.05056423853968,5.05,7.14379910414208,6.54574702678785,5.87354764237982,7.20184657681676,2.96829093721974,7.03828025596644
may1996,W15382,4.45,9.41527029709486,10.55,6.96785216014228,6.99395153214249,7.01439772717421,6.64207132492802,3.18229107352631,6.7452961630573
may1996,W15383,5.05,4.05056423853968,12.72,8.45900915195863,9.4316970002394,10.544450192442,8.5343984150262,2.91666093813045,7.80784477698347
may1996,W15384,2.65,7.59427366588567,6.4,5.05948886487153,5.16192018311103,5.2917745675814,5.16216752293426,3.07984240113597,5.52484530904565
may1996,W15385,4.15,6.82948388391983,5.51,5.23097810549627,4.86949628484053,4.62991561718443,4.45037542184371,3.01425383536784,4.76716161013411
may1996,W15386,2.15,3.89327830478934,4.4,5.2421931916945,4.92149091830801,4.65781708970337,4.71765030246122,2.92789392082592,5.12484459519331
may1996,W15387,5.51,6.82948388391983,4.15,5.95368265789686,5.78273942848885,5.61163002427091,5.90681257847111,2.99583413798161,5.76172295585125
may1996,W15388,4.4,3.89327830478934,2.15,4.89525619710844,4.03832374324099,3.16201736216906,4.43766672690163,2.94844672964207,4.54299927016418
may1996,W15389,9.48,7.35764822996556,3.6,6.75568246916441,6.51725449919049,6.14430629031682,7.09713014038359,3.13870425824084,6.95591121530527
may1996,W15390,3.6,6.76485115209677,5.2,7.13255971269444,6.97536527470812,6.83163008303597,7.27570611403993,3.03660957555946,7.16279225616037
may1996,W15391,5.22,10.6447243519485,2.95,7.23821123859979,6.95170209778052,6.59058026317204,6.57668939420242,3.33699794591007,6.57790878118726
may1996,W15394,5.91,7.90143421331637,5.15,6.79381744667677,6.49372334720478,6.20856108770456,6.35573732229893,3.14981569204872,6.52310059668916
may1996,W15395,10.05,6.22270232678321,5.2,7.31453995732184,7.13193766064633,6.90418886243505,7.35776090659005,3.01408961981564,7.60758808607257
may1996,W15396,9.9,10.1387111499885,10.95,7.65347335229113,7.82115901888514,8.03089634970342,7.8747111316122,3.23407487141371,8.0422577489768
may1996,W15397,7.8,4.44573272475899,13.5,9.39221104439145,10.6627152806017,11.9547074085001,10.5169823500944,2.98722265402838,10.2465390283542
may1996,W15398,3.85,8.55918578159013,6.5,5.94986367656852,5.84642719689548,5.75353195215405,5.78419309241982,3.07411701852811,6.12840195694656
may1996,W15399,6.5,5.73131510999655,6.25,5.76330079822153,5.66391819109982,5.66589592911165,5.30924739753344,2.98834242363331,5.83398173941401
may1996,W15400,6.78,5.55124385392501,3.75,6.17574770965743,5.74790373096486,5.28066311693691,5.97756586435164,3.05755168403359,6.16235935124884
may1996,W15401,3.4,9.19465336398505,13.58,7.46125224348222,7.67278901213241,7.93624871454253,8.18027997319391,3.15850707758631,7.83440878306034
may1996,W15402,13.78,5.83084166822926,10.87,7.79927247234848,8.53148482401507,9.30919577964636,8.51522788239911,3.08362693832412,8.10881694793304
may1996,W15403,6.82,9.63726924500399,9.24,6.44691827360891,6.72323282259166,6.99846935723678,7.02994296767683,3.19500866085798,7.10375065366655
may1996,W15404,5.45,8.06158266658681,6.78,4.81739532858782,4.75210181875218,4.74614380764438,4.79209862607253,3.09060417540412,4.84553781508172
may1996,W15405,6.65,10.4468474403326,1.71,5.33361985562456,5.09539098578612,4.81515873758641,4.77267962745727,3.28459684575242,4.88876429226596
may1996,W15406,6.45,7.03941140593623,12.2,7.02685168522539,7.08009906984562,7.28472077333185,6.58775195697037,3.02563745094094,5.91134479118211
may1996,W15407,1.85,3.40935992180378,2.75,4.94413276485129,4.0899758245025,3.39461083721315,4.43790741711655,2.88999604999235,4.53877812847749
may1996,W15408,7.49,8.80707371424355,2.26,8.51539010511797,7.82306542981834,7.05234846550523,7.2972907918012,3.21197129717842,6.5319051473118
may1996,W15409,3.7,6.97585604533936,4.95,6.65206844267966,6.5274070920436,6.30145993097165,7.66465892512944,3.16783394604392,7.81575505278905
may1996,W15410,8.85,8.04205478537867,10.9,8.48092883825667,8.70001450193904,8.98335931237853,9.09063450185556,3.24007376036634,8.50929914176987
may1996,W15412,7.51,10.367333948941,4.18,6.03343657198128,5.90017706594534,5.7659414510427,6.02994053100155,3.24824971320759,5.91585305558684
may1996,W15413,10.9,8.04205478537867,8.85,8.16069529010983,8.79888558614807,9.31399383200839,9.9831365958859,3.20382553289538,8.77729073612961
may1996,W15414,7.08,6.22070094127433,3.55,4.93708149319562,4.6272146351759,4.36109159634466,4.54508073352443,3.03759886158071,4.73538359333382
may1996,W15416,3.55,5.90598118622967,5.04,5.10272289402715,5.25440314063712,5.44086541769119,4.98780735360367,2.97408232703746,5.12342779039661
may1996,W15417,9.24,6.14324949947381,6.11,6.03395410166108,6.10283217304908,6.14982350078621,6.46532368393128,3.08494599066373,6.72685591010369
may1996,W15418,5.15,1.74249465873745,6.88,5.5335580094112,6.19255025122826,6.61545371817258,5.28239215651055,2.73616966760347,5.38779140917407
may1996,W15419,5.04,5.90598118622967,3.55,4.74602871060315,4.57300984460503,4.35398148240764,4.25129304615146,3.02783863956393,4.53966879059496
may1996,W15420,5.2,1.38698279127663,4.32,5.36087530844014,5.00921976473674,4.77698837463687,5.323160562158,2.62080360726953,5.37199154192135
may1996,W15421,6.08,4.56421457747253,2.7,3.99637968454758,3.61049179151584,3.2749812818649,3.66851630697133,2.93515766259596,3.89808660393277
may1996,W15422,5.15,5.86586117090452,2.4,4.5694201407416,4.16376503914282,3.74114484529886,4.1382749015114,3.04896713796592,4.33608360877894
may1996,W15423,12.2,6.3084927549646,6.64,5.67039185018848,5.76914531069353,5.97022469948578,5.91426461327422,3.04753749887785,5.63551570933791
may1996,W15424,3.1,5.18430631328376,6.64,6.38652477815856,6.60667249179343,6.72883715256132,6.74795328369853,3.127709225327,6.39704326517008
may1996,W15425,2.05,6.34882443786524,4.32,6.25077134169418,6.04778547519007,5.78557447409335,6.40953162162169,3.04524981992468,6.32920691027345
may1996,W15426,6.27,5.27153904885918,2.26,8.57125759531554,7.70294044706763,6.8849649808202,7.93996342803018,2.94187863711109,7.49861930305785
may1996,W15427,5.5,7.20368630767085,2.26,7.56068790610365,7.46385434679434,7.2861706029178,7.63753816207131,3.02411269148812,7.11137522160907
may1996,W15428,7.46,2.55540903918482,9.03,7.12382237412069,7.99840783553009,8.66015369910116,6.98622881201946,2.86236673816932,6.61590381115571
may1996,W15429,8.4,8.39959620789006,7.48,9.73960252740002,9.48420381959806,9.08595749785072,9.62411777011103,3.24308086375876,9.87814794644995
may1996,W15430,4.78,9.85759828714912,3.76,8.28176435241147,7.94930216937023,7.64497581054531,8.16710540613662,3.26525732994386,8.26507513341757
may1996,W15431,8.86,2.83760340101025,8.44,8.83796378211246,8.42605797167357,8.39461943194765,8.57978979277011,2.95235091138438,8.65389160202213
may1996,W15432,8.44,2.83760340101025,8.86,8.36143815361086,8.40320156584395,8.63978465232606,8.03660365270822,2.87329794036136,8.19171957670365
may1996,W15433,6.28,3.62142848537786,8.11,7.31553105281106,7.60788414161272,7.88943611677527,7.07532113489289,2.99146805730379,7.10095406600475
may1996,W15434,7.17,6.08603613898345,8.11,8.23831291765286,8.46089581521973,8.59375513208902,9.04776777242686,3.09719967181454,8.72323439702051
may1996,W15435,11.52,7.94247927041348,7.17,8.57171191246772,8.04450398303126,7.58579273228257,8.08134771795856,3.16837427456262,8.16746688292896
may1996,W15437,13.42,9.5223294211529,15.25,8.42046948997133,9.1189061441347,9.8046485111875,9.69020398312233,3.25520928252784,9.65667076042134
may1996,W15438,11.9,11.0056254098714,6.55,10.0967682052057,9.63366332156614,8.98122231265891,10.4221660012208,3.51937386439194,9.96112925130462
may1996,W15446,6.75,8.94104396462553,6.22,7.0061231565373,6.43047939928768,5.92202595750693,6.78797641141281,3.40428859365556,7.15798071601584
may1996,W15448,29.7,10.0803862606919,35.29,25.3716486398661,26.1566244402621,26.8744444448263,25.5347512013408,3.30898045943092,23.5953797277695
may1996,W15450,32,20.2986872890888,26.3,21.4990690849223,21.9117446218582,22.2950029852227,21.0906788209324,3.9067260376852,19.5506168367708
may1996,W15451,11.35,11.7026217554844,12.25,11.6586277589978,11.8473875195793,11.9914882430047,13.3584492004866,3.6105707989546,12.4453959585637
may1996,W15453,4.01,3.71637701884525,3.61,6.63656849498255,5.14812325222261,4.1547950964241,5.81396616805207,3.04064219046823,5.91870192162619
may1996,W15454,5.33,7.35865312939832,3.64,7.27298535593559,6.75290043525538,6.25817461175802,6.32597348433448,3.1065364444907,6.55578936692897
may1996,W15455,4.92,14.2311138514077,6.65,8.05930335317354,7.97615913051269,7.83981119771714,7.77137492962679,3.67541585744046,7.71749460388639
may1996,W15456,13.2,15.3944560200528,11.82,8.27494402834073,8.63001886530448,9.01004554757654,9.66826657487694,3.74650899461778,9.63943568776399
may1996,W15457,3.75,1.49286865956498,2.73,5.65668769426153,3.24269282302502,2.79198352287624,5.74905913079727,2.85164856178712,5.42423351772637
may1996,W15459,7.25,7.03117222643589,2.73,6.87590789826819,5.48129487169893,4.38735579443794,5.70015300813417,3.18816239964728,5.64722300569076
may1996,W15460,9.48,9.40293243961824,13.85,10.5340829941499,10.5028308351829,10.4044796569167,11.2782719653306,3.30301101330166,10.9682832232674
may1996,W15463,8.15,6.31878527707595,5.79,6.99136290643188,6.74612512679986,6.44147905086163,6.49856152657504,3.18944321473737,6.9245593342556
may1996,W15464,15.4,6.57397127191168,18.7,11.2899408442939,12.0598181513894,13.1907661984991,12.2566018511786,3.13543361984527,10.5945638955536
may1996,W15465,6.32,10.4810308839476,10.3,8.04695924606668,7.66329713544582,7.44537408401084,6.40416980569638,3.31241949876413,6.70946624705822
may1996,W15466,11.24,9.75345736794763,11.17,8.79316049935973,8.76591779780227,8.83462713671067,8.25574240507583,3.34356330308298,7.40147989017784
may1996,W15467,3.31,5.30476933457744,4.95,9.40736895570848,9.91380010979031,9.91001609904046,10.3088282142808,2.91242808821246,9.2281105817139
may1996,W15468,11.38,8.35576451044521,4.3,9.74485799306764,8.50406347362371,7.24909110404808,8.02303072306297,3.28153585852751,7.42329037501325
may1996,W15469,4,11.4354692548573,10.2,6.52626059300601,6.87213392959485,7.21803243089957,7.36057005327642,3.37557397891089,7.44093833865339
may1996,W15470,7,4.88010885680798,6.3,6.86666945729358,6.48328953065448,6.31750253917266,6.16095379590424,3.03898984440976,6.14029160175872
may1996,W15471,8.9,13.6097377591768,14.2,8.59459284733795,8.69567924884545,8.85999408924999,8.65240547970115,3.43765125594467,7.85175214183288
may1996,W15472,9.2,9.93812193738374,7,6.81604993845481,6.60821608008134,6.47425358495846,6.32924607776115,3.31997531206987,6.52932740290802
may1996,W15473,3.95,1.02157153777242,9.1,7.8881095258261,8.96805994758301,9.09017154187831,7.54459236289059,2.81040431231504,7.15123059417825
may1996,W15474,1.88,10.4111292746266,7,7.29733871518155,7.43332025994276,7.47956940651822,8.20868596744695,3.28543736735243,8.39591355260185
may1996,W15475,9.1,1.02157153777242,3.95,4.81419747724248,4.0334409195803,3.95522458464608,4.64083908260422,2.79636588561454,4.89795608239694
may1996,W15476,4.08,6.36249448600568,3.45,7.18116995136068,6.37666997945442,5.40893842325537,6.54257662452394,3.16265835193135,6.82016703955793
may1996,W15477,3.45,6.36249448600568,4.08,9.32898953780413,8.37009585048592,7.08192014814325,7.9158051389163,3.1415272217885,7.82996596871152
may1996,W15478,10.49,12.100274414552,3.45,9.33542335715494,9.04585687111948,8.75755932791632,7.86851158969701,3.32991126422321,7.45592986326052
may1996,W15479,10.3,9.90765547754053,16.38,9.36106097661488,9.85061398269576,10.2762073415448,8.55930647771552,3.18656377105405,7.86174509876875
may1996,W15480,2.25,4.12273133096738,5.85,5.4712597107005,5.42976916227947,5.51818827070957,5.27896554576822,2.98791201681798,5.22504985451826
may1996,W15481,4.36,10.7630389585397,1.73,8.13857193777473,6.93735124190815,5.75473502593186,7.62397823735691,3.41478941147681,6.27852538791669
may1996,W15482,6.1,8.24459485518848,6.6,5.33861954519697,5.70922694258744,6.05941642160372,5.94451482840714,3.20236303948882,6.15822208881486
may1996,W15483,3.99,8.19703461084561,3.99,4.64718277725694,4.4884220360525,4.34264010871872,4.51023734093861,3.23768931493624,4.88732746813812
may1996,W15484,5.9,10.616683645055,4.45,6.19444295150286,6.00680849588078,5.87135270977202,5.45509524324445,3.2865151380271,5.83891596934503
may1996,W15485,3.15,9.80774370458293,5.71,5.48079127609716,5.41280374937806,5.3643473424783,5.53028638369043,3.36482319198529,5.76625849369954
may1996,W15486,9.95,7.97945730656725,4.77,11.5832140962621,9.88385110900983,7.93652443370978,11.4684728626049,3.35666776021844,8.69706107908541
may1996,W15487,6.24,6.24121732587599,3.04,7.08114196938178,5.74590857592916,4.62808675711834,5.5571405653149,3.13585594688679,5.84735207966715
may1996,W15488,4.61,5.7282075308888,8.53,6.16725523291089,6.73239417305233,7.22424689480795,6.70061982878349,3.01576839179533,6.72383665493747
may1996,W15489,7.48,6.19212843563347,8.53,5.45689967243748,5.88095716132207,6.4421031850176,5.31240977183509,3.12370424969068,5.62085274915738
may1996,W15490,5.23,8.87325632727835,6.74,5.47706972211471,5.53144144492171,5.60935588593842,5.46523343365694,3.21514719702036,5.77488626278885
may1996,W15491,4.82,1.23057739124298,6.74,6.10802346990811,6.63289021343238,6.72863355491538,5.85693224366935,2.80580922453262,6.02775416463002
may1996,W15492,4.02,12.2310983350987,6.74,5.3228801192961,5.29309355609784,5.2681750525738,5.19877088307342,3.41989034556455,5.66404737259411
may1996,W15493,4.94,8.39044840293304,6.62,5.47508293046058,5.51351414981159,5.60513874143469,5.39558731876184,3.22749941920377,5.72056276091957
may1996,W15494,2.42,3.66558679961767,1.99,5.56672397082,3.88122598220103,2.72267380713439,5.14201873977604,2.96750444974957,4.76732885944593
may1996,W15495,4.53,7.81566360306701,2.42,5.4661508626693,4.43813312697361,3.59452852001222,4.16430012533673,3.2008631433939,4.38726767314294
may1996,W15496,4.01,7.1865095163177,6.54,5.73008803803146,5.8019360957388,5.93449116334276,5.62948050132629,3.24325962498678,5.99701070108405
may1996,W15497,6.64,9.68556142752174,5.91,5.92287283199378,5.99309328934877,6.07715735362965,6.04479571400324,3.25096490345395,6.39798829293333
may1996,W15498,7.08,9.33089678344468,7.02,5.51537288974828,5.55197270214887,5.63592284254105,5.56797050244252,3.2363883267821,5.97522146567094
may1996,W15499,7.02,9.33089678344468,7.08,5.70215198885301,5.89845008780098,6.07746226996126,6.08886794596235,3.21430225470517,6.42419694344866
may1996,W15500,5.4,9.27362397810711,4.59,5.65539064315849,5.80278477534862,5.90840078522134,6.00036493999218,3.1865387760666,6.18192223535382
may1996,W15501,7.11,9.48970956671728,3.71,5.74494417015524,5.7903113497162,5.79819246830276,5.96256498807894,3.23423733932974,6.20929315314567
may1996,W15502,4.52,10.4965207151751,2.42,7.09565918898262,6.56399197998251,5.96750825390871,7.62064358269169,3.41193966245665,6.48411679933894
may1996,W15503,9.15,6.79568922160912,6.71,9.43200324696287,9.24077908833708,8.82925962600935,9.4324519901389,3.30644474289515,10.0196624915303
may1996,W15504,3.83,4.75142590160031,2.45,3.8408284585307,3.19858193843594,2.75448976275579,3.50964466163308,3.11036571773868,3.53510618132673
may1996,W15505,3.23,16.0186700375392,8.21,6.23878663968984,6.28315501820283,6.32215226471172,5.38658252126547,3.77243984409049,5.25272406503264
may1996,W15506,9.58,7.98390039233197,4.2,7.20574085559958,6.16657115320121,5.20799239799949,6.22490669795559,3.32116517844497,5.83248406200616
may1996,W15507,11.74,10.0314987654983,16.15,8.15326701531336,10.1273069730872,12.0736651266118,9.94019982162128,3.55604249559836,8.02380563672917
may1996,W15508,2.94,10.9140134097236,9.58,8.1754027087923,8.63227971434774,8.88265573939214,8.23729807680833,3.62586920992037,7.56879167668017
may1996,W15509,16.15,10.0314987654983,11.74,6.99493172516628,8.08715383571238,9.32850970345591,7.08706162375466,3.57178246104142,6.33703677388239
may1996,W15510,2.4,14.6285184556993,2.45,3.07729220673563,2.97721701147377,2.88172814758335,2.81235081633573,3.55657507302353,3.34640994063123
may1996,W15512,8.21,10.8876878420175,9.68,6.27124653245246,6.60946909034105,7.00151048459358,6.04418612040643,3.41348903072539,5.80280069018936
may1996,W15513,6.77,4.70880298170374,6.1,5.80329023735154,5.81594031122114,5.83697616804698,5.77849616296839,2.93774695959978,6.01542553993212
may1996,W15514,9.56,6.02217002139554,4.29,5.42827174673492,5.32027755306065,5.175403817582,5.3314196517527,3.02909973265296,5.66073948520165
may1996,W15515,4.77,8.89091402015341,6.37,4.47493224175831,4.45025600494357,4.44654427473325,4.48007684576229,3.15957209673849,4.70130787352378
may1996,W15516,3.32,3.56741090402155,4.56,4.69303728288642,4.45977172408487,4.41311573177337,4.32024774097653,2.88831451320812,4.60172674759375
may1996,W15517,6.89,5.23831341566115,5.59,5.01273923757552,5.46112212660784,5.73379755319601,5.65349725194054,3.07874134755043,5.51991013520569
may1996,W15518,7.94,4.75107055090325,4.86,4.73186685292491,5.04064208290149,5.11892643547989,5.35333105506355,3.05362552633564,5.55079354684846
may1996,W15520,5.29,7.72084176203626,5.97,5.84077263393676,5.87341333776743,5.90918564757105,5.89745719485955,3.12721362400079,6.3621585512627
may1996,W15521,5.97,7.72084176203626,5.29,6.76176614422784,6.55719419729323,6.32559351413877,6.64559292042799,3.16938331795289,6.99781095844316
may1996,W15522,5.44,6.26776383225203,4.68,4.00232978790016,4.12862460608072,4.290748535191,4.05884945961407,3.14543427453227,4.3372392047156
may1996,W15523,4.68,6.26776383225203,5.44,4.03952446035291,4.38808023789634,4.75628132006848,4.46721657120659,3.1256221747092,4.58042570653951
may1996,W15524,5.77,8.73709663234156,5.24,5.8860260493979,5.65499694599193,5.4409155871117,5.77905356769995,3.48914402750047,6.1591491242612
may1996,W15526,4.33,10.9697034330068,4.17,4.75969313270627,4.61617583015684,4.46903269084812,4.74670773277857,3.55944164810368,5.19621188507209
may1996,W15527,4.17,8.56601265852073,3.4,4.51003852798529,4.27565630787671,4.07158290964409,4.2262840231492,3.26733158864159,4.71232586156976
may1996,W15528,4.85,12.7183608256942,3.4,4.45236999665431,4.31111669879975,4.20346198931787,4.10994764775023,3.44644417413356,4.60889088747506
may1996,W15529,3.8,11.5985378087637,4.26,4.80243297310214,4.73528108590605,4.60994288881487,4.64284462665987,3.40795485604015,5.0374079956939
may1996,W15530,3.84,13.0162521340322,10.6,5.70843709309876,6.15805057329589,6.71712150935227,6.52064264397652,3.73768193425108,6.222189747986
may1996,W15531,5.52,8.38048341187775,5.68,5.56093984388941,5.72465681125404,5.78489230109769,5.94908238211913,3.395272816374,6.06024177736291
may1996,W15535,6.5,4.67219208877022,8.3,7.63904779378367,7.56248333902506,7.71919408674715,7.33413701974259,3.02717648455065,7.79282250543356
may1996,W15536,6.9,11.4662867676129,8.72,12.1508406421189,11.9905803482973,11.7806163076217,11.9221328229037,3.32631058256276,11.2641150431359
may1996,W15537,22.1,9.21396360624222,17.11,15.364399274899,16.1084997832035,16.8188737353842,16.7069304878532,3.26560719443236,16.1568776161641
may1996,W15538,10.02,3.11414393892554,4.57,8.57519772667337,6.68031511014381,5.36748834071608,7.98569756613977,2.92729595869325,7.77392852151937
may1996,W15539,4.57,3.11414393892554,10.02,10.674538460501,10.3945496398208,10.1393041694422,10.8360449942413,2.94704363993453,10.4829395859242
may1996,W15540,13.75,5.15748874532387,10.4,11.6811649434187,11.9774427191677,11.6596028539661,12.916310094136,3.08924890267575,12.6353305680383
may1996,W15541,10.5,11.5258380570809,6.5,12.0369378856179,11.7447803564843,11.3999558790367,12.0649522976573,3.38277244552019,11.3855893393951
may1996,W15542,8.63,12.6744141275552,6.5,12.1804627774127,12.0449166993675,11.8167767581837,12.2614847799015,3.36906046859017,11.770978909527
may1996,W15543,8.67,8.22493145801587,6.78,5.72712138774988,5.77150173860652,5.84753512684019,6.04408351040641,3.18515773144936,6.18244774515058
may1996,W15544,4.43,7.41474347023652,6.47,7.17623124505524,6.9905989557011,6.82515163376426,7.07709108920972,3.09274045405862,7.30464289756585
may1996,W15545,7.13,7.61912932122224,5.27,5.25841964290035,5.33399718308948,5.38060207233936,5.33798687066955,3.19251579037551,5.76054635675669
may1996,W15546,5.27,7.61912932122224,7.13,6.10512187406864,6.24422534199979,6.38857525999369,6.33109386174106,3.03069642556975,6.69096465391751
may1996,W15547,6.47,7.41474347023652,4.43,6.15972228619433,5.91270343162975,5.62396925924952,5.95390756412708,3.15281742976549,6.35182094804962
may1996,W15548,9.9,5.71820620282313,3.9,5.82909732745517,5.84811680288828,5.80559565479404,5.97860133893189,2.95621196747113,6.14492564985368
may1996,W15549,5.95,5.78349735293634,4.56,4.75964121476865,4.61679762786383,4.53808241280389,4.36745443840903,3.10805869172265,4.87808314543896
may1996,W15550,6.72,5.76984101856968,7.22,5.78685082776697,5.96079381023487,6.20050192929053,5.8208516131833,3.06923915751366,6.03110460132718
may1996,W15551,3.72,8.21569443596408,5.62,5.2220104188736,5.25101274619818,5.30388253644238,4.9808062198408,3.13681896886763,5.40593319540029
may1996,W15552,7.22,5.48584402418466,4.14,5.4498587626779,5.38466655642689,5.31559072579568,5.33047748958394,2.95552241114223,5.62500395222597
may1996,W15553,2.99,4.09411083955987,2.18,4.61164371530504,3.8844429679047,3.26751223703411,4.20388219199696,2.95043152530068,4.29136707226838
may1996,W15554,5.97,6.30816103441019,2.99,4.84216546969402,4.40168877896515,4.02190248295174,4.56151126478289,3.07275087088766,4.71361946150718
may1996,W15555,4.95,8.58391848302309,2.18,4.58676980889889,4.17661145935882,3.77851994854764,3.95551046749694,3.21633923938385,4.21736468888023
may1996,W15556,2.18,4.09411083955987,2.99,4.57145980642563,3.9314737528971,3.42723586931159,3.97847579161908,3.08359467565541,4.326480514042
may1996,W15557,5.62,7.59811386150888,3.9,5.69738928003872,5.22979823369559,4.84312531158496,4.96473634760497,3.0721224284542,5.33842219364492
may1996,W15558,4.56,5.78349735293634,5.95,5.43280076695719,5.49630882723029,5.62228948057516,5.54387555297565,3.11104941316779,5.85368019159709
may1996,W15559,4.26,7.66573875538607,7.69,7.30569216191198,7.44777986764914,7.53107543126733,7.80851110421048,3.0873010759194,7.87096574109148
may1996,W15560,4.58,3.65731385021755,4.35,6.05697385824606,6.16106156851956,6.06099840366401,6.29172815810213,2.85997126692991,6.06799549198157
may1996,W15561,3.94,5.17552748855264,3.56,4.6752915285637,4.1214259723945,3.74918666987133,4.13553701797276,3.23002737946656,4.58113537382694
may1996,W15562,7.7,6.44300462220116,6.02,7.71531625466456,7.62500757576897,7.27697913629655,8.31146681317343,3.1964009596167,8.52480524690414
may1996,W15563,4.15,6.61295314744279,4.8,4.95821021727265,5.04169455020805,5.0445086056644,4.93327842500799,3.19845208032537,5.34873939377646
may1996,W15564,4.8,4.26264006673301,5.75,5.1491722116503,5.29595342200937,5.41850334837164,5.24907861303935,2.98480411415331,5.60627066635286
may1996,W15565,3.67,10.76876593899,3.98,4.98289722919622,4.94566277957521,4.87717163413917,4.925156868016,3.32153575368898,5.28627164658985
may1996,W15566,5.7,11.7194238876658,3.67,4.49437278144286,4.38078741721172,4.26910763108648,4.37327249901947,3.33312288003068,4.75581810629021
may1996,W15567,4.15,1.91471669842529,5.6,5.16440416527253,5.544547668704,5.59539040050232,5.26431773667018,2.99129713221034,5.52226137788906
may1996,W15570,4.23,7.30220488052826,5.22,7.0405839579897,6.54554934586469,5.99237836233804,5.49655534797501,3.42061344493616,6.24118843368303
may1996,W15571,5.48,4.79143092401558,6.44,8.67789942279567,7.69284042464785,6.99875529253624,8.04618135362439,3.11774700886217,8.22151424982885
may1996,W15572,6.44,4.79143092401558,5.48,8.08000801975464,7.3399870630147,6.63936608747039,7.52552275560176,3.0340795484766,7.66629190046835
may1996,W15573,6.99,9.57758861955877,7.62,8.54805637465466,7.9287485647289,7.39661954080143,7.28966603759252,3.3747026678056,7.47132938357848
may1996,W15574,21.3,6.06157344472715,4.77,7.28515793557524,6.09929075205884,5.30955091368935,6.88552663826385,3.21496381159066,6.69108507358718
may1996,W15575,4.66,8.92685767272902,21.3,10.691750878148,12.1224485105951,13.6111502015796,11.921713272522,3.34331111683572,10.3848098466128
may1996,W15577,11.85,4.44437837665169,12.84,8.69096180477161,9.95251973222821,11.2759047728445,9.37651999410206,3.0298143256147,9.07472467613565
may1996,W15578,7.02,9.95704147916383,5.22,7.6221722968295,7.97996889318295,8.11774464293343,8.46233279784471,3.32961623225257,8.32978653934886
may1996,W15579,10.49,11.7570659362692,7.02,7.23479393349852,7.33954628797417,7.35555701794435,8.03833191013072,3.70912872942828,8.16849288195322
may1996,W15580,3.43,11.5764524239881,9.14,7.28235541648355,6.84167878310166,6.70075912975599,6.09257374548189,3.46469016071419,6.36281079939589
may1996,W15581,5.33,11.2123587889863,9.5,8.06093253869818,7.77848178643811,7.65560705676948,7.34725131807634,3.3408061247929,7.37857949997428
may1996,W15582,3.97,13.7556399726584,5.33,6.61019157152426,6.53474543628667,6.40736541830239,6.15120844521437,3.62209877539149,6.72938868846991
may1996,W15583,8.58,9.55400919531329,10.55,7.44024835866633,8.08588679262661,8.80520299359885,8.15866245655726,3.41787526700365,8.19041660723379
may1996,W15584,5.93,13.4725597116421,7.37,7.77953608150751,7.39892462602976,7.11394153899072,6.71592083052976,3.4993273079719,7.26425771589772
may1996,W15585,6,8.12444080439941,7.37,8.57242410985846,8.07979678683554,7.67240315684713,7.89651165253313,3.35358712585791,8.25039332982072
may1996,W15586,4.15,6.82263648101083,3.52,7.59851649652864,6.82832906510061,6.03350478419126,6.51447822550563,3.18020772728093,6.63680077434955
may1996,W15587,11.23,9.60489389044829,4.15,7.53831812838668,7.50401228084609,7.47812479920951,7.80661144369859,3.23953852348887,7.64037727787149
may1996,W15588,10,11.7555742177215,10.54,7.87331851454333,8.08207357740374,8.32225350371794,7.6511896215047,3.52606069622107,7.9806335291731
may1996,W15589,7.6,6.71137668909838,7.52,8.88750021352878,8.58714277660467,8.29884438872328,8.68703192192752,3.23505401123927,9.14634122300978
may1996,W15590,5.04,6.2570976620095,6.65,7.0617002257593,6.68775963578575,6.47706935691699,6.90016297929421,3.22837415876902,6.83520710799655
may1996,W15591,7.15,6.72812992176449,9.6,8.91458405566987,8.99603632459249,9.24156983681778,8.91230836029249,3.26709863532458,9.12251709794556
may1996,W15592,6.67,9.53380209970212,4.49,6.70673125215743,6.01294864658117,5.35607021760399,6.56482688876077,3.48298990191703,6.87123354792015
may1996,W15594,10.65,14.5869726667096,5.84,8.39373474326356,8.41064831789451,8.41668875136908,8.72465007097216,3.48424994152571,8.65875636548439
may1996,W15596,10.85,11.3840502297035,11.9,8.236947696714,8.60954341324982,9.12007011191415,8.73578542335412,3.53377244248245,8.4317529672546
may1996,W15597,9.47,2.08414078611362,8.55,7.51648077583778,8.31427854412153,8.5148084013556,7.7081520915198,2.88087806355232,7.96475799814324
may1996,W15598,14.31,9.24516860136866,4.41,6.50942515468769,6.20583720321121,5.75352444207059,6.13399778218332,3.50872096545353,6.45180446724188
may1996,W15599,9.38,12.2465862214326,14.65,8.55669915827853,9.40135760051775,10.3401178954283,10.0972155153574,3.56588236201202,9.89392678796136
may1996,W15600,3.03,10.7143708020449,6.28,6.56690459483886,6.2444550893195,5.98520957208437,5.50934610303354,3.2532659930067,6.12384508206166
may1996,W15601,5.14,8.09130258191348,3.35,6.73572432397497,6.00865056750846,5.28749180196121,5.54388544850437,3.19704327328025,5.85162355531849
may1996,W15602,10.4,5.15748874532387,13.75,12.7542701728348,13.3022213711231,13.7351328303549,13.2255910493029,3.05804213626665,13.162750275342
may1996,W15603,8.72,10.8776180435034,9.27,11.7331030052337,11.1811157111284,10.6150083254061,10.9490818940179,3.29621412480825,11.1961806879282
may1996,W15604,17.1,5.26355609077693,7.6,9.60753781994074,9.02686451750955,8.5141098200653,9.36443304738222,3.05146131024683,10.1795767552903
may1996,W15605,9.75,8.31334571586615,12.33,11.0433563724845,11.2669445221423,11.6404553459403,11.7639395366872,3.50121821280103,12.4188533651092
may1996,W15606,12.33,8.31334571586615,9.75,9.71888384092504,9.64000959639866,9.55081924324999,9.86299936991657,3.23298658277093,10.7416390554744
may1996,W15607,13.96,3.62174121407609,20.15,14.6454075822371,17.4995886460934,19.1366189613239,15.8418579367439,2.98441963403417,15.1369877110902
may1996,W15608,9.27,8.99300915787502,7.7,10.7721818696295,10.0746045947128,9.49371184061961,9.38238388018523,3.15339551755236,10.38392656789
may1996,W15609,8.35,9.18791102667249,9.27,11.4339754508386,11.7845891814614,12.0309498354013,11.9485809651843,3.15308591623925,12.4419433122101
may1996,W15611,7.72,8.80757099683318,11.95,12.8927607045271,13.1870815375228,13.4563558374136,13.265502672588,3.25575894229336,13.6642769244693
may1996,W15612,11.95,8.80757099683318,7.72,10.7274124146454,10.2566586146584,9.83647330717753,10.204303073271,3.21326633412582,11.080182085179
may1996,W15613,18.15,2.26048035524856,18.5,13.5688857056525,16.7836898946973,18.1323004673581,13.6800637359746,2.88779282966195,13.2419136467634
may1996,W15615,3.97,9.02805513683668,5.35,4.26755542288549,4.40739715436861,4.57472863765042,4.86037009004617,3.38125506287116,5.0312028660908
may1996,W15616,3.77,8.34119325204986,2.48,3.44332190416798,3.26711043132362,3.09234590723021,3.17350187308893,3.16955073989006,3.51719894415643
may1996,W15617,3.99,9.78720460618245,3.32,4.52024502392832,4.43392563901433,4.35756904312168,4.38520375196422,3.26235884203226,4.70932722177592
may1996,W15618,4.59,11.8829947873706,4.02,4.09643934542011,4.04904581808264,3.99422097132354,3.82426229147824,3.3763100204927,4.11096365568831
may1996,W15619,2.95,6.7792530434613,5.35,3.94958490134596,4.16458527362996,4.3980760248161,4.12799130111164,3.12244072375719,4.3569767876346
may1996,W15620,4.02,10.5145487973538,2.95,3.59852093234054,3.4991159852408,3.40868378698716,3.34284707950713,3.32254421841662,3.67310185766849
may1996,W15623,3.32,7.3300943036256,4.2,4.62079077100516,4.43713823020553,4.2909152646963,4.44377970448085,3.24207833139693,4.83581479104503
may1996,W15626,11.5,8.54017220607432,8.65,10.8620949310733,10.5985011627093,10.117577723392,11.5617690426522,3.36658523324902,11.919847096897
may1996,W15628,9.43,5.88939471711892,7.76,7.46598871685593,7.60713402951729,7.70581272168731,7.17185671007993,3.33870428040565,7.67429982742816
may1996,W15629,7.76,5.88939471711892,9.43,7.32151316187701,8.39727287559476,9.07635736217693,8.28286638859771,3.2840882561946,8.54416303535185
may1996,W15630,5.13,11.3654648879931,6.98,7.13084489451453,7.01486378333636,6.88680981962947,7.00582203854027,3.46215392815973,7.43293542382698
may1996,W15633,5.35,10.1806148953544,7.9,6.77918526608552,6.87340437148337,7.0161903873481,7.21288849742719,3.43535398634613,7.64536014932939
may1996,W15638,9.78,8.74692199915021,14.68,20.079917972939,18.6694265289105,17.2450728460564,15.2063532878655,3.24945930038515,10.965328247915
may1996,W15639,25.49,3.53566899091654,29.85,26.9627171416859,28.2621446562274,29.257564193515,26.7368458256509,2.93704959228726,25.0814182185135
may1996,W15640,8.57,11.163177333016,1.77,5.30555455983286,4.6596436808407,4.0922358487577,3.98104868398429,3.43224944351252,4.4027655896504
may1996,W15641,3.45,4.70918321809093,6.18,6.70100696623272,6.31845209775151,6.0851321341528,6.5327595094457,2.98946826034593,6.70815631464844
may1996,W15642,3.75,2.75860584466026,4.4,5.29645214743494,4.80805980201956,4.5166619729516,5.30923782063327,2.94612243552053,5.67144902182071
may1996,W15643,4.4,2.75860584466026,3.75,5.10342443331374,4.34841129842039,3.91509211267429,5.27456270318519,2.95188847766757,5.51246405457818
may1996,W15644,3.36,3.33307437042058,4.1,4.97809797582308,4.46649088904797,4.20551074946088,4.52445204003,3.00165494126508,4.96905926049578
may1996,W15645,5.9,9.027318906669,6.18,5.28113133757062,5.15257765608879,5.08829083683916,4.95990548461705,3.12390538292582,5.38864767912646
may1996,W15646,6.18,1.47119938983401,5.52,5.70333317285253,5.42961773410052,5.46768107475424,5.29390580212695,2.73642314904482,5.54898313537023
may1996,W15647,5.52,1.47119938983401,6.18,6.04887361135713,6.01553288443997,6.11817394301015,5.82943991792933,2.75527470338995,5.91484303650553
may1996,W15648,5.1,5.82187575236551,4.1,4.93396951427739,4.63453028444633,4.35929211218307,5.03628674768531,3.13301906719283,5.24257306647333
may1996,W15650,5.98,8.01049212930223,7.62,5.58205596064107,6.04038346373914,6.47001782280037,6.02657056875081,3.18237735126476,6.12859527674771
may1996,W15651,11.2,14.8035046051139,9.46,7.15163641457642,7.53835895664647,7.91316844239102,7.51555269658815,3.65990140548956,7.53119987976412
may1996,W15652,6.06,14.5186300147645,5.8,7.05208648786399,6.75448385311007,6.46375632971851,6.92958457221128,3.68564235803015,7.24949518950348
may1996,W15653,8.16,12.4351954964389,10.02,7.47489276189333,8.10711056355082,8.66377505862313,8.41124657216684,3.59210759317024,8.50261208295481
may1996,W15654,12.04,8.13280395323373,7.5,9.2872886994809,9.23492456837088,9.23114591220124,8.60123980668627,3.13549926328628,8.84133347721162
may1996,W15655,7.5,8.13280395323373,12.04,12.5003050873173,12.2648312158908,12.134453664222,11.9890193597472,3.18230220843164,12.2711086186198
may1996,W15656,12.47,6.101040672196,17.11,15.7343996269319,16.1012833473309,16.2753807254099,16.982398422296,3.09327994818589,16.9988288408149
may1996,W15657,10.8,3.02078993598235,11,10.3522252208748,10.4511198750867,10.7337797748788,9.50865525705815,2.93821576348489,9.95440375755132
may1996,W15658,8.68,4.66120657341169,11,10.0266190576425,10.5496436401746,10.9414379035332,10.0428995568992,2.90852037381059,10.1650233541077
may1996,W15659,6.14,6.76012930440864,5.15,11.5042214804066,10.5302782117069,9.44037230854259,9.98120292032456,3.08722153886031,9.64515821954066
may1996,W15660,5.15,6.76012930440864,6.14,11.7704095318236,11.5529735057435,11.0769150898489,11.8941645247096,3.05369364107423,11.7133810141082
may1996,W15661,5.6,10.0351032103199,9.2,9.67048075467275,9.62564383702508,9.55244965960049,10.013830888356,3.21959863188392,10.5045606751446
may1996,W15662,7.4,6.40240531541869,8.85,9.65595434840358,9.14104920577982,8.80237653092803,8.99371126232241,3.06142283900821,9.31568054148799
may1996,W15663,14.35,9.24570604063275,7.25,10.3412490342713,9.99265229180888,9.64668991457097,9.4113195760973,3.20981784678048,10.1553584305797
may1996,W15670,4.96,11.8116857685557,7.52,9.52981652805198,9.69427201635203,9.80339351751341,9.95779559857814,3.41672460208324,10.190122590265
may1996,W15671,7.52,6.71137668909838,7.6,8.76649511153263,8.18510333568782,7.78485939040255,7.8371920600909,3.27276516254112,8.40642986325103
may1996,W15672,7.76,4.93127648571476,13.26,9.73874083810055,11.7984669992727,12.8665211898357,10.328353897023,3.29525277771388,9.9215945985195
may1996,W15673,13.26,4.93127648571476,7.76,7.84125292359562,7.82585387535167,7.78116441159543,8.02119800974363,3.26752061596098,8.30172544919606
may1996,W15675,6.47,10.0088806353175,9.07,9.1737476848667,9.09927133675555,9.06371287279753,8.42401283297234,3.4500017569686,8.88627830315236
may1996,W15690,3.53,14.8859243964733,5.95,4.7685080487996,4.73745662630874,4.71488787451865,4.77910164504629,3.53481984424417,5.2721179377968
may1996,W15691,4.05,8.95670468356122,5.08,5.09596010368117,5.05957407426098,5.01431815402681,5.23395720808211,3.20485627848285,5.48383725749874
may1996,W15692,5.31,14.7755841997967,4.65,5.15106091835667,5.03901290287712,4.9484073470588,4.88617583359604,3.55014778360795,5.33150572953944
may1996,W15693,6.09,12.918628142123,3.7,5.22510019178072,5.17269486155515,5.05811719799059,5.12624484516103,3.52138232552901,5.49842481476717
may1996,W15694,5.2,8.5362464563131,7.6,5.74085059555691,6.36463170977548,6.84797259127426,6.6280501532706,3.27590521995184,6.73234155110457
may1996,W15695,5.08,5.62354313585789,3.76,4.65904313569556,4.26078048563373,4.0232409263386,4.22561435643123,3.07609937837703,4.6340848016582
may1996,W15696,4.71,6.70546692990256,7.22,5.27911002142475,5.53657762902589,5.69347287350267,5.75413839749754,3.17210721448436,5.95925388248189
may1996,W15697,4.53,11.3099329902624,3.44,4.51571016812825,4.58515556065562,4.61972086103778,5.16070385967434,3.45871677114436,5.23666622485249
may1996,W15698,5.83,12.9657211351673,4.71,5.3024130729352,5.35074210527606,5.38842027354513,5.44510138211104,3.51673798531959,5.72902321504911
may1996,W15699,4.99,2.36000225301706,5.12,4.77109347490588,4.9805648267139,5.05830612395988,4.93757421066352,2.8356915333836,5.1031985840876
may1996,W15700,2.79,2.78562176735385,4.04,3.84690464372757,3.97738269121199,4.02800995414941,3.97702016911535,3.01560010665818,4.19279431721027
may1996,W15701,5.33,13.3348263067414,4.99,5.12084827602242,5.19539127576512,5.26556595218804,5.38698535367974,3.47766301969595,5.64166684126511
may1996,W15702,5.19,14.6341453702589,4.48,5.47863386503408,5.5195285198434,5.5314293442137,5.57372700265004,3.57193550697205,5.91076351352555
may1996,W15703,21.3,9.27269901469299,14.3,11.6813463086568,11.7292049572546,12.1306459915464,10.9918140460339,3.39517771381893,10.6417002769339
may1996,W15704,4.4,10.2634768843859,9.52,11.5233788929643,11.2123883716329,10.8064247148076,10.580700650136,3.35779411763997,10.9109379744364
may1996,W15705,10,12.9658655858663,6.2,12.7549796325204,12.6201926535455,12.1524998256386,12.9740840212944,3.54825307645251,11.6031628788851
may1996,W15706,6.3,9.92336977618313,14.3,10.4957926407962,11.7956961588882,12.9846566037835,11.928386006254,3.52831818958762,11.647424001734
may1996,W15707,9.47,12.3130511273332,20.75,15.2695711471175,14.9829066995956,14.782284153256,14.7267689700761,3.39224497140714,14.4788838935468
may1996,W15708,13.81,7.88571258641275,13.61,14.0435911998965,13.0365910620999,12.3226708294582,12.3156718088097,3.20505698580195,12.2448139074788
may1996,W15709,13.61,7.88571258641275,13.81,16.7884632860392,17.0687784494719,17.1359112980876,18.2903119651406,3.26153612694207,17.390048093063
may1996,W15710,4.03,6.84255531789858,2.75,5.3371154443804,5.15364047073003,4.79346328212871,5.59412854327444,3.15857490565828,5.40716427715164
may1996,W15711,4.18,5.8604506445059,1.87,5.01546834856753,4.49351912574338,3.91612086412966,4.91029735250395,3.06502072641031,4.93345161066073
may1996,W15712,5.23,15.908446407506,4.73,5.88971220042494,5.77247213018091,5.64766477599192,5.65315191678123,3.56313300744247,6.24250345091555
may1996,W15713,4.73,10.609243070827,5.8,6.18122283943469,6.15122406410501,6.0758466484434,6.09546154462714,3.4940842461112,6.63696715561753
may1996,W15714,2.64,3.93878542284931,3.91,4.50323915499594,4.32614198413699,4.18755711421233,4.34239681239746,2.95953002581087,4.5262032272959
may1996,W15715,10.12,4.99584009718383,7.16,5.38191220552079,5.96184194394854,6.53205573691754,5.71182211200648,3.12618898623035,5.8277450769615
may1996,W15716,1.21,6.66351010942913,6.35,6.32509798754615,6.96281991981561,7.44116685134849,7.12913698018458,3.14488370413244,6.60889361289514
may1996,W15717,6.35,6.66351010942913,1.21,5.00038194033246,4.33132615553785,3.47991560410421,4.80336827943497,3.16618845682384,4.03329106484967
may1996,W15718,13.6,8.79036252038982,1.21,6.85100367616538,6.42440233819158,5.96951188111229,7.09831426726172,3.22131105935616,5.61800200755082
may1996,W15719,4.06,8.8572665063921,6.16,5.22189034936986,5.39812479467455,5.57492581581741,5.56673342315364,3.33202543003381,5.90624711445308
may1996,W15720,7.17,9.31566742222909,3.46,4.63016286353267,4.44834232446563,4.24499232658175,4.90902093949267,3.33672353294727,5.18346762863253
may1996,W15721,4.06,8.72696732345236,6.44,5.99753547079361,6.10654981068546,6.21238951382854,7.07585216758073,3.27541466445797,7.28344983010822
may1996,W15722,4.94,4.51190375787425,1.87,4.81189050918815,4.52463000640451,4.30619482678212,4.81996134745808,2.85848037309967,4.81995526408429
may1996,W15723,6.44,5.15457798078098,4.94,5.22419907433707,4.88801873532956,4.7349138964064,5.15695570610069,3.03774981191574,5.28027139372491
may1996,W15724,5.9,9.70225853681892,10.02,5.90012700779173,6.68518254600524,7.54646571681716,6.49936607633844,3.41467307273831,6.55187367433647
may1996,W15725,3.17,8.70831739912122,3.46,4.40085485009225,4.50528203842237,4.53380899886981,4.5651684561683,3.2468887838169,4.80347104719249
may1996,W15726,4.25,8.93956514825966,4.91,3.91830347119612,3.90114569287768,3.94368365765902,3.63508045001987,3.23593540153478,4.07433913032322
may1996,W15727,3.46,8.70831739912122,3.17,4.64151534270513,4.78441943757204,4.85098903810367,5.0035338413689,3.2033633952863,5.27715256388128
may1996,W15728,3.48,5.36941001131639,2.75,4.86730856548424,4.26130225355499,3.67280596952499,4.47556803807751,3.06340998609763,4.73937336400181
may1996,W15729,3.64,4.70232007215459,9.98,8.66861005840935,8.72213540851302,8.9982558077848,8.28534918514025,2.9972547569727,8.65091894915334
may1996,W15731,10.05,3.43331700692497,12.12,8.92267461029873,10.2553474021115,11.3157028901614,9.47897505579345,2.95176996027273,9.16885430053569
may1996,W15732,8.89,1.41973442709904,7.59,8.79009293907344,7.73378059992044,7.60073133689532,8.07323599979416,2.8452587832669,8.61660803530816
may1996,W15733,11.26,11.3505094350669,14.2,10.4617774023483,10.5612558479218,10.7773463684946,10.5675352105586,3.37901717214204,10.9183085308647
may1996,W15734,12.5,11.7101437123957,9.14,11.5202603134272,11.6672276455559,11.7048662972844,12.4749409752781,3.42298279923774,12.6245972150883
may1996,W15737,1.74,12.6947013717474,8.47,11.8241909628765,11.3699778603988,10.9092329315407,10.5482291048478,3.43324653725349,10.3660632596624
may1996,W15738,17.17,6.04454514643667,8.09,9.92013790234536,10.964342659544,11.3665028726758,12.5253819144473,3.10074874294036,11.0214519401743
may1996,W15740,14.23,3.71116200596717,9.25,10.7544797799142,9.7936077722427,9.38697589274725,9.26433456718899,3.06115230125607,8.89848972021531
may1996,W15741,15.25,9.6913253994479,7.25,8.13976603822619,7.86660838166664,7.70051664148968,7.37546053882385,3.23408722742197,7.11180870708694
may1996,W15742,3.07,9.12545957885532,4.88,10.8508160374441,11.1496195124869,11.5312427056106,13.1023908569169,3.24146797179197,8.08547648240175
may1996,W15743,5.7,6.57949295527327,8.9,8.08024766992298,8.20143383526578,8.32658109536547,8.46099364008312,3.05568090259304,8.70658721286333
may1996,W15745,5.15,3.09385390031824,6.76,7.04658100897624,6.70278770412958,6.60533969050948,6.61214751649273,2.91152914592274,6.88850605114444
may1996,W15746,4.57,8.63878440782117,3.76,7.85594591014057,7.91260658900869,7.89753289116708,7.90827031374245,3.17036307913336,7.73934618283623
may1996,W15748,3.76,6.32813119946043,7.59,8.00249987919147,7.40768509398149,7.05647164954207,6.89121065737007,3.09412486814862,7.34276339327091
may1996,W15749,5.35,7.16370303347171,4.98,5.65517416314456,5.50554946748488,5.35228884989949,5.42752980948268,3.10401703332206,5.7492977727405
may1996,W15750,3.9,7.67248305370912,10.62,7.14613944228124,7.40833404573727,7.82702958232111,7.42283479685045,3.18539680645864,7.59355365670593
may1996,W15751,5.41,6.39773820841544,5.88,7.50691170314023,7.3789317526886,7.17953155008385,7.52002395905657,3.09960155359177,7.64214443159481
may1996,W15752,5.88,6.39773820841544,5.41,6.19244071847425,6.10164783486693,5.93620471516781,5.90758054211404,3.1242498510154,6.38205375881225
may1996,W15754,6.28,8.20350191045563,8.06,7.75705705268981,7.78544594040737,7.84781943413352,7.825613891336,3.11625653787711,8.15321998671282
may1996,W15755,6.03,4.60258667160648,8.9,8.38235539780687,8.27666239223249,8.3958598219224,8.1683074299256,3.01719211969556,8.49994285285512
may1996,W15756,8.28,9.83054395192319,5.41,6.45821368627791,6.04037718822671,5.71790103484867,5.39614414454837,3.21836928231426,6.02811729834044
may1996,W15759,8.05,7.70928521086558,7.8,7.01509609080256,7.21975782368771,7.408160909635,7.41380654556128,3.17951631206578,7.03400487913533
may1996,W15761,4.45,5.24613693975722,4.98,5.35587162459968,5.12545585687945,4.97912217066967,4.97242275015416,2.98840581617139,5.39754282410918
may1996,W15762,3.02,7.03898419983672,9.72,6.47570635888746,6.51878846685714,6.69739136753419,6.44997048515013,3.04768726319677,6.49452088808575
may1996,W15764,7.26,7.30585820644774,15.15,7.89569977581653,8.6058220394372,9.23168734139281,8.80715449242736,3.02200084625536,8.43581317524588
may1996,W15765,7.18,6.71073744682249,11.58,8.4430683600978,9.05492204017566,9.64747166887046,9.43035990127221,3.06793094932768,8.99739704739739
may1996,W15766,3.95,0.543483069899296,7.93,7.60644689791178,7.91267254970536,7.92940843872817,7.5573073464504,2.65207797558479,7.6769727921709
may1996,W15767,7.38,10.0534941469969,13.12,9.76574516382889,10.1100527026484,10.4387301317193,10.5821514594238,3.34183352994497,10.6477534489997
may1996,W15769,9,8.4802115933267,7.98,7.95963035197612,7.61939864175402,7.47594317919588,7.27682086357302,3.33283560318042,7.93733486834152
may1996,W15770,11.05,10.5481529143412,6.46,9.29633745340342,8.99248110797804,8.67365405845155,9.01484451510929,3.3319762707639,9.42305472778732
may1996,W15771,11.35,6.52724896088183,6.8,8.44435472641158,7.88865527434805,7.416573518785,7.86111759746544,3.11912608277535,8.54270450034921
may1996,W15772,6.46,8.07564514873778,11.35,9.70909617240768,10.1072275996577,10.4543849932834,10.5851288983085,3.24938121624121,10.9266918615442
may1996,W15773,12.69,15.088266436479,6.46,8.76330380702425,8.75603026224435,8.7049347200998,8.58539709326926,3.56004180131883,9.06084527321652
may1996,W15774,5.35,11.9747838891013,6.29,9.16694684233921,9.07901902913698,8.97281587270359,8.77513749112538,3.3769973373857,9.09588141170579
may1996,W15775,8.43,6.04622546162167,17.07,10.1049981478195,12.1036870248192,14.315676431335,10.8289769749334,3.20060817768145,10.0490414215093
may1996,W15776,6.29,11.9747838891013,5.35,9.62842354572874,9.66373421521238,9.61939724463691,9.4369834191795,3.35992267209702,9.68769832669943
may1996,W15778,2.62,14.4269866485558,9.14,8.24839469874456,8.70207138544049,9.09742343571311,9.21382136218402,3.68516870165265,9.15453540894941
may1996,W15780,10.2,6.51423477088786,6.63,7.88017244278725,7.43244482980857,7.00155699799293,7.97536665578906,3.33840860164939,7.68402105651248
may1996,W15781,6.63,6.51423477088786,10.2,7.87117547325398,8.51104497943419,9.11638562886546,8.60070149546675,3.19093398258863,8.3773063479943
may1996,W15782,8.59,20.7135830494508,7.3,6.82147751647071,7.01403733901084,7.18821034825223,7.37202038871047,3.89670320079055,7.47011268195693
may1996,W15784,3.86,3.29567383062464,7.6,9.2167763736372,8.21730946879407,7.75978659586048,7.83321664878876,3.00391353007827,8.44746751826175
may1996,W15785,5.67,13.1998989129003,7.6,7.1229447111021,7.25847761547807,7.36857782487696,6.57556276896427,3.39947038154964,7.16443241587728
may1996,W15786,21.33,8.24695054516201,30,15.4755073412492,17.5524833988736,19.6720945218847,18.4218297981039,3.21502143622937,16.5506413143672
may1996,W15787,11.62,6.06564925594484,11.88,12.0874461446481,12.0101589882931,11.9927905452435,12.1618269635221,3.15315581203752,11.91055073464
may1996,W15788,11.43,8.53359658395509,7.6,13.051283698352,12.2897560079102,11.5407016420431,13.2071633346663,3.21484097687005,11.7429818458729
may1996,W15789,11.15,14.5286849283003,17.17,11.6921145595269,12.083787127306,12.3090124612732,13.4784460243427,3.4215314666173,12.8030480540706
may1996,W15790,14.46,11.3567674822017,11.62,15.021540973389,16.299432362738,17.3102369847175,17.4145041582806,3.33131422599937,16.6170630860687
may1996,W15791,3.48,12.8660429192702,5.54,5.67959292363623,5.73631911285317,5.77265233691684,5.78533552894882,3.42331897094386,6.3649829451239
may1996,W15792,7.77,3.99209347199429,6.53,6.37693809772142,6.33938942038152,6.41904725798957,5.64489944765588,3.06129421930873,6.26440887789582
may1996,W15793,2.88,7.95029653111189,7.58,9.59023933153832,9.12105645667308,8.64944946376829,8.59541894072897,3.21909034513424,8.84504427840258
may1996,W15794,6.22,10.7503097101717,21,9.5729746869047,10.4157115787646,11.4513144614192,10.6958997063916,3.36696738273584,9.18753109274503
may1996,W15795,23.76,15.2283406820002,16.62,13.5471466450883,13.6113370168532,13.6401986737419,14.4194694889353,3.52531220314472,13.0994426603598
may1996,W15796,2.97,3.86261898018869,3.19,8.3682149267167,7.70866894816912,6.72980559400237,8.55790379701748,2.90774314583714,7.58322314464947
may1996,W15797,2.35,0.386809654871211,13.37,12.7518731586473,13.3497989639812,13.3694960483606,12.4326768047681,2.68651737195207,11.3742702827021
may1996,W15798,13.37,0.386809654871211,2.35,4.38307750320652,2.4353730519909,2.35293896809525,6.41154181329766,2.69264642828739,5.41276928761112
may1996,W15799,13.26,3.3146470973851,15.05,8.02768908104629,9.47174929326902,11.1306250548141,8.31622301226423,2.82433117428275,7.02061399015156
may1996,W15800,6.53,3.99209347199429,7.77,8.47905025853991,7.86350474604785,7.69071442450344,6.81807269016504,3.02051682498739,6.81255086718656
may1996,W15801,6.11,4.86976093700803,13.26,8.26490661851604,9.78600246517132,11.3178769789288,9.12484628572965,3.0544723130653,7.94168604983948
may1996,W15802,5.36,7.84054498596731,7.58,9.44290172703361,9.48100279949577,9.57688012095526,9.64814790928041,3.13987597484612,8.97819558168277
may1996,W15803,13.22,11.481420806314,15.48,8.94354556228893,9.13673033010142,9.35904700229532,8.46733964229395,3.31825480392286,7.49712406435363
may1996,W15804,15.48,3.90955291723113,17.97,10.267620680197,13.4459840016401,16.0158064730166,11.7954154035459,3.0106003373529,10.2420545549461
may1996,W15805,6.09,11.6974598601908,4.08,8.68136894134717,8.71035326447213,8.7582378385757,7.63250034410937,3.3585972327577,7.09986860682542
may1996,W15806,3,5.85183748517199,15,11.9049157110578,13.1654241123735,14.1352627471915,13.7938888123533,3.14720743020508,12.9990355927165
may1996,W15807,15,5.85183748517199,3,10.062681552559,9.65371382942588,9.18316099189934,9.70874949315647,3.00483087279662,8.46222382384845
may1996,W15808,14.9,5.10914210079769,11.5,11.4972330447502,11.9725501103082,12.1237219283909,12.2110224623666,2.99484634525685,11.5042069093101
may1996,W15810,8.95,8.9653737805446,15,15.9230767250325,16.4381963941801,16.7676274657268,16.6085820618992,3.17473815015365,16.0388492041268
may1996,W15811,15.75,6.43689581169527,15,10.1466473070676,10.971081229495,11.8985175854102,10.9855693606159,3.10511681559571,10.1525243175874
may1996,W15812,15.95,9.4916012575082,15,10.1264859017369,10.2328241846666,10.3982878934075,10.0111746759887,3.24339442703115,9.15377711959886
may1996,W15813,6.75,11.4436041578329,15.95,13.1605145277633,13.8100892289963,14.3680877032549,14.2669561928448,3.35985239514413,13.5663543004292
may1996,W15814,30,8.25056617280124,18.5,13.7751806681338,14.3413871167742,14.8573488271282,14.649287656229,3.09004999806336,14.7459118426241
may1996,W15816,16.4,4.37690558900851,19.35,16.2650892000112,17.4760559191627,18.4353066808418,17.2977180290262,2.96174603136373,16.2977126934122
may1996,W15818,6.55,14.5730103482946,4.06,5.6876162306097,5.25969249118452,4.79506774368616,5.30094270036522,3.87026809787198,5.53642398170965
may1996,W15819,10.86,9.91659195963624,2.52,4.77946177906902,3.91413143001924,3.23097532403737,4.23672494409419,3.57814144603413,4.47844191309266
may1996,W15820,5.09,3.73370799614327,4.86,5.78443335485573,5.52603872554907,5.28237955604913,6.04666026100336,3.06848372585487,6.38394329750592
may1996,W15821,8.7,7.88191931121676,3.7,5.25898254247248,5.06449801575644,4.88216556596181,5.35153827305878,3.23815263577273,5.70887659208292
may1996,W15822,2.58,6.49905088023014,2.2,3.11488085059628,3.00047152170675,2.87892330057584,3.02638798606703,3.19928641795956,3.27532309131029
may1996,W15823,3.08,11.3823319571611,3.42,3.15082413637417,3.14138786922359,3.133759832249,3.1612716731402,3.38835578630404,3.48095482196976
may1996,W15824,4,10.3972842484913,3.73,3.80083658691271,3.65989968843207,3.54543622587135,3.51870917403075,3.30450665964074,3.81129313851072
may1996,W15825,4.07,1.62513631452513,4.79,4.25480902682548,4.7040485934124,4.77992047119084,4.34100088117143,2.86419938934551,4.48679382461941
may1996,W15826,3.42,9.92227715465685,4.07,3.80653882733761,3.84639962440938,3.88654196112948,3.62952920064396,3.33368486362319,3.91960135029913
may1996,W15827,3.97,13.9075591040521,2.19,4.38454754711459,4.22281194951003,4.0264677570667,4.13746247933168,3.59937813423296,4.34675300226205
may1996,W15828,6.29,8.77985698058447,7.02,8.24526937880957,8.01934849516445,7.8007403903966,7.96647608455126,3.26656098032548,8.6052167829968
may1996,W15829,7.32,7.91028256672131,7.04,6.98518007403773,7.10030247078648,7.20242126228533,7.02732428590518,3.27402852286776,7.59806724476315
may1996,W15830,5.34,17.0806520330076,7.04,7.81277086512524,7.90328114237285,7.97466193000221,8.3188696793443,3.6330391656543,8.88382033314067
may1996,W15831,8.35,15.3298019617764,6.02,8.02205274375118,7.82754457835381,7.6100006723065,8.33586299850151,3.65000676102107,8.84407054645171
may1996,W15832,11.68,22.2850851398402,8.35,8.63123410354475,8.65336921955855,8.66562863565938,8.68692797905564,3.94578498152437,9.36484382812365
may1996,W15833,4.89,10.2395507552455,10.17,7.94001044708588,8.12133132265486,8.39750790826114,8.41803695471244,3.43586060322643,8.87286972861436
may1996,W15834,1.24,13.7304758180668,6.33,8.50867713585666,8.52431860504674,8.42293234357799,8.57352835417998,3.57743090219097,9.11438346913979
may1996,W15835,8.25,4.38632614327031,3.5,5.97048503744654,5.77843544727258,5.59209402638718,6.18063183279608,2.85715452848802,5.91433684727863
may1996,W15836,7.75,8.3723481255138,9,7.38418562549118,7.4505582783195,7.49821597758342,7.77850042366427,3.18896015800741,7.1199937288218
may1996,W15837,9,8.3723481255138,7.75,6.10319247802433,6.15901015547473,6.32711995141371,6.16257986006291,3.22616093851619,6.12648856355547
may1996,W15838,3.66,6.38972537307908,3.9,5.62120040234632,5.56455185926056,5.33965116449355,5.53720066103359,3.13610859397148,5.70388139531619
may1996,W15839,9.26,7.16339996289536,4.7,5.73134437418639,5.6712598151243,5.52931872584687,5.66429894635994,3.16549149254434,5.99580030795346
may1996,W15840,7.1,7.98549511470953,6.25,6.65318316321968,6.68992621309186,6.66615963672557,6.78965441748339,3.17130004639433,7.15100633493772
may1996,W15841,6.25,7.98549511470953,7.1,6.62884372817746,6.75268440927543,6.89010348659691,6.82853941498172,3.24141161850842,7.19140384187961
may1996,W15842,6.13,5.86810448067915,5.55,6.46610397541253,6.30090266458224,6.11068866910083,6.21040522575972,3.05578611229328,6.45200520620291
may1996,W15847,9.4,16.0810638053913,7.58,6.14228504925222,6.03783931618231,5.9426641108532,5.83019164384875,3.60344895622008,6.40083856376545
may1996,W15848,6.19,11.8625230352581,7.58,7.92813666306427,7.91397384135788,7.91841349286374,7.85468573582761,3.44420480390334,8.3636749075749
may1996,W15849,7.58,11.8625230352581,6.19,7.36458887404835,7.42260407265513,7.4176501412228,7.49045878652444,3.45168652308145,7.88361650938491
may1996,W15850,11.4,10.0856389597708,7.74,8.05163021561778,7.89392609597307,7.77388158029297,8.07492832270516,3.49240788724768,8.51314737471039
may1996,W15851,6.5,4.00674195755496,15,10.4764982321656,12.7225591372054,14.1574601562419,11.6305161447882,3.10662307227379,11.3380222238635
may1996,W15852,1.22,5.6399927289994,4.34,3.46996255248869,3.54034280124845,3.66569232474684,3.58695447666902,3.13351447223209,3.77911287705616
may1996,W15853,3.45,13.9089822366595,3.38,3.89749862149266,3.87564640214541,3.81322823263173,3.848923260215,3.74108614386514,4.22522572509628
may1996,W15854,3.12,13.4157959450589,1.22,3.19156229323,3.05937746118659,2.87073255220636,3.19726044385795,3.64490412726328,3.40770297513322
may1996,W15855,2.94,9.64785620541706,3.52,3.80149928687843,3.86974717525141,3.87888903025107,4.01439561238393,3.42559260557225,4.30837324843842
may1996,W15856,3.52,9.64785620541706,2.94,3.66642876232664,3.60426809624029,3.42915385835418,3.93986033609531,3.52872219269754,4.25322670196263
may1996,W15858,4.34,2.05953244351294,2.2,2.54366976172375,2.20406181870988,2.17211166670004,2.26407681054098,2.82554916213055,2.45997957404865
may1996,W15859,2.2,2.05953244351294,4.34,3.42631582503131,3.94952435444274,4.21862399841894,3.31635559452984,2.83102934958428,3.29752655853692
may1996,W15860,3.38,9.21205266291893,3.89,4.38511189560289,4.34742934085952,4.25309556374639,4.36806036785438,3.37870396669033,4.65238174140862
may1996,W15861,4.85,12.8107185578513,2.94,3.3282723113628,3.29838054578666,3.27448290504456,3.30682286410645,3.46339616997654,3.61657347153158
may1996,W15862,4,10.82867463069,3.9,4.6983944791934,4.49358676962746,4.32046114204172,4.1135037654999,3.3959468086039,4.59349324109985
may1996,W15863,1.4,7.73231060752471,3.5,5.78145540932933,4.96433515290663,4.23077059654845,6.57416821995523,3.41574351467219,6.25997458706139
may1996,W15864,3.22,11.766628944611,5.4,6.90173742821724,6.98468722176716,6.94431698633335,7.34359513329595,3.53404884024655,7.45432616269651
may1996,W15865,6.55,16.9171012346077,6.4,5.28957998170336,5.38009789091053,5.49368347106414,7.62565420280506,3.79195670267386,6.91172994437577
may1996,W15866,3.5,7.73231060752471,1.4,5.52495881116199,4.24173941705177,2.96241224515566,4.94673926510069,3.36039439080313,4.22730046153632
may1996,W15867,6.4,8.18007905646576,6.4,5.38278294564305,5.48498499168973,5.74661610314275,5.27578321326489,3.33754067431392,5.4961289579717
may1996,W15868,13.67,7.30768939545946,3.4,7.68545283560941,6.60530968205339,5.41778411821207,6.18631670023779,3.29696244356022,6.32492616605424
may1996,W15869,3,6.79068263011863,7.1,7.05954557461785,6.69496346949466,6.5412596612524,7.22959359301551,3.21186045018812,7.44640040577849
may1996,W15872,5.77,5.4701536436049,7.1,5.58745084132378,5.71648699384922,5.96616061697535,5.55251470617325,3.04407090373273,5.85643137579887
may1996,W15873,4.23,7.68513936471852,2.28,5.33874108493584,4.79335074358538,4.23408663959734,4.70708559994307,3.1896035778257,5.07639314916955
may1996,W15874,9.57,11.0773824261663,18.97,10.7594397752686,11.3516075188482,11.9638789432099,11.6940225049124,3.31897130013355,11.3461095064258
may1996,W15876,12.9,6.95861722211084,13.55,8.81677413777037,9.95734352023225,11.0690620393711,9.63187609391284,3.20528544765575,9.222059093418
may1996,W15877,18.97,8.21296243718706,9.9,9.24080237149698,9.42162320410014,9.5991411337853,9.69203604247419,3.33584911160526,9.97552019484268
may1996,W15878,8.12,9.59401389143019,12.9,10.3307185316925,10.7934693549942,11.2655567303064,10.9341780600473,3.28121390655564,10.7051989100856
may1996,W15879,3.19,1.83093962575663,3.62,4.15927778238615,3.72098871139694,3.62657926138038,3.99914836783482,2.81784150922737,4.01954951280727
may1996,W15881,7.34,8.09788471533988,4.17,5.13575120887842,4.97205190111897,4.82077080283471,4.8689937852608,3.19015061482247,5.31418259988066
may1996,W15882,4.17,8.09788471533988,7.34,5.4794511169493,5.5925306412251,5.76660631334149,5.57470683190236,3.18741860879561,5.8157782706441
may1996,W15883,8.36,9.96315748708032,5.19,4.53592508677297,4.59110544996986,4.68499510869214,4.91159011454786,3.44182138915558,5.05646513398303
may1996,W15884,5.47,11.637249819536,3.42,5.30750035172674,5.4312860229245,5.53674959751452,5.89030788799701,3.37126128144665,5.93335435759134
may1996,W15885,5.59,5.23831341566115,6.89,5.22003160979645,5.77040217391795,6.31683514760165,5.76178233425555,3.17891528326447,5.35168978492953
may1996,W15886,9.34,8.74262981675018,6.28,7.57178761954146,7.4595328981184,7.22111824049119,7.51562218510205,3.39877316466862,7.7063380012434
may1996,W15887,14.65,12.5774204656515,5.25,6.94747929009751,6.88797965557606,6.79684207345949,6.96773656632134,3.48789476498447,7.61090073214869
may1996,W15888,7.03,9.64222760090091,5.25,8.02887770569373,7.98866114170458,7.70038030985658,7.94904801877752,3.48367216810433,8.12531871052217
may1996,W15890,6.79,15.2902855759728,9.34,8.50989428503789,8.70404928980655,8.99435345557089,8.46579811030772,3.80951809116866,8.62685602133389
may1996,W15891,12.9,6.28860731116183,13.94,10.8271751023248,11.266367908924,11.676434375943,11.4034500644741,3.08605669256917,11.5064663292659
may1996,W15892,3.97,13.4374703737158,6.08,9.54509874715126,9.57222073545784,9.56300615089765,9.04220169289649,3.5154574780355,9.39807763818501
may1996,W15893,6.08,9.97966645385556,13.94,11.5160739873429,11.5417696602569,11.6353855481022,10.604085181742,3.30848215421606,10.5074419327847
may1996,W15894,11.27,8.37391597963751,9.87,10.6552298816266,11.478929827384,12.0978547567596,11.4315682346372,3.21701886771589,10.9832695138964
may1996,W15895,7.67,7.7799193463657,12.9,12.2083496949447,12.2990422469901,12.3688886995612,12.2793056297093,3.18694338163816,12.554846528666
may1996,W15896,12.97,6.28703654819103,7.21,7.72737683964215,7.71818119077672,7.68487333489872,8.04028915651225,3.10151528622028,8.35518281853229
may1996,W15897,9.57,2.12464491652488,5.93,7.3942858240364,6.51833936020016,6.08152967210562,7.96280617202672,2.8718379844993,7.97116574365059
may1996,W15899,3.33,11.2986341510636,3.48,5.45368670102329,4.98914204382541,4.63618224290963,4.95083116887259,3.31126386285351,5.18500761500418
may1996,W15900,3.48,7.18708847276986,3.23,4.99937467352614,4.10300647232089,3.56405213002385,3.94800911845562,3.35877337386899,4.53352712361466
may1996,W15901,3.23,7.18708847276986,3.48,4.66163262543755,3.91029303136943,3.5335200207379,3.70656727866601,3.32995307899328,4.31938871985905
may1996,W15911,3.43,11.9374833041912,2.48,3.89742310653937,3.44483197061704,3.06968255784396,4.02397301964338,3.77963526013125,4.35905617030276
may1996,W15912,2.48,11.9374833041912,3.43,4.05783612724888,3.84742980879637,3.67750666694139,4.23866905479859,3.56211559281064,4.6700289706443
may1996,W15913,8.9,4.60258667160648,6.03,7.46743436109145,6.80430696610274,6.33711684335895,6.96885602856839,2.96419146235823,7.48315128008381
may1996,W15914,6.1,6.34460378689986,10.15,7.33966627063041,7.195780205628,7.3516230993003,6.54664408325154,3.0511646715323,6.70735380654376
may1996,W15915,3.15,6.02178097079694,6.08,8.20681431625357,7.99024520199928,7.51597841216238,7.95859515338525,3.16780796101086,8.19063814925136
may1996,W15916,6.08,6.02178097079694,3.15,7.56257322563164,6.65674001281603,5.54172013231313,6.33878846812572,3.1260005073705,6.40234143008051
may1996,W15917,6.04,4.75833960711361,10.15,8.33335721628358,8.56032904922482,9.13850525874706,7.81575968791195,3.0673124603021,7.66293395148663
may1996,W15918,10.95,6.79038964119132,5.34,8.56182895796647,8.29445207552165,7.93409467298802,8.3039930586767,3.08510030119049,8.26361486059135
may1996,W15919,5.34,5.26048531907925,11.3,8.81128347351435,9.12770177890903,9.59609199783728,8.66416900034655,2.95108958713162,8.68244505928619
may1996,W15920,6.9,9.67123584903488,5.07,7.40268560314221,7.07502055209423,6.78220450113351,7.23743381828391,3.19414090254296,7.7367411695345
may1996,W15921,11.3,4.27102753723843,5.52,7.9565636986716,7.19202782759441,6.48203542299852,7.61571545332645,2.86689410103452,7.88342667210445
may1996,W15922,5.52,4.27102753723843,11.3,9.55121388695459,10.1979453515696,10.7538731811321,10.6381670816286,2.94303867918009,10.6207853113687
may1996,W15923,13.86,5.18709303658604,10.8,8.76567533196361,9.01498466757569,9.35786168198984,8.93413262953454,2.99550345525862,9.13445617188969
may1996,W15924,4.95,9.88260351402045,5.9,7.96249139238572,8.11800844736159,8.22367630359373,8.44733390656098,3.18741939973611,8.55838679073129
may1996,W15925,5.9,4.99319572106138,8.57,6.96586163410744,7.28147934428343,7.7399098142199,6.68728647944219,3.0532310853843,7.07238445959707
may1996,W15926,5.57,6.07177043756803,9.45,7.66630642469038,7.66095282334262,7.7230822458457,7.07373309432571,3.00657825075793,7.47781832301434
may1996,W15927,9.45,5.67591152353717,5.79,7.45308362501662,7.01075203747196,6.62624382840053,7.03895515178213,2.94471539602972,7.448578577758
may1996,W15928,9.73,6.92456805433013,6.07,7.53345867073881,7.49043769092875,7.36304733054819,7.63943291879389,3.08803018488994,7.78827886280833
may1996,W15929,8.12,9.3610269403426,5.2,8.82304701455732,8.83723021563243,8.84679320692821,8.63440972724634,3.14052412165781,8.6590879522695
may1996,W15930,9.2,3.66128161481208,8.3,6.86496682297111,6.58785315813906,6.45002823299411,6.47726688172702,2.72447103839628,6.60480345317311
may1996,W15931,5.7,4.12380281076469,7.4,6.46222458592227,6.53621150193906,6.73270863564971,6.42012375648674,2.81054340949108,6.61307145689908
may1996,W15932,3.33,6.47931250459885,7.4,5.13038696385236,5.20208540778707,5.34970177994607,4.86049970841861,3.0161502122791,5.08575821912069
may1996,W15933,6.35,2.92670044982427,4.85,4.93154009432612,5.02765970632504,5.115218699058,4.67321746009563,2.77026833934224,4.87609529066527
may1996,W15934,3.72,5.39175568493136,4.85,6.10662877468186,5.75399031157412,5.51490937911083,5.38147605869852,2.89441204580304,5.70533966118122
may1996,W15935,4.05,5.76190064886764,4.85,6.23706630325058,6.44017503187744,6.57942849515879,6.63833219298636,2.92148105112097,6.5141426942415
may1996,W15936,4.85,2.92670044982427,6.35,5.49220204116904,5.6206689687676,5.84020116457391,5.26250339618535,2.76163747204031,5.41458668792624
may1996,W15937,6.22,6.45871456079113,5.7,6.55446851801831,6.41931274928442,6.25062330174898,6.85546518392313,3.03420533072198,7.1728016821529
may1996,W15938,6.2,7.13569125954528,7.57,8.61324957283381,8.44916529853507,8.23246100389004,8.75708956243697,3.19187532551564,8.70431212057891
may1996,W15940,13.5,9.18481387253024,5.5,7.6262287823596,7.42900662086569,7.26861063449581,7.41133615085631,3.18701613682431,7.56440104929892
may1996,W15941,10.2,6.54890036606638,5.96,5.63596443579144,5.5775629491621,5.5387406421496,5.62752600992204,2.93252566114677,5.58611782399048
may1996,W15942,4.25,2.33746207055967,4.13,5.15619638059473,4.81482691286203,4.45217337710722,5.04843609909729,2.75735835879293,5.15509692370829
may1996,W15943,5.96,3.64406967188012,2.15,4.68950299366731,4.29288318475703,3.68664733959355,4.62454031972342,2.84489100030915,4.45514982059553
may1996,W15944,5.3,1.54885265713494,9.35,8.16736812151784,9.05126308692823,9.31067603052054,8.03747474033971,2.73831108835856,7.78966044838253
may1996,W15945,8.2,4.22712858475383,8.3,7.46842185364592,7.75853128356672,7.95825950410105,7.67890056327832,2.77692725770752,7.74036804127924
may1996,W15946,11.2,0.906710148269633,10.2,8.42546905134199,9.8755762853698,10.1606507390842,8.51179930843246,2.67321140925361,8.42448945936944
may1996,W15947,10.2,0.906710148269633,11.2,8.88672395448149,10.7853415093341,11.1510432161894,8.88353498719249,2.68462195248822,8.62226899196355
may1996,W15948,9.35,1.54885265713494,5.3,6.38880939333578,6.16004009083905,5.73164852519994,6.89303022719632,2.71515019821967,6.69416188108855
may1996,W15949,6.97,5.84638671656222,8.57,7.22718130345277,7.38062361582672,7.72291378854415,6.89783213567796,3.18013006808361,7.05555933447031
may1996,W15951,7.98,7.16092274420377,12.82,9.39647003534546,10.3493287788331,11.1982163071978,10.9376468333064,3.12824414372562,10.6152794062982
may1996,W15952,10.05,5.49696779425843,6.52,7.06126242688537,6.86482173379533,6.67088887750687,6.68610502584107,3.05834971165977,7.06846149937795
may1996,W15954,5.13,6.40436245070171,3.45,4.65682033764481,4.51666758647102,4.37418358320683,4.58229341294748,3.01899311370066,4.93836517875445
may1996,W15956,4.05,4.25772348550429,4.95,4.41956455921957,4.5377240062548,4.66024408150629,4.48789998056848,2.82249389016799,4.792042078013
may1996,W15957,4.36,1.74837668536735,4.95,4.769460304665,4.84597717452786,4.91457308712073,4.62938933537612,2.74536690392951,4.93452674149153
may1996,W15958,4.45,7.78140978376626,5.15,4.89150874965309,4.91863645404912,4.93365186412121,4.76924018676216,3.06331112538456,5.07896961822347
may1996,W15959,4.95,1.74837668536735,4.36,4.53625860804337,4.39516834818947,4.35706840085721,4.32504020659428,2.69840511565434,4.67463118637343
may1996,W15960,8.2,10.2976967642619,12.04,9.0065388770373,8.93111293555695,9.02307548826544,7.73551996136941,3.33948237763667,7.45752762232277
may1996,W15963,4.97,6.59770603774043,4.95,5.42115403441181,5.2943856420354,5.15838076993397,5.5417557977815,3.26105879324513,5.91642934675895
may1996,W15964,4.95,6.59770603774043,4.97,5.24375279246228,5.32740649294015,5.30436370664432,5.5163955901998,3.06282849375097,5.89273639188307
may1996,W15965,4.36,11.6697579410933,5.48,5.51658417073559,5.43833606180674,5.35762084227438,5.46081313664849,3.3217155030716,5.96644622651497
may1996,W15966,5.48,10.1800647873292,7.32,5.34448666677911,5.37684672281124,5.47289803586183,5.30558732900704,3.26506355475019,5.74247609954281
may1996,W15967,4.91,6.20624039005844,4.56,6.16511369337658,5.61696003271236,5.09459473892745,6.08121217496885,3.22361174417539,6.40481848669471
may1996,W15968,4.56,6.20624039005844,4.91,5.97279504930326,5.70366469185091,5.39294754550751,6.10646158883183,3.22101291924662,6.43023298844211
may1996,W15969,9.3,12.5677865468503,4.56,6.10392985764273,5.79475346497298,5.46642520458736,6.47078193126255,3.68450891646317,6.74135073948588
may1996,W15970,3.91,4.82344572996912,5.78,5.41039136782486,5.52627250513339,5.67515153646165,5.2626786917779,3.2303407589637,5.59579285404483
may1996,W15971,3.65,5.08285461062021,10.57,10.768448281451,9.92615038838252,9.95447054076597,9.35787797617017,3.16147843882722,9.23643916264432
may1996,W15972,9.34,6.45026035635785,4.98,9.24323762833432,7.47230001984917,6.41107638086612,7.4197061895192,3.26678326447632,7.66859519399186
may1996,W15973,5.88,12.0945691453866,3.65,12.709306198639,13.4606631720702,14.0250813803024,16.0461120216467,3.51468959897431,11.4608046861244
may1996,W15974,10.57,5.08285461062021,3.65,8.59708997926321,5.74361016727318,4.37190400138741,6.01284608274852,3.28525102718953,6.218031694374
may1996,W15977,4.41,26.8575592604385,4.71,7.13829834842476,7.07565413109403,6.97433184031262,7.65009457860085,4.12189339983792,8.25002774752009
may1996,W15978,35.92,12.5594494415079,18.02,9.80393081180363,10.6908734742511,11.5273244022401,10.4317628197062,3.63254123026447,9.74907860980148
may1996,W15979,4.48,11.431686422795,8.46,5.54361951855231,5.85095901122073,6.12959889385914,5.98966329840467,3.421706411933,6.18387779863414
may1996,W15980,3.98,5.64436133104898,8.46,5.55744195242376,6.60458375586653,7.54536202445124,6.10058367324863,3.19552540505551,6.09150151247075
may1996,W15981,5.34,16.3186846693573,3.89,4.65022653113542,4.58640992118605,4.51214748573409,4.55710205260514,3.63144004857552,4.92294627981495
may1996,W15982,6.5,11.3998236640433,3.52,4.56926879066603,4.39230220893275,4.16833257864825,4.38596968482444,3.5867880389751,4.8129045910815
may1996,W15983,11.69,7.12939727432219,6.2,7.92532511713382,7.88469788117648,7.67787540384385,8.08570988381929,3.15142063239334,8.37682844756151
may1996,W15984,6.2,7.12939727432219,11.69,11.0190406002844,11.2740177095712,11.5156177961341,11.375675506304,3.15263815688577,11.4858695867858
may1996,W15985,9.01,8.6153642364596,11.69,7.86185989105288,8.21621575209118,8.83586691157591,7.38888262296269,3.30823858380209,7.62074428364401
may1996,W15986,10.02,5.07728510454393,7.42,5.81525506864502,6.52896692959111,7.03840457109862,6.06706043948068,3.15191737314388,6.2537041471247
may1996,W15987,2.67,7.53288401719489,5.47,6.84869938631395,6.86157514470199,6.79231316179384,6.79854307409623,3.21848786366677,7.15207745472858
may1996,W15988,6.76,13.3399940397155,7.47,5.90168631433231,5.98775311864325,6.1574541267678,5.97615479485812,3.66662723838763,6.14034626822731
may1996,W15989,8.48,15.0462770691476,5.58,5.79610667945569,6.00809287178503,6.1404490175222,6.08094258930898,3.74012753891103,6.37979760666161
may1996,W15990,5.47,1.61208826255807,8.12,7.06181660551282,7.8283323164186,8.06010308041365,6.86224446881051,2.82538552310177,6.70099924877919
may1996,W15991,3.82,14.3179708322551,7.47,6.63727572434,6.54177420074291,6.50563494351625,6.36800500294054,3.78698822085304,6.79255875809883
may1996,W15992,3.8,1.21693926191145,4,4.70903746617016,4.07445631081581,4.005582936849,4.68523957324125,2.87112110765735,5.06448931098725
may1996,W15993,6.15,1.6552462158678,4.55,5.55134826670306,4.76547449563393,4.58402655727151,5.23310794948481,2.77678275358255,5.54831822057462
may1996,W15994,6.1,14.031672838537,4.78,4.95962970229445,5.02110645782241,5.07682046033455,4.79144975681556,3.47942646576009,5.27336350952705
may1996,W15995,10.19,3.95836484168168,9.68,7.01646529468832,8.10048363694081,8.92442385879019,7.79931216695459,2.9827660064113,7.60085943933388
may1996,W15996,4.55,1.6552462158678,6.15,6.10444358432526,6.06431296982698,6.11636933521621,5.91042724796763,2.78891736701595,6.17472660070276
may1996,W15997,5.35,5.93387307922483,6.03,6.65251334085325,6.65685761730858,6.65527976240755,6.92841207434979,3.03543047833673,6.798728483526
may1996,W15998,3.27,4.06240074179322,3.61,5.77086103030982,4.88929949848293,4.2790394016369,4.94396430355529,3.00254832185457,5.33323556438743
may1996,W15999,3.61,4.06240074179322,3.27,5.69432571385023,4.53332634719376,3.73785843716693,5.09366753659675,3.18364090982119,5.26366262400213
may1996,W16000,3.84,12.0874346849969,5.24,5.30084465632474,5.21809703794313,5.17277742475819,5.0543477378964,3.5889190158416,5.48674042648692
may1996,W16001,5.24,12.0874346849969,3.84,5.07608974745035,5.11782121496886,5.0175221259971,5.53946676100496,3.68274458091092,5.70457094941832
may1996,W16003,6.33,12.7528772499089,5,4.29712441895392,4.31768351784431,4.35852526817074,4.25774565512051,3.46153615029973,4.63308295148636
may1996,W16005,4.91,5.87957193249576,5.35,4.78217301226835,4.89645318682783,5.04544100371806,4.86355411236975,3.03873024260617,5.12265946376735
may1996,W16006,9.07,11.8697385262104,6.03,5.56177555978918,5.4839830979306,5.41348762268048,5.42966451503783,3.44589231982831,5.87708695904159
may1996,W16007,7.32,13.1969078222909,4.44,5.28222699758633,5.196131787965,5.10438254779335,4.57229449111954,3.62953215102716,5.02343342589438
may1996,W16009,6.23,5.96339394781614,2.69,4.08972019425379,3.75569495211862,3.3486467359958,3.77185471546269,3.17042975344482,4.07870036342022
may1996,W16010,2.69,5.96339394781614,6.23,4.61160854396769,4.84363300879003,5.07498102059833,4.46221867817857,3.11768851768987,4.60256448441332
may1996,W16012,5.03,9.66854461292139,8.34,6.89035216670452,7.34893724253444,7.6647039647347,7.68736597829545,3.24603157192915,7.850571586865
may1996,W16013,7.16,4.99584009718383,10.12,6.48477338155773,7.86424719326587,9.0244729987285,7.64495087221464,3.11178890162388,7.38049444958259
may1996,W16014,3,7.46718819093077,2.69,4.10897832952708,3.81180043339095,3.44127407718331,3.2960649869207,3.33802477427746,3.71239152674779
may1996,W16015,8.32,11.0525533325012,3.19,5.72378635857814,5.42452087814733,5.09153656339748,6.01187521262279,3.48465253781657,6.12384527066078
may1996,W16016,7.79,17.4368503670605,9.38,8.54829145115462,8.54988313267655,8.52419592766485,8.33122002660071,3.86973633042697,8.9896472971964
may1996,W16017,6.15,10.8255520290867,7.21,7.97521022202881,8.01733912779161,8.09962940058069,7.67211730262393,3.34323915218638,8.18918477589257
may1996,W16018,5.8,8.51807768028388,13.4,10.6500442237554,11.1029260788346,11.3834913253289,11.2213876848722,3.17749276920783,10.8882834315448
may1996,W16019,19.6,6.12210471448937,13.5,9.56348009508873,10.4860679713587,11.3964011814223,10.1561939472171,3.20840055421379,10.207395404477
may1996,W16020,7.87,9.37970862630712,5.83,8.02896755658317,7.38903110547595,6.7713943340307,7.49640226544225,3.55193316422643,8.0820785189775
may1996,W16021,5.83,9.37970862630712,7.87,8.45050157773345,8.21591191149952,8.01656357709286,8.19718196217691,3.29059144463717,8.8329742880801
may1996,W16022,5.2,6.65426678960584,4.35,5.95731786735939,5.36487943193091,4.88210418785454,5.20444079053025,3.00965105516003,5.50206623811643
may1996,W16023,6.25,5.73131510999655,6.5,6.04180140053984,5.96563095390774,5.96451577345015,5.71132153452282,2.91304710437432,6.2007241668058
may1996,W16024,4.75,4.22765000271991,5.07,8.04577243544595,7.63196618049035,7.08611332409635,7.83218651520719,2.86178222415263,8.10751377678813
may1996,W16025,11.7,5.56294198080718,10.75,7.68050227762555,8.18343811601681,8.63710397341193,8.50295749221363,2.95320354045332,8.26086093737657
may1996,W16029,5.1,7.15800317553164,5.2,6.50328404322877,6.27017954194335,6.04185094944075,6.14334649901902,3.03239168359883,6.68044197985253
may1996,W16030,10.87,4.90109258348748,9.9,8.48885980380841,9.51618641389768,10.2553356677779,9.86810434986179,2.91734048997598,9.26510228376933
may1996,W16031,9.9,4.90109258348748,10.87,7.89073035783695,8.57995512316786,9.24977723491567,8.43933223110233,2.93902625757396,8.05355094847741
may1996,W16032,2.95,6.90484253024533,5.05,7.78547745048249,7.3568344845809,6.9096357145681,6.70848492678288,3.1471267112896,7.02150391526061
may1996,W16033,10.95,9.43342578979621,5.7,7.09697801266357,7.10408471400307,7.10566420533925,7.18727499888099,3.16452805345259,7.21912344022464
may1996,W16034,5.4,8.88757178302378,6.5,6.27034362611728,6.49400827356056,6.68510898117002,6.77823559999805,3.0754919779302,6.81009603861385
may1996,W16035,5.15,7.90143421331637,5.91,7.13363195252804,6.76986981821187,6.42523630174803,6.60926726661835,3.10807166239705,6.92725004145835
may1996,W16036,6.7,5.8322837830376,10.53,8.79918062061152,8.99355802609384,9.30574802243619,9.00379870450411,3.09409166726767,8.98139630307899
may1996,W16037,5.07,4.22765000271991,4.75,7.2838415306574,6.62373534891554,5.89654149049656,6.62616189864248,2.95010499748088,7.28549930592497
may1996,W16038,6.87,3.58123693253909,7.13,7.58284981374593,7.36986422844984,7.21208618976215,7.19926364173893,2.84562938768842,7.5652994425151
may1996,W16039,6.17,5.55143529913485,5.17,7.66349028437422,7.08485908750367,6.63789684965303,6.91092211323726,2.92078747153025,7.40468055917931
may1996,W16040,5.47,7.89286056189921,13.58,7.88497695537456,8.15066091151619,8.43689936887133,8.37443449374635,3.07764472728173,7.76555679575695
may1996,W16041,5.07,4.54926955219626,3.75,6.3250342398109,5.76233289194997,5.12595805216152,5.84020941978003,2.93868845675506,6.02570614921323
may1996,W16042,3.75,4.54926955219626,5.07,7.34979010768222,6.87520038912173,6.46739254868029,6.94138688731247,2.88880577528366,7.19763713977304
may1996,W16043,8.63,6.30686599656996,3.75,7.4721211621716,7.33837770388059,7.02980929981077,7.69425359154271,2.9992539116949,7.44720020351799
may1996,W16044,13.58,7.89286056189921,5.47,6.62302993512188,6.36902368930776,6.07212203595318,6.31453288535525,3.10778344041242,6.34469415128172
may1996,W16045,4.95,6.97585604533936,3.7,6.12435590263642,5.77666110178788,5.26338526997302,5.89990451410089,3.19878641931065,6.21881560459643
may1996,W16046,5.22,7.23211981007484,6.08,5.0396548623119,4.77806461307034,4.56780680276437,4.5638387386196,3.04422973540659,4.43975410083056
may1996,W16047,2.75,3.40935992180378,1.85,4.46783944788583,3.34499554067037,2.49425785141493,3.65156183938143,2.88978662538923,3.76779589321597
may1996,W16048,5.55,5.86810448067915,6.13,6.6939628376568,6.8290642244909,6.83568339328271,7.07776394011143,3.02829262416706,7.04381226798996
may1996,W16049,1.71,10.2913518494774,7.08,6.73593912242687,6.63553970098738,6.57800552938913,6.68092342928354,3.16850845990965,6.9126590284877
may1996,W16050,6.11,4.95546626108229,5.05,6.02320993507496,6.12033797975138,6.17802751529773,6.32373028744679,2.96197923991112,6.27300224438178
may1996,W16052,6.88,1.74249465873745,5.15,4.96117673772953,5.02035620742702,5.09157071618087,4.80190912677884,2.63704541909732,5.0273110659144
may1996,W16053,4,7.40906618852263,5.15,5.08916569429316,5.12429186430546,5.15628828257819,4.98251995184123,3.11860803232096,5.24205045690303
may1996,W16054,2.7,4.56421457747253,6.08,5.04469610263125,5.33729063941588,5.65065917427116,5.31174367499965,3.0010324137884,5.46099094416995
may1996,W16055,6.78,3.67726571013287,6.27,5.36502857826536,5.75197259448235,6.05054687526839,5.69391083448775,2.94086941939121,5.90893769887832
may1996,W16056,5.05,4.95546626108229,6.11,5.67266362387658,5.36638768328135,5.19587562501315,5.07357152986164,2.94740832682227,5.15908805559444
may1996,W16057,2.4,5.86586117090452,5.15,4.4967345115128,4.35646790550879,4.31105647327188,4.40807432572241,3.01639439172816,4.61767452372985
may1996,W16058,4.32,1.38698279127663,5.2,5.58838709215295,5.3563344634134,5.2648552588037,5.66503178144261,2.69778662399756,5.60512284988461
may1996,W16059,8.05,9.12160731887239,3.7,7.03005759517868,6.37484518412929,5.90506393571666,6.49726185030539,3.16002720657671,6.36259540691864
may1996,W16061,3.1,3.92662955353124,3.19,8.50552303970458,7.62201331258155,6.55144499990833,8.40005374407732,2.86431833740198,7.25272431015184
may1996,W16062,6.64,5.18430631328376,3.1,5.97235411681437,6.28075852355622,6.23067479986486,7.29206824076956,3.01513532265758,6.17151166802535
may1996,W16063,8.1,6.48205835700229,15.43,9.23565226340641,10.3524468228806,11.663853017717,10.9210514543321,3.1161818109485,9.04001512942745
may1996,W16064,3.19,3.86261898018869,2.97,8.23310656243516,7.30304344458399,6.47308658768382,7.6233411078415,2.76340758306013,6.66625466478656
may1996,W16065,13.93,6.50810485681993,3.1,6.51328140327081,5.89803378584479,5.28766872362296,6.09582250087158,3.03620762388479,5.57841300517943
may1996,W16066,5.2,6.95367916739288,13.93,6.57183521299342,6.94477578332309,7.45820898878044,6.66016833316641,3.01483481290727,5.85299251248674
may1996,W16067,2.1,6.32657359506444,5.05,6.30294825521616,6.30765542250246,6.25451574746584,6.05178696186364,3.05337671923023,6.41279983327865
may1996,W16068,9.03,2.55540903918482,7.46,6.41223128634999,6.89073275542886,7.25251151498753,6.29059395807242,2.86491454013121,6.15552331875791
may1996,W16069,2.26,5.27153904885918,6.27,9.0940995308937,8.44242546668009,8.00929518955052,8.22456516806825,2.91432359604706,8.51229918847906
may1996,W16070,7.48,8.39959620789006,8.4,9.60252012652901,10.0776553213339,10.3127782277859,10.7526190669905,3.19197849198138,10.7404557873515
may1996,W16072,8.11,3.62142848537786,6.28,7.22767395316727,6.88123675498751,6.59868942147665,7.18852106134112,2.91808866568603,7.33183022772544
may1996,W16073,4.21,9.24882622981088,12.1,7.47343984880971,7.61617242746017,7.89351118114172,7.2481191549831,3.24956648337127,7.29205142563886
may1996,W16074,12.1,9.24882622981088,4.21,7.45192298513206,7.08549328306601,6.67009817641683,6.99154248020339,3.25990642505581,7.35654471056254
may1996,W16075,7.59,6.32813119946043,3.76,7.68788436466297,6.98808674039494,6.55187254117818,6.65759787458856,3.01505774526471,6.85640417316511
may1996,W16076,4.56,9.41739670186297,11.52,9.10723561447791,9.7005802709392,10.1939146230201,10.5743722359099,3.1690749889768,10.2981846859747
may1996,W16077,15.25,9.5223294211529,13.42,9.93017075090082,10.2615730333061,10.7716302536611,10.3020154298213,3.37478505302377,10.5450663034422
